Programming Language,Questionnaires,Difficulty,Average Difficulty
Prolog,What is the simple way to find the max length of a list in prolog?,0.3497,0.2733
Prolog,"Prolog predicate - Same functionality, different results",0.3248,0.2733
Prolog,"How to ""return"" two values in prolog",0.1741,0.2733
Prolog,Return the list of users in prolog,0.167,0.2733
Prolog,How to tell prolog if the function returns false then skip it?(15 puzzle game),0.4088,0.2733
Prolog,Difference between variables used to count items in a prolog list,0.3408,0.2733
Prolog,Prolog check if list X has any duplicates,0.2078,0.2733
Prolog,How to make a Battleships game using Prolog?,0.2241,0.2733
Prolog,Directional graph in prolog,0.1562,0.2733
Prolog,how to search a prolog knowledge base using pyswip,0.2594,0.2733
Prolog,Safe sorting of terms,0.1011,0.2733
Prolog,Entity-Relation data model in Prolog,0.19,0.2733
Prolog,A prolog predicate to split a list into sperate lists ever n elements,0.3618,0.2733
Prolog,Merge two predicates in one - Prolog,0.1825,0.2733
Prolog,Prolog String-Intensive Algorithm Crashes,0.2477,0.2733
Prolog,Prolog predicate without using lists,0.2075,0.2733
Prolog,Inclusion function in prolog for multisets,0.2338,0.2733
Prolog,Age comparsion for Zebra Riddle,0.1672,0.2733
Prolog,Sum within list prolog,0.1103,0.2733
Prolog,How count Dijkstra guards sort executions in Prolog,0.2714,0.2733
Prolog,How to list more than 1 output on prolog query?,0.2374,0.2733
Prolog,Simulating occurs_check=error in SICStus Prolog,0.2703,0.2733
Prolog,"Facts VIEW, like a SQL VIEW?",0.1241,0.2733
Prolog,Sorting a list in prolog based on 2 keys,0.1989,0.2733
Prolog,Bracket Abstraction in Prolog,0.1746,0.2733
Prolog,writing a Prolog isSquare function,0.1914,0.2733
Prolog,"Extending unification, SICStus-style",0.2332,0.2733
Prolog,Prolog unification broken when argument order is changed,0.3032,0.2733
Prolog,Split a list on an index in Prolog,0.1632,0.2733
Prolog,Prolog beginner ERROR: Out of local stack,0.2111,0.2733
Prolog,SWI-Prolog Editor accepts invalid encoding,0.2338,0.2733
Prolog,Prolog - load 2D array from text file into program,0.2544,0.2733
Prolog,Prolog: Storing result of an operation,0.2009,0.2733
Prolog,"Is it possible to write an inconsistent Prolog program using only pure Prolog, cut and `false`?",0.4933,0.2733
Prolog,Prolog as first programming language [closed],0.2482,0.2733
Prolog,How to use if then else condition in DOSBOX TurboProlog,0.286,0.2733
Prolog,how can i optimize my regular rectangle checker in prolog?,0.3012,0.2733
Prolog,format output in Prolog,0.1195,0.2733
Prolog,Prolog Printing a Tree,0.1103,0.2733
Prolog,Use assertz while within a clause within swi-prolog,0.2655,0.2733
Prolog,How to use DCG in Prolog,0.1024,0.2733
Prolog,Does SWI-Prolog's `foreach/2` involve `freeze/2`?,0.2409,0.2733
Prolog,Concating 2 lists with third list containing every different order of the elements of the 2 lists,0.5111,0.2733
Prolog,SOOOOO NEWB... Prolog Syntax Error: operator expected,0.2827,0.2733
Prolog,Prolog: Find Minimum again and again until the list is empty,0.3108,0.2733
Prolog,Arguments are not sufficiently instantiated unable to load program,0.3562,0.2733
Prolog,XSB Runtime errors - MulVal,0.1449,0.2733
Prolog,unexpected end_of_file when using read/1,0.2192,0.2733
Prolog,How does the length of list predicate work,0.2142,0.2733
Prolog,Get all the elements of a type Prolog,0.1823,0.2733
Prolog,Function to Reply a specific index value,0.2076,0.2733
Prolog,How to check if a number is even?,0.1541,0.2733
Prolog,"Is there a predicate that replaces every anonymous variable, by the number 1? On a list of only zeros and ones and anonymous variables",0.7097,0.2733
Prolog,No 'Access-Control- Allow-Origin' header is present on the requested resource. How to properly serve CORS requests in SWI-Prolog / ClioPatria?,0.7318,0.2733
Prolog,Why do some DCG test cases use assertion( Rest == [])?,0.2611,0.2733
Prolog,"How to use the ""-"" constructor in Prolog?",0.1982,0.2733
Prolog,Counting elements in list ignoring adjacent duplicates,0.3023,0.2733
Prolog,Equivalence of disjunction operator and definition with several rules,0.3744,0.2733
Prolog,Is it possible to preserve variable names when writing and reading term programatically?,0.4604,0.2733
Prolog,What is meant by the following two lines?,0.205,0.2733
Prolog,Prolog: put recursive predicates into Variable,0.2593,0.2733
Prolog,Abduction of Prolog clauses,0.1562,0.2733
Prolog,Prolog - 'unknown clause' error message when asking for user input when using PIE (Prolog Interface Engine),0.5499,0.2733
Prolog,How to save even numbers in Prolog?,0.1705,0.2733
Prolog,Prolog search key/value list and output a list of values,0.2905,0.2733
Prolog,How to get rid of Singleton variables errors?,0.2304,0.2733
Prolog,is there any better way to adjust gerrit insert code size base on rule and exclude file path?,0.4938,0.2733
Prolog,How to remove consecutive duplicate atoms in a list,0.2655,0.2733
Prolog,Iteration over relations using a database,0.2265,0.2733
Prolog,Generating a PowerSet and Returning It As A List,0.2473,0.2733
Prolog,PROLOG - check if file exists,0.1421,0.2733
Prolog,Getting the first/second element of a tuple in Prolog,0.2744,0.2733
Prolog,permutation/2 returns no permutation,0.2075,0.2733
Prolog,Find shortest path between two vertices in undirected graph,0.3139,0.2733
Prolog,How to use predicate value inside another predicate,0.2714,0.2733
Prolog,Append always returning false statement,0.2316,0.2733
Prolog,"Prolog character string list product, can't figure out recursion",0.336,0.2733
Prolog,"Prolog gives fail during searching for solution, when there is one",0.3444,0.2733
Prolog,Add following numbers to difference list in Prolog,0.2651,0.2733
Prolog,Concat atoms in prolog and exclude quotation marks in the answer,0.3352,0.2733
Prolog,Prolog - creating a new list of the elements from an original list after doubling each value?,0.4848,0.2733
Prolog,Automated query testing against a knowledge base in Prolog,0.3078,0.2733
Prolog,Prolog - Merging 2 lists gives me a list of lists instead of a single list,0.3886,0.2733
Prolog,prolog list insert at any position,0.1754,0.2733
Prolog,Prolog intersection list of lists,0.1833,0.2733
Prolog,Creating a mutually exclusive or in prolog,0.2211,0.2733
Prolog,Prolog With Lists,0.0879,0.2733
Prolog,Prolog - sum of list members,0.134,0.2733
Prolog,Delete 2nd and 3rd occurrence of an element,0.2205,0.2733
Prolog,Choice points and Redo's in Prolog,0.167,0.2733
Prolog,How can I write a rule that finds a number using integer/1?,0.3073,0.2733
Prolog,"Write a function accepting wrapped constants, but only one level deep",0.3612,0.2733
Prolog,Set size and position of gui elements,0.1873,0.2733
Prolog,Prolog - Working with a list of lists and an element inside one of the sublists,0.4138,0.2733
Prolog,Predicate about a list of lists,0.1535,0.2733
Prolog,how to show a rule in prolog by passing a list with more items,0.3274,0.2733
Prolog,Prolog - Adding elements from a list to another list without duplicates,0.3703,0.2733
Prolog,Prolog: How to create all possible permutations with repetition give a list of objects,0.4496,0.2733
Prolog,Prolog - ERROR: Out of local stack in linux,0.2121,0.2733
Prolog,prolog - DCG transformation,0.1834,0.2733
Prolog,How to express the allDifferent/6 predicate?,0.2314,0.2733
Prolog,Understand a simple recursion in prolog,0.2119,0.2733
Prolog,Creating a web based expert system using Prolog [closed],0.2907,0.2733
Prolog,Prolog (Sicstus) - nonmember and setof issues,0.2407,0.2733
Prolog,truthtable split in prolog,0.147,0.2733
Prolog,Write a set of prolog rules that returns a list which contains the larger item in each position in two lists of the same length?,0.6892,0.2733
Prolog,Prolog counting sort,0.121,0.2733
Prolog,Comparing a variable and a predicate in Prolog,0.2396,0.2733
Prolog,how to convert -> into clauses in prolog,0.1979,0.2733
Prolog,Define the predicate Prolog,0.1562,0.2733
Prolog,How to add CSS (w/ query results) into dynamic reply_html_page in Prolog?,0.3758,0.2733
Prolog,Filtering and modifiying a list in Prolog,0.2143,0.2733
Prolog,"Prolog, error with exclusive OR",0.1627,0.2733
Prolog,"Prolog - List manipulation, if--then--else, recursion",0.2762,0.2733
Prolog,Prolog: How to calculate depth of tree with an arbitrary amount of subtrees?,0.3953,0.2733
Prolog,Prolog undefined procedure when run in file,0.2279,0.2733
Prolog,"How to choose between bagof, setof and findall in Prolog",0.2896,0.2733
Prolog,Prolog - How to check if a list contains a certain item,0.2808,0.2733
Prolog,How write a rule to exit program in prolog?,0.2146,0.2733
Prolog,Prolog read_file_to_string/3,0.2095,0.2733
Prolog,Performance of the built-in Prolog predicate (is)/2,0.2605,0.2733
Prolog,Creating a set from a list in Prolog,0.176,0.2733
Prolog,"Make prolog ignore alternatives, but still backtrack",0.2855,0.2733
Prolog,How to make an operation to every element of a list,0.2625,0.2733
Prolog,Prolog and an Inference engine,0.1592,0.2733
Prolog,Select list out of a list?,0.1133,0.2733
Prolog,Prolog for a DNA sequence project,0.1681,0.2733
Prolog,Command for calling swi-prolog from php,0.2008,0.2733
Prolog,Prolog - Generate Unique Symbol,0.1817,0.2733
Prolog,Can anyone explain why im getting this out put for my prolog Query,0.346,0.2733
Prolog,Splitting list based on conditional atoms in prolog,0.2714,0.2733
Prolog,How to append numbers in a specific range to a list in prolog,0.3196,0.2733
Prolog,Prolog - family tree,0.106,0.2733
Prolog,Breadth First Search in Prolog,0.1592,0.2733
Prolog,Prolog: Many families written with lists. Questions answers only for last family writen,0.4534,0.2733
Prolog,"Prolog Compilation Error ""Undefined reference to predicate""",0.3297,0.2733
Prolog,Prolog find all positions in a list of the minimum element,0.3017,0.2733
Prolog,SWI Prolog usage of agregation,0.1592,0.2733
Prolog,Get longest list as goal in prolog,0.167,0.2733
Prolog,What is the difference between the keyword is and = in prolog?,0.3179,0.2733
Prolog,How to list all predicates that has an specific atom?,0.2722,0.2733
Prolog,Prolog: working with lists,0.1414,0.2733
Prolog,Numbers in a list smaller than a given number,0.2292,0.2733
Prolog,Adapting csv reading for multiple tables,0.2192,0.2733
Prolog,Reducing Complex DCGs Prolog,0.1654,0.2733
Prolog,What does `\+` signify as an operator in prolog?,0.2354,0.2733
Prolog,How to calculate factorial using prolog,0.2119,0.2733
Prolog,Scheduling tasks with shared resources using logic programming,0.3414,0.2733
Prolog,Prolog predicate with two lists,0.1672,0.2733
Prolog,How to compile picoProlog from source code?,0.2247,0.2733
Prolog,Prolog list unification,0.1542,0.2733
Prolog,Please explain this Turing Machine simulator written in Prolog,0.332,0.2733
Prolog,Generate a sublist in prolog given first element and length,0.3092,0.2733
Prolog,Remove duplicates and the original from a list [duplicate],0.3028,0.2733
Prolog,Implementing user-defined arithmetic functions,0.288,0.2733
Prolog,Recursion through a list in Prolog,0.1754,0.2733
Prolog,how to get the first name of all childs who are born before 1999 in prolog,0.3949,0.2733
Prolog,Sort a list by the second atom in functor,0.205,0.2733
Prolog,"Asymmetric binary relations, my code is not working good",0.2932,0.2733
Prolog,SWI-Prolog conditional inclusion in html//1,0.2247,0.2733
Prolog,Variable occurrence in a list of variables,0.2211,0.2733
Prolog,DCG for file output,0.0828,0.2733
Prolog,Prolog graph path search with cyclic path,0.2143,0.2733
Prolog,Splitting a single list into three in order using Prolog,0.2918,0.2733
Prolog,Prolog defining a male,0.1103,0.2733
Prolog,prolog variable not exist,0.1378,0.2733
Prolog,Why does my replace/2 program always return false?,0.2569,0.2733
Prolog,Prolog flatten accumulator vs hole,0.1914,0.2733
Prolog,"How do I find all solutions to a ""Generate and Test"" task in Prolog?",0.3535,0.2733
Prolog,How to run SWI-Prolog from the command line?,0.2206,0.2733
Prolog,Is it possible to implement some semantic like this in Prolog?,0.322,0.2733
Prolog,Prolog Mutual recursion,0.1542,0.2733
Prolog,Prolog - Summing numbers,0.1502,0.2733
Prolog,Check if two lists are different in prolog,0.2142,0.2733
Prolog,Comparing list element structures to each other in Prolog,0.3018,0.2733
Prolog,Returning a list of primes in Prolog,0.1805,0.2733
Prolog,How can I read in a filename in Prolog?,0.1904,0.2733
Prolog,The result of Sum is floor(Col + Row + 1) is never an integer and I don't know why,0.4412,0.2733
Prolog,Converting to unambiguous grammar from ambiguous grammar,0.3158,0.2733
Prolog,nth degree representing in prolog,0.1833,0.2733
Prolog,Where should I start learning jekejeke for prolog,0.2587,0.2733
Prolog,Prolog recursivly build list based on dot product,0.2587,0.2733
Prolog,Unifying a number to a list in Prolog,0.1823,0.2733
Prolog,"Prolog, testing labeling heuristics",0.224,0.2733
Prolog,Learning Prolog: solving a crossword scheme,0.2374,0.2733
Prolog,Working with findall and append,0.1672,0.2733
Prolog,Atoms and Integers in List in prolog,0.1805,0.2733
Prolog,Make some specific rules (if-then-else like) in Prolog Programming,0.3423,0.2733
Prolog,Prolog count list elements higher than n,0.2076,0.2733
Prolog,How do I define a binary operation on a set of numbers in prolog?,0.3413,0.2733
Prolog,Writing a factorial-like function (Prolog),0.2263,0.2733
Prolog,Finding the max in a list - Prolog,0.1605,0.2733
Prolog,Prolog why my function always evaluates to true,0.246,0.2733
Prolog,How to override a user predicate with a module,0.2352,0.2733
Prolog,"Prolog files: What does ""run ""swipl -f main.pl"""" mean?",0.2644,0.2733
Prolog,Parenthesis in j-prolog editor,0.1592,0.2733
Prolog,"Prolog/tuprolog, a single line that returns 'The enitire [sic] string could not be read as one term'",0.5223,0.2733
Prolog,"How to turn Prolog into preprocessor (kinda m4, gpp)?",0.2676,0.2733
Prolog,Prolog - findall function,0.1613,0.2733
Prolog,Prolog recursive predicate overwriting return values,0.3069,0.2733
Prolog,Finding query for which a prolog program gives incorrect result,0.3324,0.2733
Prolog,"Prolog: Create sublist, given two indices",0.219,0.2733
Prolog,Prolog fetch element in a sublist,0.1681,0.2733
Prolog,Finding root of file and read in Prolog,0.1951,0.2733
Prolog,Binary search tree: min element,0.1627,0.2733
Prolog,Save asserted facts in Prolog,0.1511,0.2733
Prolog,"constraint programming, repetition of number in a list, prolog",0.327,0.2733
Prolog,delay execution in prolog?,0.1414,0.2733
Prolog,Evaluation issue using accumulators in Prolog to evaluate a polynomial,0.373,0.2733
Prolog,How to generate a list of activable tasks in Prolog?,0.2664,0.2733
Prolog,Prolog search by same field in list,0.1738,0.2733
Prolog,Recursion and lists in Prolog,0.1511,0.2733
Prolog,Prolog - get X possible cards from a deck,0.2022,0.2733
Prolog,Infinite list of terminals – Prolog grammar rules,0.262,0.2733
Prolog,SWI-Prolog Emacs,0.0768,0.2733
Prolog,Getting an order into predicate resolution,0.2338,0.2733
Prolog,prolog convert numbers into roman numerals,0.2338,0.2733
Prolog,Test to see if all elements of list/variable are true,0.2737,0.2733
Prolog,Prolog query infinite search,0.1654,0.2733
Prolog,How to get variable in Prolog?,0.1425,0.2733
Prolog,Prolog four of a kind poker,0.1243,0.2733
Prolog,How similar are Relational Database Languages and Logic Programming?,0.3658,0.2733
Prolog,Find the shortest path between two nodes in a graph in Prolog,0.3182,0.2733
Prolog,State propagation during bactracking in Prolog,0.263,0.2733
Prolog,Prolog construction of a list using =../2,0.2015,0.2733
Prolog,setof/3 and NAF,0.046,0.2733
Prolog,three dependeant parameters in prolog,0.2155,0.2733
Prolog,"fit movies on dvd, working but style/code questions",0.263,0.2733
Prolog,Prolog: Matching One or More Anonymous Variables,0.2585,0.2733
Prolog,Prolog Basic Recursive Division,0.1929,0.2733
Prolog,How to access list permutations in prolog?,0.2179,0.2733
Prolog,Lazy lists in Prolog?,0.0955,0.2733
Prolog,adding elements in prolog,0.1378,0.2733
Prolog,Could you recommend a NLP toolkit in Prolog?,0.2241,0.2733
Prolog,PROLOG: Check if first list contains 3 times less of each element than second list,0.4305,0.2733
Prolog,hangman in prolog,0.0879,0.2733
Prolog,Prolog Insert list as element into another List,0.246,0.2733
Prolog,Discontiguous predicate warning from GNU Prolog,0.2703,0.2733
Prolog,Filtering elements from a list based on conditions in prolog,0.315,0.2733
Prolog,Is this code generated by expanding a Prolog DCG tail-recursive?,0.3332,0.2733
Prolog,Input stream - closing,0.1281,0.2733
Prolog,Set parameters dynamically in Prolog,0.2075,0.2733
Prolog,moving through a list,0.1011,0.2733
Prolog,prolog: subsets of length k,0.1305,0.2733
Prolog,Lists within lists in prolog,0.143,0.2733
Prolog,sign propagation algorithm in prolog,0.2075,0.2733
Prolog,prolog problem; displaying same rank universities,0.2812,0.2733
Prolog,who knows algorithm about stones and backpack?,0.245,0.2733
Prolog,prolog Existance error: procedure does not exist,0.2585,0.2733
Prolog,Matching Multiple Lists,0.1542,0.2733
Prolog,Programming deontic logic,0.1763,0.2733
Prolog,"What is more interesting or powerful: Curry, Mercury or Lambda-Prolog?",0.3627,0.2733
Prolog,How to find differences in lists in prolog and determine if the lists are the same (same elements but doesnt have to have the same order),0.734,0.2733
Prolog,What AI topic should i pick for my class project?,0.249,0.2733
Prolog,Complexity in Prolog programs?,0.1781,0.2733
Prolog,Prolog =:= operator,0.1297,0.2733
Prolog,Need help programming a list in Prolog,0.194,0.2733
Prolog,What is the simple way to find the max length of a list in prolog?,0.3497,0.2733
Prolog,Prolog combining predicates to d a search,0.2143,0.2733
Prolog,how do i flatten a complicate list in prolog?,0.2267,0.2733
Prolog,Writing a math function in Prolog,0.1681,0.2733
Prolog,Prolog Problem. I need help to solve this issue,0.2388,0.2733
Prolog,How do i get all combination in prolog?,0.1922,0.2733
Prolog,What minimal change to my code would make it preserve logical purity?,0.3597,0.2733
Prolog,I need to replace findall function with recursion in prolog [closed],0.3535,0.2733
Prolog,how can i retreive information from nested list prolog,0.2836,0.2733
Prolog,Get list of students who have taken a specific course,0.2744,0.2733
Prolog,How to search for a member in a 2-3 tree,0.201,0.2733
Prolog,"Prolog: How many prime numbers are in input list in range <2,20>",0.3302,0.2733
Prolog,Prolog Wumpus World Finding a path in an unknown X by X world,0.3196,0.2733
Prolog,Prolog list is odd | even,0.1099,0.2733
Prolog,Variable undeclared,0.1747,0.2733
Prolog,How to get all elements in a nested list where the first element of each list is a particular number?,0.5402,0.2733
Prolog,Count each element occurence in list in prolog?,0.2431,0.2733
Prolog,how do i delete char type in list in prolog?,0.22,0.2733
Prolog,Prolog User input data,0.1103,0.2733
Prolog,Zebra problem with modifications in prolog,0.2338,0.2733
Prolog,How can i filter a list by 2 conditions?,0.1964,0.2733
Prolog,Returning multiple values from a Prolog list,0.2346,0.2733
Prolog,Find smallest list under conditions,0.1994,0.2733
Prolog,How do i remove reverse dulpicate list from a list in prolog?,0.3163,0.2733
Prolog,knowledgment unification in prolog,0.2205,0.2733
Prolog,Removing duplicates in lists within a list,0.2211,0.2733
Prolog,Prolog problems {lists},0.1392,0.2733
Prolog,How to compare two lists in Prolog?,0.1705,0.2733
Prolog,Removing duplicates from list and returning modified list prolog,0.3441,0.2733
Prolog,how do i sum any elements in the list of lists and equal to 5 in prolog?,0.388,0.2733
Prolog,Creating a predicate that confirms if each element in a set of list are unique [closed],0.4565,0.2733
Prolog,Syntax error: Operator expected in Prolog [closed],0.2656,0.2733
Prolog,Prolog: Cast term into string?,0.1501,0.2733
Prolog,How can I return a list of numbers from a given list that mod 0 a target number?,0.4314,0.2733
Prolog,Prolog Sorting a List with each position having two elements,0.315,0.2733
Prolog,How can I find all the valid divisors (AKA A%B == 0) of a number?,0.3371,0.2733
Prolog,describe a predicate for consultation with this base to get exactly the same list,0.4254,0.2733
Prolog,RecallNumber in Aleph mode declarations,0.2316,0.2733
Prolog,How can I create a list of factors of a number?,0.2381,0.2733
Prolog,How can I generate a list of numbers in between two parameters?,0.3272,0.2733
Prolog,"Turn List into number, increment the number, and then turn the number into a list",0.4239,0.2733
Prolog,prolog store a list in a variable,0.1602,0.2733
Prolog,Prolog - Check if second list has all even numbers from the first list,0.3636,0.2733
Prolog,pick up even numbers from a list,0.1535,0.2733
Prolog,Prolog divisors,0.1155,0.2733
Prolog,Getting longest subsequence of even numbers in a list with Prolog,0.3408,0.2733
Prolog,Access to a number and a vector of an String in Prolog,0.2802,0.2733
Prolog,Longest sequence of even numbers in a list with prolog,0.2802,0.2733
Prolog,prolog how does a built in predicate get an existence_error?,0.3128,0.2733
Prolog,"Prolog, predicate returns the correct result, but also false?",0.3185,0.2733
Prolog,Implementing Reg. expression in prolog,0.2191,0.2733
Prolog,Prolog. How to return a list of integers between a range,0.2884,0.2733
Prolog,Insert zeros in a list on Prolog,0.1535,0.2733
Prolog,"listsum(L, S) succeeds iff L is a list of consecutive integers which must start at 1 and S is the sum of that list",0.6261,0.2733
Prolog,Delete from a list the non-duplicated items,0.2205,0.2733
Prolog,"(gnu) Prolog statement with ""or"" simple example",0.2421,0.2733
Prolog,"Even and odd elements from list and count elements up to specific index in list, but shows error",0.5082,0.2733
Prolog,Prolog is giving random numbers instead of string in read write command,0.3725,0.2733
Prolog,How i can connect Prolog and PyQT5,0.167,0.2733
Prolog,getting too many arguments error in prolog,0.2211,0.2733
Prolog,how do I solve an error in asking question in prolog?,0.2716,0.2733
Prolog,Incorrect output when trying to query in a depth first search implementation for prolog,0.4563,0.2733
Prolog,Incrementing datetime by second,0.1929,0.2733
Prolog,Unfulfillable distribution with prioritization,0.3306,0.2733
Prolog,Reverse Logic programme,0.1542,0.2733
Prolog,Evaluate rules in prolog,0.1287,0.2733
Prolog,Compare two solution in a prolog call,0.1873,0.2733
Prolog,Prolog predicate (division) that calculate the expression,0.3162,0.2733
Prolog,LCM of list PROLOG,0.0736,0.2733
Prolog,prolog empty list error when reversing a list,0.2332,0.2733
Prolog,tau prolog existence_error on tutorial example,0.263,0.2733
Prolog,How does unification algorithm actually work?,0.252,0.2733
Prolog,What does _ (Underscore) mean in this context in Prolog Amzi,0.3088,0.2733
Prolog,"In SWI Prolog, how can I prevent the interpreter from entering interactive mode during an error?",0.5011,0.2733
Prolog,Why does SWI-Prolog fail when mentioning a predicate without any facts in a rule?,0.4254,0.2733
Prolog,Find set of solutions and terminate in SWI-Prolog?,0.2569,0.2733
Prolog,"How to translate ""one of the ends"" of a list in Prolog?",0.28,0.2733
Prolog,"Prolog factorial recursion, How does it work?",0.235,0.2733
Prolog,How to add a time limit to find object in prolog game?,0.2784,0.2733
Prolog,Reverse List without duplicates ( convert it into Set ) -> Prolog,0.3327,0.2733
Prolog,Swiplserver: solving time problem wih much queries on multiprocessing application,0.4345,0.2733
Prolog,how to fix : ERROR: Unknown procedure: get_brother/0 (DWIM could not correct goal),0.4201,0.2733
Prolog,my function in prolog doesn't give the expected output,0.2802,0.2733
Prolog,Check two consecutives parameters in prolog,0.2411,0.2733
Prolog,"Argument is not instantiated, need it to start at zero but also be able to change it",0.4464,0.2733
Prolog,Prolog: Trying to determine if a person is a citizen of a certain country,0.3825,0.2733
Prolog,How to have a fact have multiple values in prolog?,0.2548,0.2733
Prolog,How to check place value of each digit in prolog?,0.249,0.2733
Prolog,How to Escape Double Quotes on Prolog Web Server,0.2473,0.2733
Prolog,Filter tuple facts to new list,0.1462,0.2733
Prolog,Send list from Python to Prolog PySwip,0.194,0.2733
Prolog,I need some ideea with a program in prolog with list,0.2681,0.2733
Prolog,How to add temporal variables to first-order logic formulas?,0.3128,0.2733
Prolog,Is it possible to write a prolog interpreter that avoids infinite recursion?,0.3977,0.2733
Prolog,SWI-Prolog reading a file for single digit numbers and adding them together,0.3935,0.2733
Prolog,Prolog unify List variables,0.1562,0.2733
Prolog,Divide list into sublists with specific sizes,0.2414,0.2733
Prolog,Define predicate from following the rules Prolog,0.2617,0.2733
Prolog,Delete items that occur an odd number of times in a list,0.2911,0.2733
Prolog,Performance Shortest path in GNU PROLOG,0.2119,0.2733
Prolog,What's the default SWI-Prolog font?,0.1705,0.2733
Prolog,How to query to sum facts in prolog?,0.1732,0.2733
Prolog,How to solve this puzzle using prolog?,0.1908,0.2733
Prolog,How to solve this puzzle with swiprolog?,0.2044,0.2733
Prolog,Package installation from git in SWI prolog,0.2279,0.2733
Prolog,How can I define Prolog rule to achieve bidirectional query?,0.3128,0.2733
Prolog,How to write a Prolog solver to solve this logic problem?,0.294,0.2733
Prolog,sing recursion method and returning a list in Prolog,0.2715,0.2733
Prolog,I am getting an error in prolog in vs code please check,0.2857,0.2733
Prolog,prolog query question in water and river decision by input a point with a shortest way,0.4543,0.2733
Prolog,Understanding Prolog exercise (removes all duplicates from a list),0.3512,0.2733
Prolog,Forward chaining in prolog with rules about lists,0.2587,0.2733
Prolog,SWI-Prolog stand alone executable,0.1833,0.2733
Prolog,Loading tau-prolog.js-packages in runtime?,0.2179,0.2733
Prolog,shortest path in GNU PROLOG,0.135,0.2733
Prolog,Print Answer using Facts,0.1287,0.2733
Prolog,Implement countall in prolog,0.1654,0.2733
Prolog,"error E;Test_Goal, pos: 910, 505 TypeError: Invalid variable type for this position in prolog",0.4815,0.2733
Prolog,Depth First Search in Prolog,0.143,0.2733
Prolog,"Tabling in Prolog, when are values stored?",0.2147,0.2733
Prolog,"Forward chaining in Prolog, problem with multiple rules",0.2941,0.2733
Prolog,One common hobby between two persons in Prolog,0.2396,0.2733
Prolog,"How can I apply Menu functionalities to buttons in WIN-PROLOG,",0.322,0.2733
Prolog,SWI Prolog - Combining elements from two lists into pairs,0.2968,0.2733
Prolog,Can the unification algorithm in Prolog recurse infinitely?,0.3195,0.2733
Prolog,Is my Prolog Code with the following Diagram and Truth Table correct?,0.3597,0.2733
Prolog,Python: convert dictionary from swiplserver,0.2593,0.2733
Prolog,How can I implement the below problem in prolog?,0.2448,0.2733
Prolog,SWIPL PROLOG as JSON Query,0.1269,0.2733
Prolog,Prolog list exercise,0.121,0.2733
Prolog,Find the exit to the labyrinth,0.1462,0.2733
Prolog,spilt list into to positive and negative lists in visual prolog,0.3296,0.2733
Prolog,Why is my prolog program stucked in endless recursion,0.2776,0.2733
Prolog,Convert FOPL expression to prolog,0.1833,0.2733
Prolog,How to determine if two propositional formulas are equivalent in Prolog?,0.3779,0.2733
Prolog,"DCG chain from facts, including ""not seen before"" condition",0.3064,0.2733
Prolog,Why is the variable NewBoard not being assigned?,0.2495,0.2733
Prolog,Prolog: if it isn't true continue to execute the program,0.2884,0.2733
Prolog,How does the predicate i/4 function in Prolog,0.2292,0.2733
Prolog,How to add an element to a list in prolog,0.2048,0.2733
Prolog,Why is my function returning a negative value?,0.2368,0.2733
Prolog,Implementation of forward chaining in prolog (SWI-Prolog),0.304,0.2733
Prolog,List_subset_of_list predicate with choice points?,0.3077,0.2733
Prolog,How to increment a variable during a recursion in Prolog?,0.2954,0.2733
Prolog,Prolog: Check if dictionary has special member,0.245,0.2733
Prolog,Give false if the element is an internal representation of a variable name in prolog,0.4421,0.2733
Prolog,How to write the output from a list with only atoms for win-prolog translator?,0.4103,0.2733
Prolog,"Stop recursively does not work in prolog (""x"" must hold one character)",0.3595,0.2733
Prolog,solving of equations by the Euler method in Prolog,0.2594,0.2733
Prolog,How to solve this exercise on Prolog?,0.1841,0.2733
Prolog,Prolog: Initialize predicate variables connected with operators correctly,0.4086,0.2733
Prolog,Can't get all result of query in prolog,0.1929,0.2733
Prolog,Prolog - get the greatest perimeter of triangles drawn with coordinates,0.3743,0.2733
Prolog,Prolog maplist on inner term?,0.1466,0.2733
Prolog,Best Practices for Prolog predicates definition,0.2703,0.2733
Prolog,Merging 2 lists into a third but in pairs,0.205,0.2733
Prolog,Manipulating lists through findall in prolog,0.2484,0.2733
Prolog,How do I get the index of a number in a list in Prolog?,0.2897,0.2733
Prolog,Creating a predicate that satisfy a specific combinations,0.3096,0.2733
Prolog,Prolog algorithm works for 4x4 but not for higher dimensions,0.315,0.2733
Prolog,How to delete entry from rdf file in prolog,0.2171,0.2733
Prolog,define predicate prolog by requirements,0.2316,0.2733
Prolog,Create rules from text Prolog,0.1511,0.2733
Prolog,create rules from sentence prolog,0.1833,0.2733
Prolog,Introducing non-ground vars into a Prolog query for a custom DSL query language,0.4151,0.2733
Prolog,"uncaught exception: error(instantiation_error,(is)/2)",0.2991,0.2733
Prolog,Restrict search in Prolog - Magic Sqare,0.2044,0.2733
Prolog,phrase_from_file and lazy_input,0.2427,0.2733
Prolog,Invert atoms from list to integers - Prolog,0.2214,0.2733
Prolog,How can I make this code asks each question once?,0.249,0.2733
Prolog,Using NOT in Pytholog,0.1011,0.2733
Prolog,Prolog: Predicate that checks yes \= yes outputs yes,0.2665,0.2733
Prolog,Can't check equality with unknowns in Prolog,0.2269,0.2733
Prolog,Prolog map coloring (4 colors map) code explanation,0.2658,0.2733
Prolog,How can I fix sandbox error on SWI-Prolog,0.205,0.2733
Prolog,How using upcase_atom/2 in Prolog?,0.1717,0.2733
Prolog,How to link constant with variable by assert?,0.2304,0.2733
Prolog,Python - dictionary with propositions (replace string values),0.3368,0.2733
Prolog,Prolog Expert System (Animal Identification System),0.292,0.2733
Prolog,What is Prolog saying about an uninstantiated variable?,0.2941,0.2733
Prolog,Rewrite the definition in order to avoid the recursive call,0.3092,0.2733
Prolog,Python: swiplserver load prolog file,0.203,0.2733
Prolog,Python: pyswip output returns Atom and Functor,0.245,0.2733
Prolog,Prolog: aStar method for maximization (how to use estimative??),0.3256,0.2733
Prolog,How do I combine rules and facts from a PROLOG program into a list?,0.3516,0.2733
Prolog,Example of pass by reference in Prolog,0.194,0.2733
Prolog,"When I try to include ggplot library in Prolog, it keeps on giving me syntax error",0.4331,0.2733
Prolog,Drop out the N-th element from a list and display its value in a variable,0.3899,0.2733
Prolog,Suffix of a list in prolog,0.117,0.2733
Prolog,Comparing a list of integers with a number prolog,0.2534,0.2733
Prolog,Prolog company/employee scheduling problem,0.2558,0.2733
Prolog,Prolog concatenate atoms,0.1653,0.2733
Prolog,Check if network graph is a clique prolog,0.2078,0.2733
Prolog,Swi-prolog breaks on order check,0.1608,0.2733
Prolog,Prolog: Check if list of tuples is a function,0.2267,0.2733
Prolog,Issue in win-prolog Recursion for Transit system - first station never shows up,0.4112,0.2733
Prolog,How can I assign variable X to only one thing in Prolog,0.2857,0.2733
Prolog,How to you list Prolog queries and then print each query and its result(s) programmatically?,0.4813,0.2733
Prolog,mergesort in prolog - infinite recursion?,0.2342,0.2733
Prolog,SWI Prolog: avoiding name clashes between builtin predicates and dynamic predicates,0.4395,0.2733
Prolog,Is there a better way for making a list of ancestors in this program?,0.3619,0.2733
Prolog,Prolog rule which replaces with 0 every negative number from a list,0.3508,0.2733
Prolog,Alternative to maplist() without commas or brackets,0.2756,0.2733
Prolog,how to prove the goal with inference rules?,0.2177,0.2733
Prolog,How to extract all ancestors from family predicate?,0.2686,0.2733
Prolog,All initial segments of a list in Prolog,0.2014,0.2733
Prolog,Prolog findall solutions within time limit,0.2338,0.2733
Prolog,Trouble with this Prolog Rule,0.1511,0.2733
Prolog,Prolog: Predicate that combines the elements in a list with same value,0.3652,0.2733
Prolog,Separate list from a list Prolog,0.1608,0.2733
Prolog,Collect leaves in general tree,0.1592,0.2733
Prolog,Prolog program to enumerate all possible solution over a countable set,0.3688,0.2733
Prolog,non tail recursion sublist from list,0.19,0.2733
Prolog,PYSWIP not working in pyinstaller executable,0.2484,0.2733
Prolog,"I ran the program as instructed in the book but it didn't work, error : unknown procedure",0.4681,0.2733
Prolog,Prolog number of items which contain woman,0.2211,0.2733
Prolog,Sublist from list,0.0879,0.2733
Prolog,Find all paths between nodes in an undirected graph,0.2655,0.2733
Prolog,How can I improve error reporting using PlUnit?,0.2431,0.2733
Prolog,Why do I need to duplicate my Prolog predicates in order to make my program work?,0.4282,0.2733
Prolog,How to define a brotherhood relationship and write a query that gives every uncle of a person X in the knowledge base An uncle X,0.6901,0.2733
Prolog,find all pair of grandfather relationships using prolog,0.2969,0.2733
Prolog,Python: Is there a way a swipl query results in value true not {}?,0.3373,0.2733
Prolog,How to append an element to a list in a forall?,0.2381,0.2733
Prolog,Compare user input to defined predicate,0.2119,0.2733
Prolog,Tau Prolog - how to convert a prolog list into a JavaScript array,0.3362,0.2733
Prolog,Prolog - Finding the path between nodes,0.2044,0.2733
Prolog,Find all possible copmbinations from prolog database lists,0.316,0.2733
Prolog,"How to deal with [a,b|c] format lists?",0.1793,0.2733
Prolog,Prolog: recursion is not working properly,0.2228,0.2733
Prolog,Prolog - Add a special character to every element of a list,0.3032,0.2733
Prolog,Representing truth regarding beliefs in prolog,0.263,0.2733
Prolog,"why do I get a ""undefined subroutine"" when I execute in prolog?",0.3234,0.2733
Prolog,"How to transform data structures in Prolog using multiple rules, declaratively",0.4115,0.2733
Prolog,Clauses in (lambda)prolog starting with a cut,0.2304,0.2733
Prolog,Prolog how to get adjacent numbers in rule,0.2142,0.2733
Prolog,"SWI-Prolog, Read the file and sum the numbers in the file",0.2946,0.2733
Prolog,Additional check in Prolog,0.147,0.2733
Prolog,Left associative evaluation of a right recursive grammar in Prolog,0.3498,0.2733
Prolog,Prolog behaving awkwardly,0.1763,0.2733
Prolog,How do I assign return variable in prolog?,0.2113,0.2733
Prolog,Antlr grun error - no viable alternative input at,0.2531,0.2733
Prolog,A program that displays the number of all descendants of this person's family tree,0.432,0.2733
Prolog,Need help programming a list in Prolog,0.194,0.2733
Prolog,Prolog: How do I remove symmetrical values in predicates,0.2932,0.2733
Prolog,Running Prolog in Eclipse (Mac),0.1582,0.2733
Prolog,Prolog keeps going to initial state after recursion,0.2714,0.2733
Prolog,How to code a program in prolog based like this,0.2396,0.2733
Prolog,How to program a list in prolog that has n number of elements,0.3196,0.2733
Prolog,Why Prolog can't see the obvious answer?,0.1986,0.2733
Prolog,"How to code a program in prolog, that does comparison on graphs",0.3272,0.2733
Prolog,How to code a prolog program that has same amount of elements,0.3182,0.2733
Prolog,Need help for programming a list in prolog,0.2142,0.2733
Prolog,Planning with Numerical Values and PROLOG,0.2265,0.2733
Prolog,What do these predicates do in Prolog,0.1873,0.2733
Prolog,Swap last two elements of a list in Prolog,0.211,0.2733
Prolog,How to program with prolog using lists for reversing,0.2715,0.2733
Prolog,Why doesn't it calculate the length of the string in Prolog?,0.3109,0.2733
Prolog,I want to write some message when the result is 'no' in gnu prolog,0.3448,0.2733
Prolog,How to program in Prolog a function that does operations on lists,0.3399,0.2733
Prolog,Could not derive which predicate may be called,0.2396,0.2733
Prolog,How to read lines from a file in Prolog,0.1929,0.2733
Prolog,Why is this CLP(FD) constraint solving slowly and how do I debug it?,0.3551,0.2733
Prolog,How to make a knowledge Representation in prolog,0.2523,0.2733
Prolog,Prolog banana&monkey with Depth First Search and Depth First Search with Limit,0.4094,0.2733
Prolog,"PROLOG, Is it possible to collect all result from a predicate to a list, without using built in predicates, such as bagof or findall",0.6998,0.2733
Prolog,Use expand_term/2 with file for dcg translation,0.246,0.2733
Prolog,Tool for drawing SLD trees in Prolog,0.1805,0.2733
Prolog,Using prolog without the pl file,0.1608,0.2733
Prolog,Checking IP like address list with Prolog,0.2143,0.2733
Prolog,Working with nested lists in Prolog (not SWI-Prolog),0.2665,0.2733
Prolog,How to code a prolog program that does some operations on list,0.3236,0.2733
Prolog,Space-efficient reading of chars in canonical form,0.2651,0.2733
Prolog,Prolog lists inside the lists,0.1511,0.2733
Prolog,SWI Prolog list subtract gives error: Out of local stack,0.2896,0.2733
Prolog,How to find direct path between two nodes in a graph in Prolog?,0.3284,0.2733
Prolog,"Write a predicate called rlen(X,N) to be true when N counts the total number of occurrences of atoms in the list X",0.6209,0.2733
Prolog,Order of instructions and recursion in Prolog,0.2414,0.2733
Prolog,Graph representations in Prolog,0.1929,0.2733
Prolog,Check if list is made up by numbers only - Prolog,0.2467,0.2733
Prolog,Find all paths and sum the length of each path in the graph,0.309,0.2733
Prolog,prolog: X > Y breaks the cycle,0.1349,0.2733
Prolog,The Grandma Birthday Puzzle in CLP(FD),0.1908,0.2733
Prolog,this error is faced me in writing in prolog language --- (Syntax error: Operator expected ) in the if statement,0.5714,0.2733
Prolog,Building a link structure recursively in Prolog,0.2549,0.2733
Prolog,Define a DCG in Prolog for bit strings practice problem,0.286,0.2733
Prolog,How can I prevent prolog from backtracking and deleting my list?,0.3332,0.2733
Prolog,What is the role of cut at the base case?,0.2026,0.2733
Prolog,"How to do recursion in a L-system inspired rewrite System, without DCG",0.3654,0.2733
Prolog,ERROR: Arithmetic: `b/0' is not a function,0.2029,0.2733
Prolog,How does declaring variables in swi prolog work?,0.2495,0.2733
Prolog,Showing Swi-prolog backtrace?,0.1689,0.2733
Prolog,Prolog check if list X has any duplicates,0.2078,0.2733
Prolog,Understanding Eliza Chatbot in prolog,0.2155,0.2733
Prolog,Understanding Eliza Chatbot in prolog,0.2155,0.2733
Prolog,How to add all positive numbers in prolog,0.2078,0.2733
Prolog,How to read a list inside a fact?,0.1541,0.2733
Prolog,How to count the number of words in a file in Prolog,0.2694,0.2733
Prolog,"How can I print the contents of a list stored in database, one by one?",0.3684,0.2733
Prolog,Prolog Pure Implementation of findall,0.2155,0.2733
Prolog,Reversing matrix rows in Prolog,0.1672,0.2733
Prolog,Constraint Handling Rules in SWI Prolog: The `neq` constraint doesn't work,0.3831,0.2733
Prolog,How to sort a list in prolog,0.1264,0.2733
Prolog,Working with a file in Prolog(reading from file and counting words in lines),0.398,0.2733
Prolog,Is this possible in prolog?,0.1305,0.2733
Prolog,Why does not it run the program in SWI-prolog,0.228,0.2733
Prolog,Extract other tuple member in Prolog,0.19,0.2733
Prolog,Triangular matrices in Prolog,0.1746,0.2733
Prolog,How to write Predicate to find X in list and make second list =X+first list,0.3984,0.2733
Prolog,Subroutines as parameters in Prolog,0.1994,0.2733
Prolog,How to make a non-repetitive list of factors in PROLOG,0.2793,0.2733
Prolog,Logical task. Why is my code giving the wrong result?,0.2699,0.2733
Prolog,Evaluating a polynomial in prolog,0.1833,0.2733
Prolog,Constraint Handling Rules in SWI Prolog: What's the order of puting a constraint to the store?,0.4938,0.2733
Prolog,Plan a route in prolog without using a list,0.2171,0.2733
Prolog,Prolog: Resolvent/Resolution solver and recursion,0.2812,0.2733
Prolog,Maze problem solving with iterative deepening in PROLOG,0.2969,0.2733
Prolog,Is there always an accumulator to replace append/3? [SOLVED],0.3082,0.2733
Prolog,Find non overlapping times,0.147,0.2733
Prolog,Write Prolog DCG for the language,0.1681,0.2733
Prolog,Prolog decimal number to list of numbers,0.2076,0.2733
Prolog,Prolog Can't get to the predicate,0.1602,0.2733
Prolog,How to write rule(s) that selects specific facts in Prolog,0.2996,0.2733
Prolog,How to construct pair of items on two lists using recursion in prolog,0.3618,0.2733
Prolog,Prolog seemingly ending recursive call without going back up,0.3199,0.2733
Prolog,How to print this in one line statement in Prolog,0.2512,0.2733
Prolog,convert list of adjacencies to recursive format,0.2549,0.2733
Prolog,swi-ProLog Finding all possible starting nodes which can arrive specific ending node,0.441,0.2733
Prolog,how to print all nodes from a particular node,0.2292,0.2733
Prolog,Return a list that only includes duplicate elements,0.2714,0.2733
Prolog,Prolog program to determine if two numbers are amicable,0.2897,0.2733
Prolog,How to return true under the condition another predicate is false,0.3408,0.2733
Prolog,"Given a list of lists in Prolog, how to apply a clause on each list?",0.3583,0.2733
Prolog,What is committed-choice logic programming language?,0.2855,0.2733
Prolog,How can I find a list of nodes that can reach a common destination in Prolog,0.4048,0.2733
Prolog,How to convert user input into a reusable predicate in gnu prolog?,0.3435,0.2733
Prolog,PROLOG: Graph path with minimum connections,0.2374,0.2733
Prolog,Writing a function/method containing conditionals in prolog,0.3223,0.2733
Prolog,"Loop through, return true if a function passes",0.2368,0.2733
Prolog,Coloring fields in PROLOG,0.1378,0.2733
Prolog,Call a backend function from flask web app getting access violation for file open function,0.4724,0.2733
Prolog,SWI Prolog syntax need to write more than one word in term,0.3019,0.2733
Prolog,PROLOG: longest path in graph,0.1466,0.2733
Prolog,Removing consecutive elements from a list in Prolog,0.2714,0.2733
Prolog,prolog returns value twice,0.147,0.2733
Prolog,Slicing the list in prolog between two indexes,0.2396,0.2733
Prolog,"Prolog, a list of the most common list items",0.2206,0.2733
Prolog,"Adding element to beginning of list, without creating a new list",0.3332,0.2733
Prolog,Prolog – How to recursively generate all combinations of two lists as a two-dimensional array,0.4845,0.2733
Prolog,Multiplying matrices in Prolog,0.1837,0.2733
Prolog,How to concatenate 3 lists in Prolog without using append,0.2976,0.2733
Prolog,Prolog FindAll with a range of particular values,0.2523,0.2733
Prolog,Extract a column from a matrix (list of lists) in prolog,0.2864,0.2733
Prolog,How can I save and load data files in Prolog?,0.2258,0.2733
Prolog,Prolog recursion - why do I need to declare an extra variable,0.3144,0.2733
Prolog,Prolog - Einstein's Riddle without using lists [duplicate],0.3047,0.2733
Prolog,PROLOG- Predicate that prevents doctor from having more than 8 appointments per day,0.434,0.2733
Prolog,How to write gnom sort in prolog?,0.157,0.2733
Prolog,New to Prolog - procedure `temp(A)' does not exist Reachable from: weather(A) go,0.409,0.2733
Prolog,Flattening lists in Prolog [duplicate],0.2146,0.2733
Prolog,Prolog: Chaining multiple rules,0.1873,0.2733
Prolog,Accessing the return values of a complex variable in prolog,0.3092,0.2733
Prolog,How To Write travel/3 into path/2,0.1569,0.2733
Prolog,How to define 'as long as' in prolog?,0.1739,0.2733
Prolog,return first two element and last two element from the list,0.3073,0.2733
Prolog,Simplify Expressions in Prolog With unknown variables,0.2955,0.2733
Prolog,How can i change the root from Query Input? (Programming Logic),0.3235,0.2733
Prolog,"Prolog: I need to loop through all the ""items"" in my ""Facts"" database, but just take the first one and finish",0.5767,0.2733
Prolog,I need to find pairs of shows that started in the same year in prolog,0.3663,0.2733
Prolog,return list with a list as parameter,0.1805,0.2733
Prolog,print_term writing to a file in PROLOG,0.194,0.2733
Prolog,How to print all females in prolog if my facts only contains male property,0.3893,0.2733
Prolog,Unexpected result of the rule,0.1511,0.2733
Prolog,Creating Binary Tree in Prolog,0.1592,0.2733
Prolog,is there any way to know the index of an element in a list in prolog?,0.3687,0.2733
Prolog,Rules in prolog which in harmony with these natural language,0.315,0.2733
Prolog,how can I query the integers between two values by creating a list of those integers in Prolog.?,0.5069,0.2733
Prolog,Increment a variable by constant in recursive rules in prolog,0.3208,0.2733
Prolog,Rule in prolog to define whether an atom (which in this case a name) is the oldest son or not?,0.5052,0.2733
Prolog,"chess boundaries that set by pieces, in Prolog",0.2368,0.2733
Prolog,Prolog - factorial using predicates [duplicate],0.278,0.2733
Prolog,How do I print dynamic/1 in Prolog,0.1632,0.2733
Prolog,Prolog console crashing the moment I run my script,0.2594,0.2733
Prolog,Prolog chess pieces movements,0.1746,0.2733
Prolog,finding the number of solutions in a list on prolog,0.2628,0.2733
Prolog,How to use an fd solver to determine which elements of a list can sum to a given number?,0.4743,0.2733
Prolog,Filter the numeric elements based on target value in Prolog,0.3092,0.2733
Prolog,How can I complete the implementation of parser for this mini prolog in haskell?,0.4186,0.2733
Prolog,Using a Prolog predicate by providing the output and receiving the input [duplicate],0.4376,0.2733
Prolog,"How to eliminate from a list [b,a] if already exist [a,b]",0.2915,0.2733
Prolog,Directional graph in prolog,0.1562,0.2733
Prolog,Replacing elements in matrix in prolog,0.2046,0.2733
Prolog,Replacing elements in matrix in prolog,0.2046,0.2733
Prolog,Prolog syntax error: . or operator expected after expression 1 error(s) compilation failed,0.4658,0.2733
Prolog,write a notSortedDescending function in prolog,0.263,0.2733
Prolog,Prolog to Datalog code conversion that uses lists,0.2587,0.2733
Prolog,Create Prolog 2d list filled with 0,0.1738,0.2733
Prolog,Prolog - Filter list with only even numbers [duplicate],0.2856,0.2733
Prolog,Most general query only finding one solution for each number of leaves of tree N in Exercize 3.5 from Learn Prolog Now,0.6343,0.2733
Prolog,I am trying to create a search space for the 7 ball question in prolog,0.3714,0.2733
Prolog,Prolog - Multiply the even elements of a list by a number (F),0.3107,0.2733
Prolog,"Prolog. Function call, add brackets to output",0.235,0.2733
Prolog,How can i get a sublist of list in Prolog?,0.2084,0.2733
Prolog,Predicate order change causes infinite loop,0.2411,0.2733
Prolog,How to prune wrong answers? Is my code wrong?,0.2242,0.2733
Prolog,Prolog. Comparing elements in a list,0.1863,0.2733
Prolog,A prolog program for identifying terms of the first order logic,0.3296,0.2733
Prolog,I'm trying to remove a single occurrence of an element in a list,0.3377,0.2733
Prolog,Tree methods going on infinite loop,0.1827,0.2733
Prolog,prolog family tree locating cousins,0.1994,0.2733
Prolog,Split a list in prolog to atoms and integers,0.2231,0.2733
Prolog,Returning True if intersection is empty and False otherwise,0.3139,0.2733
Prolog,sum of setof in prolog,0.0947,0.2733
Prolog,Prolog: How to create all possible combinations without repetitions,0.3598,0.2733
Prolog,Prolog query not terminating,0.1654,0.2733
Prolog,CLPFD ins operator yields not sufficiently instantiated error,0.335,0.2733
Prolog,How to pull one list out of one list in prolog?,0.2381,0.2733
Prolog,"Beginner Prolog, How to write transtive relation?",0.262,0.2733
Prolog,Prolog: Redirect system output,0.1781,0.2733
Prolog,Pythagorean theorem for calculating distance between two points. Prolog,0.384,0.2733
Prolog,Prolog last element function returns whole list,0.2549,0.2733
Prolog,Unknown procedure card/2 in knights and knaves puzzle,0.2776,0.2733
Prolog,How do I write a predicate that converts terms to lists?,0.2884,0.2733
Prolog,Calculating syntactic complexity of a prolog predicate,0.3023,0.2733
Prolog,Recursive prolog： Compare the elements of the first two lists less than or equal to the third list,0.5177,0.2733
Prolog,Intersection of two lists with duplicate elements,0.2685,0.2733
Prolog,"Moving within a list, by giving the possible moves. Prolog",0.2989,0.2733
Prolog,Prolog saying if something in a list (in this case grid/1) is white. Prolog,0.3921,0.2733
Prolog,How do I solve Free variable error in Turbo Prolog?,0.2606,0.2733
Prolog,Pascal's triangle in prolog with recursion and without cuts,0.3092,0.2733
Prolog,How to print prolog list variable's output on separate lines?,0.3164,0.2733
Prolog,Splitting a list into two Separate lists,0.2076,0.2733
Prolog,My override using inheritance in Prolog is inheriting the wrong property ? why?,0.4102,0.2733
Prolog,Prolog average of a list,0.1108,0.2733
Prolog,Prolog: zip 2 lists into one,0.1279,0.2733
Prolog,warning: singleton variables error message in Prolog,0.2855,0.2733
Prolog,PROLOG family tree: how can I output all the siblings and cousins?,0.3416,0.2733
Prolog,How to compile a prolog question correctly?,0.2247,0.2733
Prolog,How do you solve Russian nesting dolls question with prolog?,0.3128,0.2733
Prolog,Find substrings of certain length,0.1833,0.2733
Prolog,LF Framework to solve Data Science Issue,0.2076,0.2733
Prolog,Prolog predicate return true and false,0.2046,0.2733
Prolog,Prolog to check if list is sorted (ascending or descending),0.3047,0.2733
Prolog,Prolog for sets (lists),0.1082,0.2733
Prolog,How to ask prolog if there's only one logical answer,0.2681,0.2733
Prolog,"Prolog, unknown argument solving",0.1965,0.2733
Prolog,Check if a country reaches the threshold,0.2076,0.2733
Prolog,"Why is the Prolog ',' operator right associative, while it is processed from left to right",0.4649,0.2733
Prolog,There is no Zero in Mathematics Digits Riddle,0.2332,0.2733
Prolog,Combinations of two lists where same element can't be in matching position,0.3882,0.2733
Prolog,Draw stars Prolog up to N: draws one line too less,0.2549,0.2733
Prolog,swipl gives an error on encountering variables in lists,0.2897,0.2733
Prolog,Prolog - Cleaner way to define a rule,0.1808,0.2733
Prolog,"Prolog query :- true, fail; not true, not fail; true, not fail",0.3077,0.2733
Prolog,"Prolog, I want to get 2 different values from list and all the others to another list",0.4513,0.2733
Prolog,Prolog How to use get_code in a pl file,0.1929,0.2733
Prolog,I want to make a filtered list out of a existing list in prolog,0.3326,0.2733
Prolog,Is there a Prolog name for atom/1 or stream/1 etc (SWI-Prolog),0.3242,0.2733
Prolog,Why does Prolog generate additional variables while querying?,0.3322,0.2733
Prolog,How to see the value of a variable during prolog trace?,0.2828,0.2733
Prolog,Prolog replace every second item in list,0.2076,0.2733
Prolog,How do I translate Prolog's cuts to Curry?,0.2085,0.2733
Prolog,PROLOG exercise with constraints,0.2021,0.2733
Prolog,How to read large Prolog files in ECLiPSe?,0.2113,0.2733
Prolog,Recursively implementation of squares/2,0.2316,0.2733
Prolog,Prolog: How to get a copy of the original list in a recursion,0.3179,0.2733
Prolog,"Predicate in Prolog, predicate works only for numbers",0.2813,0.2733
Prolog,How bootstrap setarg_with_occurs_check/3 in Prolog?,0.2958,0.2733
Prolog,Trace how Prolog finds result for query,0.2008,0.2733
Prolog,Prolog - Unification of complex terms,0.2065,0.2733
Prolog,Compiling Prolog to exe file,0.143,0.2733
Prolog,List of positive elements,0.1378,0.2733
Prolog,Prolog - Save List into something like an atom?,0.2375,0.2733
Prolog,Prolog - how to check if an element of a list occurs in a nested list of fix format,0.4445,0.2733
Prolog,How to implement list item deletion for all argument modes?,0.307,0.2733
Prolog,How to implement the Fibonacci sequence in successor arithmetics for all argument modes?,0.4604,0.2733
Prolog,How to implement the factorial sequence in successor arithmetics for all argument modes?,0.4604,0.2733
Prolog,What is the difference between variables A and _A in Prolog?,0.3108,0.2733
Prolog,How to convert from tuples_in/2 in SWI-Prolog to fd_relation/2 in GNU Prolog?,0.4052,0.2733
Prolog,Prolog write predicate that decrements all elements of a list of integers,0.3833,0.2733
Prolog,Term expansion before compiling in GNU Prolog,0.2414,0.2733
Prolog,Boolean guard in PROLOG,0.1195,0.2733
Prolog,Convert plain JSON to SWI-Prolog Dict,0.1873,0.2733
Prolog,How to check all conditions in prolog?,0.1908,0.2733
Prolog,How to fix this permutation sort?,0.1644,0.2733
Prolog,"Solver: OR-Tools or clingo(ASP) model for ""simple"" logical problem",0.3382,0.2733
Prolog,Replicating findall in Prolog,0.1746,0.2733
Prolog,Prolog: P-12: Ninety-Nine Prolog Problems (Modified),0.2665,0.2733
Prolog,Handle multiple choise answer in expert system prolog,0.2841,0.2733
Prolog,Safe sorting of terms,0.1011,0.2733
Prolog,Probabilistic programming : reifying distributions and stuff?,0.3613,0.2733
Prolog,prolog what are theses unspecified arguments called and how do they function?,0.4031,0.2733
Prolog,"Prolog, create a predicate that grab 3 diagonal values from 3 lists",0.3489,0.2733
Prolog,How to write a prolog program to print between a given range?,0.3163,0.2733
Prolog,How do I bag elements of tuples in Prolog lists,0.2396,0.2733
Prolog,Problems with prolog list matching,0.1914,0.2733
Prolog,Should the first and second arguments be swapped in a rule defining addition?,0.4023,0.2733
Prolog,How to fix this list reversal?,0.1425,0.2733
Prolog,Prolog Program Trace in List,0.143,0.2733
Prolog,How to selectively run a goal in a clause,0.205,0.2733
Prolog,How to fix this recursive multiplication?,0.2228,0.2733
Prolog,Logtalk test returning failed when it passes under SWI interpreter,0.3498,0.2733
Prolog,How to write this DCG more elegantly?,0.1841,0.2733
Prolog,representing large binary vector as problog fact/rule,0.2841,0.2733
Prolog,how to create a stand-alone swi-plog executable file?,0.2722,0.2733
Prolog,Error org.jpl7.JPLException: unsupported blob type passed from Prolog,0.365,0.2733
Prolog,How to fix this recursive addition?,0.179,0.2733
Prolog,Using Logtalk Timeout function for Testing SWI Prolog Files,0.3139,0.2733
Prolog,How to specify ciao language mode for compilation,0.2587,0.2733
Prolog,Understanding the implementation of label/5 in clpfd,0.2778,0.2733
Prolog,maplist applies only on the first list of list-of-lists?,0.2884,0.2733
Prolog,Using a Bash Script To Automate Testing of A Prolog File,0.2905,0.2733
Prolog,Natural Language processing with prolog error,0.2557,0.2733
Prolog,"Parsing tagged data-string, instead of pure-string",0.2622,0.2733
Prolog,Simple Constraint Logic Programming sample CLP(Q) gives error in Prolog,0.3724,0.2733
Prolog,Predicate annotations,0.2044,0.2733
Prolog,Prolog programing convert from python code,0.2338,0.2733
Prolog,Prolog ask a question and resolve by dependency comprehension question,0.373,0.2733
Prolog,Remove meta from reply_html_page,0.2021,0.2733
Prolog,Program decomposition and lazy_findall,0.2572,0.2733
Prolog,Functional patterns in Prolog,0.1746,0.2733
Prolog,Calculating List of positive numbers of a given list in Prolog,0.324,0.2733
Prolog,nested lists in prolog,0.1103,0.2733
Prolog,Can I restore a mongo db from within mongo shell?,0.249,0.2733
Prolog,"Relationship between not found, dif, and \+",0.2224,0.2733
Prolog,"Prolog ""switch"" statement",0.1613,0.2733
Prolog,Branch and bound without assert / retract,0.219,0.2733
Prolog,Finding shortest path in water jugs problem,0.2279,0.2733
Prolog,CLPFD and recursive formulations,0.2021,0.2733
Prolog,Prolog Filter out array of numbers,0.1754,0.2733
Prolog,Recursion on Prolog [duplicate],0.1817,0.2733
Prolog,Prolog. I can't mix two lists,0.1299,0.2733
Prolog,GCD termination properties,0.1874,0.2733
Prolog,Solving Euler 4 with CLP,0.1108,0.2733
Prolog,How to return the list that contains a certain element in Prolog?,0.338,0.2733
Prolog,Prolog basic exercise with lists gives stack size error,0.2897,0.2733
Prolog,"CLPFD ""OR"" condition in domain declaration",0.2263,0.2733
Prolog,How to sum the results without findall,0.194,0.2733
Prolog,Finding disconnected subgraphs in Prolog,0.2397,0.2733
Prolog,Efficient Fibonacci in Prolog,0.1746,0.2733
Prolog,Monkey and banana solution doesn't stop after grabbing the banana (Prolog),0.385,0.2733
Prolog,prolog f(X) :- X==[],0.0469,0.2733
Prolog,Testing a too general program,0.1511,0.2733
Prolog,How to collect all the results,0.1462,0.2733
Prolog,converting a list into an integer in prolog?,0.2241,0.2733
Prolog,Prolog Trying to Print But Get Errror,0.1873,0.2733
Prolog,Prolog: How to get the number of output?,0.1958,0.2733
Prolog,Prolog: findall but to save only some solutions,0.2431,0.2733
Prolog,Swi-Prolog: How to write a descendant predicate?,0.2467,0.2733
Prolog,Prolog beginner question about scheduling and assigning groups,0.3414,0.2733
Prolog,How to use Prolog's foreach/2 loop,0.1632,0.2733
Prolog,Creating second list with increment from other list in prolog,0.3208,0.2733
Prolog,Prolog: Why did the output displayed the same number of output based on the number of kids they have,0.5311,0.2733
Prolog,Failling to obtain all the solutions [findall + minimal solutions],0.3462,0.2733
Prolog,Creating a tail recursive drop function in Prolog,0.2587,0.2733
Prolog,Prolog Nested Query,0.11,0.2733
Prolog,Prolog cut and fail not working as expected,0.2205,0.2733
Prolog,Why is my Prolog exercise not trying other solutions?,0.2751,0.2733
Prolog,What is \= in Swi-Prolog,0.0973,0.2733
Prolog,Prolog :Make my predicate return all possible solutions,0.2941,0.2733
Prolog,Path search in a tree from generic start and end nodes using prolog,0.3513,0.2733
Prolog,"Has anybody got ""java.net.SocketException: Connection reset"" when using Java-Prolog Connector",0.4833,0.2733
Prolog,How can i automate in SWI Prolog the download of a file manually resulting from an Ajax script?,0.5034,0.2733
Prolog,Problem with files using prolog (Existence error),0.262,0.2733
Prolog,Prolog - How can I return a list where each element appears only once?,0.3619,0.2733
Prolog,Using list name as nth0 argument in prolog,0.2142,0.2733
Prolog,Finding minimal maximum share,0.1746,0.2733
Prolog,How to split a list into list of list by delimiter in Prolog,0.3143,0.2733
Prolog,How does this Zebra solution in prolog work?,0.2241,0.2733
Prolog,Prolog - Finding the Nth Fibonacci number using accumulators,0.3231,0.2733
Prolog,Concat a List of Strings with additional Strings in between,0.3092,0.2733
Prolog,Can not get first node in the visited nodes of prolog graph traversal,0.3618,0.2733
Prolog,"Prolog: How can I set ""gtrace"" correctly in Visual Studio Code?",0.3214,0.2733
Prolog,Prolog existence_error from book example,0.2397,0.2733
Prolog,Number from a string of numbers-prolog,0.194,0.2733
Prolog,Trying to write a code in Prolog that I enter a list that contains Strings and Numbers and I want to get the maximum Number between them,0.7373,0.2733
Prolog,Using maplist with a lambda that does not have a body?,0.2772,0.2733
Prolog,Prolog - Infinite loop with very basic rule definition,0.2849,0.2733
Prolog,Prolog dynamic predict do not remember value,0.2346,0.2733
Prolog,Swi Prolog: how to count the number of elements by using rules (not query),0.3845,0.2733
Prolog,Combining two facts via a boolean OR in Gnu Prolog,0.257,0.2733
Prolog,Prolog: existentially quantifying,0.2573,0.2733
Prolog,Log Base 2 Prolog,0.0644,0.2733
Prolog,Prolog pythagorean triplet,0.1874,0.2733
Prolog,Get all data at once - Select String in odbc query with MySQL and SWI Prolog,0.3987,0.2733
Prolog,How to convert a string to a single-element list?,0.249,0.2733
Prolog,How to list all people that have a specific number of descendants in prolog?,0.398,0.2733
Prolog,Prolog program to find odd values from a tree that repeat twice in another tree,0.4168,0.2733
Prolog,Prolog: a list of characters <=> list of character list,0.2772,0.2733
Prolog,How prolog is capable to perform large computational operations recursively so fast? like 10000 factorial,0.5466,0.2733
Prolog,Problem with appending element using difference lists in Prolog,0.3381,0.2733
Prolog,"Why is exporting fixity declarations a ""bad idea""?",0.2566,0.2733
Prolog,How to return once with prolog query?,0.1841,0.2733
Prolog,Prolog Flow Free solver,0.1195,0.2733
Prolog,Matrix multiplication using Prolog arrays,0.2477,0.2733
Prolog,implement crossroads logic in prolog,0.2075,0.2733
Prolog,Convert Binary to decimal predicate,0.1994,0.2733
Prolog,Prolog simple backtracking,0.1874,0.2733
Prolog,Tree tournament in prolog,0.1378,0.2733
Prolog,Getting data from a direct mapped cache in prolog,0.2534,0.2733
Prolog,How could I add a sentence (rule) in a KB from python using pyswip,0.3448,0.2733
Prolog,Prolog: consider clauses from a dynamic module when calling a predicate,0.3724,0.2733
Prolog,Prolog predicate to split an array,0.1754,0.2733
Prolog,"Swap function in prolog, infinite loop",0.2009,0.2733
Prolog,Prolog: Find the number of nodes for levels in binary tree,0.2996,0.2733
Prolog,I can't call a predicate recursively in SWI-Prolog,0.257,0.2733
Prolog,What is a Deductive Database?,0.1466,0.2733
Prolog,PROLOG - Get a list of all the rules an entity verifies,0.2808,0.2733
Prolog,Heuristic function prolog,0.1763,0.2733
Prolog,The Prolog code of the predicate intersperses an element on the n position of a list,0.4444,0.2733
Prolog,Searching for groups of objects given a reduction function,0.3078,0.2733
Prolog,Prolog apply predicate to list elements with maplist,0.2778,0.2733
Prolog,Prolog - How would I recursively build a list?,0.2312,0.2733
Prolog,ECLiPSe CLP - TSP with Time WIndow. How do i calculate the cost?,0.327,0.2733
Prolog,Negation of absent fact in prolog,0.1681,0.2733
Prolog,End recursion in Prolog,0.1195,0.2733
Prolog,Prolog: All digit Combinations,0.1781,0.2733
Prolog,"prolog functions, prolog weights, prolog projects",0.2774,0.2733
Prolog,Prolog: How to write a predicate that calculates an integral?,0.3163,0.2733
Prolog,Display Last Element in List Prolog,0.1827,0.2733
Prolog,How to get a specific value from a database?,0.2206,0.2733
Prolog,GNU Prolog : assert that list is ordered based on another list,0.3199,0.2733
Prolog,How can I update an specific value in prolog given an id?,0.2946,0.2733
Prolog,Simple Chatbot in Prolog - translate python to prolog,0.2785,0.2733
Prolog,"Prolog: Why do I keep getting a operator expected error, how can I fix this?",0.3972,0.2733
Prolog,"Am I using ""cut"" too much?",0.1057,0.2733
Prolog,Not clear on how this Prolog depth first search (DFS) method code works,0.3689,0.2733
Prolog,Prolog for eight puzzle,0.1195,0.2733
Prolog,Prolog procedure does not exist (cant run rules in prolog),0.2989,0.2733
Prolog,Prolog comparing and returning true or false conditionally,0.316,0.2733
Prolog,prolog comparing floating point numbers in a list,0.2587,0.2733
Prolog,How to check if a number is power of 2,0.1874,0.2733
Prolog,How to input 5 numbers and determine the order? SWI-PROLOG,0.2996,0.2733
Prolog,Store shell output in variable,0.1592,0.2733
Prolog,Unexpected error when am trying to print a simple number in prolog,0.3453,0.2733
Prolog,How do I use rule in another rule in prolog,0.2164,0.2733
Prolog,Listing all possible solutions Prolog,0.2155,0.2733
Prolog,Count number of stations directly connected to a given station using prolog(metro stations),0.4753,0.2733
Prolog,swipl - prolog put all members to list,0.1876,0.2733
Prolog,[Prolog]. How do I concat/append results of a simple function?,0.3159,0.2733
Prolog,Comparing elements from two lists of different sizes,0.2778,0.2733
Prolog,Predicate concat in Prolog,0.147,0.2733
Prolog,ERROR: Unknown procedure: dups2/2 (DWIM could not correct goal),0.3234,0.2733
Prolog,prolog code to solve 8 puzzle problem with backtracking:,0.2932,0.2733
Prolog,"Prolog: what is difference between, for example, X is 3 and 3 is X?",0.3468,0.2733
Prolog,How do i write a rule in prolog called countIt?,0.2374,0.2733
Prolog,change the output in Prolog - for detecting covid symptoms,0.3028,0.2733
Prolog,Count the number of a specific object element in Prolog,0.286,0.2733
Prolog,Run Prolog queries within prolog file and store the result in a txt file,0.379,0.2733
Prolog,Method that counts the number of occurs in one list in Prolog,0.3182,0.2733
Prolog,Problem with Prolog list recursion keeps returning syntax error operator expected,0.4303,0.2733
Prolog,How to define a Regex/Regular Expression and implementing it through Prolog as automata?,0.4599,0.2733
Prolog,"Finding a pattern in a list, prolog",0.1705,0.2733
Prolog,Writing a prolog star/1 program,0.1535,0.2733
Prolog,Meta-predicate that receives a list of goals as input,0.2744,0.2733
Prolog,Why SWI-Prolog doesn't display 'false' when there aren't any more results to show,0.4268,0.2733
Prolog,Prolog: How to make a bagof fail in the middle of execution,0.3055,0.2733
Prolog,Make a list as the consecutive union of two lists,0.2512,0.2733
Prolog,"Prolog ""findall/3"" does not return a list",0.2022,0.2733
Prolog,SWI-prolog pure logic programming modules fail,0.2482,0.2733
Prolog,Prolog List Decision making,0.1562,0.2733
Prolog,Getting the shortest list from a list of lists,0.2352,0.2733
Prolog,prolog language list division,0.1746,0.2733
Prolog,"Using maplist/2,3,4",0.0706,0.2733
Prolog,list of repetitions of another list given the number of repetitions,0.352,0.2733
Prolog,How to instantiate Y for a digit-counting predicate?,0.269,0.2733
Prolog,Prolog Conversion of generating solution to constraint?,0.3058,0.2733
Prolog,What exactly is the vertical slash function in PROLOG? Is it an operator?,0.3795,0.2733
Prolog,Recursive function for going through digits not progressing,0.3223,0.2733
Prolog,constrain list length in CLP (Prolog),0.1898,0.2733
Prolog,XSB not reading all rules,0.1189,0.2733
Prolog,Probable infinite recursion (cycle): with DCG parsing rule,0.3075,0.2733
Prolog,Graph Coloring with CLP(FD),0.1305,0.2733
Prolog,Simultaneously visit solutions to two or more backtrackable predicates,0.3804,0.2733
Prolog,Learning Prolog : solving crossword problem in prolog,0.2891,0.2733
Prolog,List of characters between two parenthesis plus a number,0.2957,0.2733
Prolog,Concatenation of two lists in a third one,0.2078,0.2733
Prolog,How to create an arbitary variable in Prolog,0.2269,0.2733
Prolog,Generate lists with independent variables in Prolog,0.282,0.2733
Prolog,Prolog simple rules,0.11,0.2733
Prolog,Prolog error after loading the same file an even number of times?,0.338,0.2733
Prolog,return values higher than a number in prolog,0.2269,0.2733
Prolog,Unexpected result with a system of (in)equations in Prolog,0.3012,0.2733
Prolog,"Prolog: SLICE from list, why it fails so quickly?",0.2459,0.2733
Prolog,Prolog Analogy IQ Test Unexpected token exception,0.2685,0.2733
Prolog,Handle existential variable in the head of rules,0.2523,0.2733
Prolog,Understanding constraints in Prolog,0.2296,0.2733
Prolog,How to accept k terms in a prolog rule?,0.1904,0.2733
Prolog,Prolog predicate to unzip lists,0.1672,0.2733
Prolog,Prolog : last element,0.1171,0.2733
Prolog,How to write a rule that validates an integer with or without a sign?,0.3619,0.2733
Prolog,Is there a function that checks if a variable is a member of a list without unifying it?,0.4698,0.2733
Prolog,How to create an executable file to a GNU-Prolog program?,0.294,0.2733
Prolog,Portable way to change Prolog atom JSON escaping,0.2523,0.2733
Prolog,how to detect a list of lists in Prolog?,0.1964,0.2733
Prolog,prolog add two list using successor notation,0.2346,0.2733
Prolog,i am implementing logic gates in prolog but having this error [duplicate],0.3795,0.2733
Prolog,Set difference of two compatible lists in Prolog,0.2523,0.2733
Prolog,prolog - counting node in a binary tree,0.1944,0.2733
Prolog,Prolog backtracking position,0.2095,0.2733
Prolog,First-order logic and automated theorem proving,0.2549,0.2733
Prolog,Prolog Binary Numbers of length N,0.1681,0.2733
Prolog,Zipwith application in prolog,0.1746,0.2733
Prolog,Prolog indexOf function,0.1542,0.2733
Prolog,prolog predicate that adds 2 numbers in successive notation and getting the result in Z also in successive notation,0.6033,0.2733
Prolog,Prolog: How to get the vertex with distance = n?,0.2373,0.2733
Prolog,Infinite recursion when trying to build a resolution solver in prolog in prolog,0.4146,0.2733
Prolog,Prolog- How to append elements to end of list,0.2267,0.2733
Prolog,"Hi everyone, I'm trying to code this formula in prolog, any help is appreciated :)",0.4245,0.2733
Prolog,I am stuck with finding recursive case for a prolog code,0.2905,0.2733
Prolog,Syntax error when trying to add secondary connectives in prolog,0.3324,0.2733
Prolog,Prolog - Assign value instead of evaluating it,0.2417,0.2733
Prolog,String to List Interpreter in List Prolog stuck on 2 items,0.3017,0.2733
Prolog,How to Return the desired lists from List of Lists in Prolog,0.3128,0.2733
Prolog,Resolution solver in prolog,0.1562,0.2733
Prolog,Convert numbers to list in Prolog?,0.1717,0.2733
Prolog,List Manipulation prolog,0.1653,0.2733
Prolog,Complexity of counting matching elements in two sequences using `library(aggregate)`,0.441,0.2733
Prolog,How to make a if statement so this prolog code can sen a message when there is a conflict int the n coloring problem,0.6308,0.2733
Prolog,Prolog : Find the kth element of this list : What's the difference between those 2 implementations?,0.5117,0.2733
Prolog,Prolog Eliza implementation - Loops and Recursion,0.2774,0.2733
Prolog,how to define and check parameters in Prolog,0.2269,0.2733
Prolog,a search word (W) in the dictionary in prolog,0.2242,0.2733
Prolog,Defining a graph in prolog and checking a list with edges,0.2961,0.2733
Prolog,Prolog pathfinder,0.1451,0.2733
Prolog,How to check order in prolog?,0.1352,0.2733
Prolog,How to count coincidences on each character of two large strings without triggering the Out of Local Stack exception?,0.6115,0.2733
Prolog,"Is it possible to use "";"" in a query in SWI-Prolog?",0.2523,0.2733
Prolog,Prolog: 'Hello world' resulting in existence_error. Have checked file paths with no success,0.4711,0.2733
Prolog,Is there a more efficient way to manage large data than using facts?,0.3548,0.2733
Prolog,Why do both predicates get evaluated?,0.1936,0.2733
Prolog,How to limit depths structures in prolog,0.2076,0.2733
Prolog,Graphs in Prolog programming,0.1654,0.2733
Prolog,Prolog predicate without using lists,0.2075,0.2733
Prolog,How can I split a prolog list into two separate ones?,0.2716,0.2733
Prolog,How can I split a prolog list into two separate ones?,0.2716,0.2733
Prolog,Sentences to Prolog conversion,0.1837,0.2733
Prolog,Conducting a tournament between teams and summing up the results of the tournament,0.4305,0.2733
Prolog,Stack limit exceeded prolog with append,0.2119,0.2733
Prolog,Prolog double every other number in list,0.2076,0.2733
Prolog,Writting grammar in prolog and can't get it to work correctly,0.3182,0.2733
Prolog,"Remove Duplicates while retaining order, Prolog",0.2666,0.2733
Prolog,How to embed SWI-Prolog in a Unity3D project,0.2231,0.2733
Prolog,What is the right error for corner cases of datetime conversion?,0.3332,0.2733
Prolog,Prolog argument mode indicator causes output false,0.2752,0.2733
Prolog,Eclipse Prolog: How to make a program that solves boolean expressions (replace variables so that the expression is true),0.6234,0.2733
Prolog,Prolog: maplist (Vars in 1..9) on every elements except for the first row and first column in a matrix. Do not want two predicates,0.6945,0.2733
Prolog,How do you know if the elements of a list are odd or even?,0.3052,0.2733
Prolog,Prolog counting,0.1155,0.2733
Prolog,Prolog: update element of list,0.1546,0.2733
Prolog,Flattening a tree in linear time using Prolog,0.2332,0.2733
Prolog,Combine two lists without duplicates prolog,0.2411,0.2733
Prolog,Prolog connection between 2 in a family tree,0.2269,0.2733
Prolog,Prolog - Parser Fails when using Unary Minus,0.2282,0.2733
Prolog,"PROLOG : Given a number X, find all multiples of 4 less or equal than X",0.3719,0.2733
Prolog,Read files in Prolog,0.0919,0.2733
Prolog,How can I bind the same variables together in prolog,0.2686,0.2733
Prolog,Multiple variables in list and checking if list contains variable. Prolog,0.3835,0.2733
Prolog,Check if list is the reverse of the other list in prolog,0.2911,0.2733
Prolog,"Prolog - list of range of values, not including range",0.2701,0.2733
Prolog,Compressing a list in prolog with run length encoding,0.2776,0.2733
Prolog,Prolog: Return list of Y from facts where X = x,0.2329,0.2733
Prolog,How can I compare items in a Prolog database?,0.2267,0.2733
Prolog,Eclipse-Prolog : Load a interpreter,0.1904,0.2733
Prolog,is there a more succint way to evaluate something explicitly in prolog?,0.3706,0.2733
Prolog,Prolog - Find second and second last elements in list,0.2726,0.2733
Prolog,How to remove first n lines or last n lines from .txt file with SWI Prolog?,0.397,0.2733
Prolog,Encoding program in prolog,0.147,0.2733
Prolog,Outputting Integers Greater than a given number in Prolog,0.3018,0.2733
Prolog,Prolog: combined predicate failed,0.2056,0.2733
Prolog,creating a list from enumerated facts in prolog,0.246,0.2733
Prolog,Prolog - Reading through a list,0.1582,0.2733
Prolog,"Classifying a number as big, medium, or small using prolog?",0.3024,0.2733
Prolog,Prolog menu prompt doesn't print properly,0.2143,0.2733
Prolog,Partition function P in Picat,0.1511,0.2733
Prolog,What is a combinator in Prolog?,0.1498,0.2733
Prolog,Prolog: generate solution according to the original list,0.3004,0.2733
Prolog,How to generate lists of fresh variables in Mercury like I can in Prolog?,0.3825,0.2733
Prolog,Multiplication of all nodes in a binary tree,0.2269,0.2733
Prolog,Prolog - A simple program that gets stuck (seems to go into infinite loop),0.3813,0.2733
Prolog,SWI Prolog: How to append the result of subtracting two lists to the original list,0.4305,0.2733
Prolog,Use Prolog to find the a list of employees that work in a specific company,0.3916,0.2733
Prolog,Difference function in prolog for multisets,0.2411,0.2733
Prolog,Understanding prolog better,0.1984,0.2733
Prolog,Prolog: Why doesn't this predicate fail with an empty list passed as an argument,0.4204,0.2733
Prolog,Writing a union operation in prolog for multisets,0.2587,0.2733
Prolog,Prolog: Appending to a list while reusing the same list(out of local stack error),0.4239,0.2733
Prolog,Prolog grandparent relathionship,0.2537,0.2733
Prolog,Understanding prolog better,0.1984,0.2733
Prolog,Implement multiset using lists in prolog,0.2192,0.2733
Prolog,I wonder if I can use Prolog to do resolution reasoning,0.2849,0.2733
Prolog,How can I display output from Prolog file to the Python QDialog text area?,0.3877,0.2733
Prolog,prolog check uneven occurence of an element in a list,0.2744,0.2733
Prolog,"http_read_data(Request, Data, []) post data to prolog",0.2762,0.2733
Prolog,finding players in the same the team in prolog,0.2352,0.2733
Prolog,Prolog: decompose number into its digits,0.2155,0.2733
Prolog,"packages\pyswip\core.py"", line 208, in _findSwiplWin match = pattern.match(ret[-1]) IndexError: list index out of range",0.6115,0.2733
Prolog,How to combine all non numbers into a list in Prolog?,0.2716,0.2733
Prolog,Delete all spaces in list while always returning true?,0.2811,0.2733
Prolog,Brother In Law Prolog,0.1011,0.2733
Prolog,How to have a variable tested on its occurrences?,0.2509,0.2733
Prolog,Wall follower algorithm in Prolog,0.1833,0.2733
Prolog,Beginner Prolog question - comparison always returns false,0.3229,0.2733
Prolog,"prolog: issue with undirected graph: path to one direction works, but infinite loop for the other direction",0.5558,0.2733
Prolog,Descending List From N to 1,0.1243,0.2733
Prolog,common_suffix/4 Prolog,0.1431,0.2733
Prolog,Prolog - Tell if abs value of max is greater then abs value of min in list of integers,0.4589,0.2733
Prolog,"Prolog - Matrix N by N with elements being [1,...,N^2]",0.2629,0.2733
Prolog,Find people who have children in common and form couples,0.2918,0.2733
Prolog,Prolog: How to build a list from independant elements inside a recursive predicate,0.4287,0.2733
Prolog,Prolog: Finding the cheapest combination of N facts,0.2686,0.2733
Prolog,How to work out the sum of an expression using a list (Prolog),0.3214,0.2733
Prolog,What does construction s() stand for in Prolog?,0.2375,0.2733
Prolog,"Finding max, need all elements of list to be absolute value",0.3052,0.2733
Prolog,How to use normal clauses converted from DCG Prolog one?,0.2896,0.2733
Prolog,Prolog: Filtering a list of goals and keeping the successful goals,0.3444,0.2733
Prolog,How does swipl manage term memory?,0.1717,0.2733
Prolog,Prolog: Return a list of facts from a list of atoms,0.2605,0.2733
Prolog,Prolog: Why is this predicate showing up as true?,0.2484,0.2733
Prolog,Prolog number of nodes at a given depth in a tree,0.2513,0.2733
Prolog,How to filter a list in Prolog with multiple conditions?,0.2896,0.2733
Prolog,How to return difference in years in Prolog?,0.2241,0.2733
Prolog,How to make requests to a tcp socket and handle response in SWI Prolog?,0.3722,0.2733
Prolog,Finding most occurrences in set of prolog rules,0.246,0.2733
Prolog,Program in SWI-Prolog,0.1011,0.2733
Prolog,What do I miss in my compare list prolog program?,0.249,0.2733
Prolog,Prolog singleton variables in rule head causes program to output booleans for all queries,0.4666,0.2733
Prolog,Arguments are not sufficiently instantiated while trying to get combinations,0.4078,0.2733
Prolog,The form of Result in Prolog,0.1316,0.2733
Prolog,How to solve this Prolog question by filtering out the atoms?,0.3164,0.2733
Prolog,Monadic Parser in Prolog (Example DIMACS files),0.2485,0.2733
Prolog,I can't manage to get into a second recursive call Prolog,0.2965,0.2733
Prolog,"Prolog, writing expression with no atoms",0.2155,0.2733
Prolog,Prolog Error: Clauses are not together in the source file,0.2954,0.2733
Prolog,predicate that output an expression containing an atom into a list,0.3464,0.2733
Prolog,Prolog - Comparison between 1 and 0.5 fails,0.2149,0.2733
Prolog,Prolog - transforming to tail recursion,0.2226,0.2733
Prolog,prolog unary numbers - evaluating expression,0.2629,0.2733
Prolog,Stack limit exceeded when trying to execute a Query in Prolog,0.3185,0.2733
Prolog,Prolog: Wrong Evaluation?,0.1613,0.2733
Prolog,"Prolog program to search book by book_title ,by book_author, by book_edition using recursion",0.4798,0.2733
Prolog,Prolog- get a segment of a list,0.1435,0.2733
Prolog,"Prolog - Array of arrays, returning entries where array length is greater than one",0.4253,0.2733
Prolog,Executing all clauses and deleting somes,0.2192,0.2733
Prolog,"Prolog, Drop Node from Graph",0.1385,0.2733
Prolog,Prolog flatten/2 implementation,0.1929,0.2733
Prolog,"Prolog, Generate all paths from a node to another, limiting the maximum number of hops",0.4492,0.2733
Prolog,How prolog derivation works in this query?,0.2179,0.2733
Prolog,How can I return the next move in the alpha-beta algorithm?,0.3055,0.2733
Prolog,Enumerate multi set of all elements from given list which sums up to given number,0.4269,0.2733
Prolog,Finding number of unique elements in the list,0.2332,0.2733
Prolog,Prolog list length comparison return true/false,0.2549,0.2733
Prolog,How to connect to MongoDB server via swi prolog?,0.2448,0.2733
Prolog,How to get the result in the list with alternating sign using prolog?,0.3601,0.2733
Prolog,How to use prolog to produce ideal list?,0.1986,0.2733
Prolog,"Calling phrase/2 on a list of grammar rules, rather than a list of atoms",0.38,0.2733
Prolog,How add finitely failed branches to a Prolog visualizer?,0.2932,0.2733
Prolog,list processing in Prolog,0.1378,0.2733
Prolog,How do I see a detailed order (execution) for a Prolog query?,0.3126,0.2733
Prolog,Compute addition and subtraction of an arithmetic expression without 'is',0.3859,0.2733
Prolog,Prolog successor notation yields incomplete result and infinite loop,0.3683,0.2733
Prolog,Express Knowledge base in CNF and resolution in prolog,0.2836,0.2733
Prolog,Prolog stuck on a complex predicate,0.1827,0.2733
Prolog,Interpreting Basic Prolog Result,0.2021,0.2733
Prolog,Prolog: Arguments not sufficiently instantiated,0.2916,0.2733
Prolog,"Prolog: Multiplication(X,Y)",0.1449,0.2733
Prolog,Look for algorithm/research area that determines facts that would make a Prolog query true given a Prolog program,0.5938,0.2733
Prolog,Prolog - How to replace certain words in a list,0.2363,0.2733
Prolog,Prolog - Multiplication by recursive addition,0.2709,0.2733
Prolog,Prolog: counting atoms in a list,0.1571,0.2733
Prolog,Problem in finding all prime factors of a number in prolog,0.3017,0.2733
Prolog,Optimising a Prolog Rule,0.1287,0.2733
Prolog,"What is the approach for dealing with ""residual goals"" in Prolog?",0.3347,0.2733
Prolog,Fail to display input and output in prolog,0.2142,0.2733
Prolog,Searching Prolog Quine that doesnt use clause/2 or write/1?,0.3052,0.2733
Prolog,Creating a Knowledge Base and Querying in Prolog,0.2523,0.2733
Prolog,depth first search graph open and close list,0.2269,0.2733
Prolog,SWI-Prolog: Using Threading with Mutex locks,0.2314,0.2733
Prolog,Combining two lists in prolog,0.1511,0.2733
Prolog,How to check equality in multiple lists in Prolog,0.2534,0.2733
Prolog,Sum within list prolog,0.1103,0.2733
Prolog,Retaining values in Prolog,0.147,0.2733
Prolog,Retaining values in Prolog,0.147,0.2733
Prolog,Why does this rule with `not` always return false?,0.2519,0.2733
Prolog,fibonacci sequence recursive syntax error,0.2477,0.2733
Prolog,Number guessing game in Prolog,0.1592,0.2733
Prolog,how to add value to existing variable in Prolog?,0.2448,0.2733
Prolog,How do I write the init function from Haskell in Prolog [closed],0.3307,0.2733
Prolog,Sum to a number program in Prolog,0.1602,0.2733
Prolog,Difficulty with propositional logic in prolog [closed],0.2959,0.2733
Prolog,How to I get the outputlist in Prolog?,0.1859,0.2733
Prolog,Can anybody help me understanding this prolog program?,0.2877,0.2733
Prolog,"Prolog Chess AI, Alpha Beta Pruning",0.179,0.2733
Prolog,Count specific element in list [Prolog],0.2044,0.2733
Prolog,Dealing with dynamic predicates that cause compilation failures,0.3478,0.2733
Prolog,Water Jug Problem in Prolog with Best First Search,0.2594,0.2733
Prolog,"level([X|_], X, 1). how to get the level of a given value on a tree?",0.3605,0.2733
Prolog,Why `f(a)=a` fails but `f(X)=X` succeeds in prolog?,0.2508,0.2733
Prolog,SWISH Prolog Errors in Factorial,0.1753,0.2733
Prolog,"Prolog, Outputting a Variable After a Relation is Used",0.2811,0.2733
Prolog,Is single sided unification sufficient for Datalog?,0.2788,0.2733
Prolog,prolog program for sum of all even fibonacci numbers below 4000000,0.3464,0.2733
Prolog,"How to swap the result of a predicate to the opposite? True to False, and vise versa",0.4451,0.2733
Prolog,Prolog go through all lists of a list,0.1823,0.2733
Prolog,"insert(I, [], [I, [], [] ] ). how to insert into a binary tree?",0.2873,0.2733
Prolog,Should text-processing DCGs be written to handle codes or chars? Or both?,0.3795,0.2733
Prolog,"insert(I, [], [I, [], [] ] ). how to insert a value into a binary tree?",0.3349,0.2733
Prolog,Does Prolog's toplevel use the wrong operator when printing results?,0.3556,0.2733
Prolog,"leaf([X,[], []], [X]). how to get the list of leaves of a tree?",0.3042,0.2733
Prolog,How to translate a list into another in Prolog,0.2352,0.2733
Prolog,How to use SWI Prolog's http/html_write library to write HTML to a file,0.3764,0.2733
Prolog,Can single sided unification improve error handling?,0.2855,0.2733
Prolog,"Predicate should concatenate and reverse, but always returns false",0.3537,0.2733
Prolog,Representing an expression in prolog,0.2075,0.2733
Prolog,Prolog meta-interpreters and single sided unification,0.2955,0.2733
Prolog,"Is there any difference between using the ""or"" operator and using several clauses?",0.4253,0.2733
Prolog,What does this program in Prolog do?,0.1773,0.2733
Prolog,Creating Metavariables in Prolog,0.2021,0.2733
Prolog,functor as variable in Prolog,0.1511,0.2733
Prolog,"insert(X, [], [X]). inserting into a last position",0.2397,0.2733
Prolog,"PROLOG bike touring task, create rules and queries",0.2622,0.2733
Prolog,Duration comparison in prolog,0.1746,0.2733
Prolog,prolog Arguments are not sufficiently instantiated error,0.3158,0.2733
Prolog,"Prolog Recursion in lists, last but one element",0.2431,0.2733
Prolog,PROLOG Internals,0.1303,0.2733
Prolog,Tabling in Prolog Game Search for Tic-Tac-Toe,0.2292,0.2733
Prolog,SWI-Prolog syntax for JSON,0.1269,0.2733
Prolog,Iterate through the prolog list and return a list with indexes of all positive values,0.4471,0.2733
Prolog,Quine's algorithm with Single Sided Unification in Prolog,0.3018,0.2733
Prolog,Extracting all variables and building a clause?,0.2517,0.2733
Prolog,"A cross-module ""interface"" call in SWI-Prolog",0.2276,0.2733
Prolog,"I need to multiply and sum one list, the output should be like this",0.3516,0.2733
Prolog,Converting list of clauses to a query?,0.1908,0.2733
Prolog,Do Prolog coroutines have a notion of solution and therefore determinism?,0.3835,0.2733
Prolog,How do I find out which module a Prolog operator comes from?,0.3109,0.2733
Prolog,Prolog if statement without else,0.1753,0.2733
Prolog,How instrument Prolog code to check determinism,0.2549,0.2733
Prolog,Different order of interpretation depending on the context?,0.3195,0.2733
Prolog,When does Prolog prompts 'yes' and when does it says 'true',0.2991,0.2733
Prolog,what does <> mean in prolog?,0.125,0.2733
Prolog,Starting to solve a nonogram using `clpfd`,0.2147,0.2733
Prolog,How to get the not effect in Prolog,0.1696,0.2733
Prolog,Prolog setOf with Multiple Predicates,0.2155,0.2733
Prolog,What is the most elegant way to find 16-bit numbers which satisfy some conditions?,0.4305,0.2733
Prolog,APE: generate separate object-node instead named-node?,0.2849,0.2733
Prolog,members() of a list,0.0715,0.2733
Prolog,How to print a write value given prolog predicate retuns true?,0.322,0.2733
Prolog,How to express a disjunction of inequalities compactly without redundant answers/solutions,0.4755,0.2733
Prolog,APE: Converting DRS to Struct,0.1466,0.2733
Prolog,Prolog tries to find multiple solutions when only one exists,0.315,0.2733
Prolog,Arithmetic in Prolog - Multiples of a number,0.2282,0.2733
Prolog,How to safely temporarily change the occurs check flag?,0.2872,0.2733
Prolog,Convert DRS to Sentence,0.1195,0.2733
Prolog,Prolog Infinite Loop: Bi-Directional Predicates,0.2666,0.2733
Prolog,compilation failed in GNU Prolog,0.1753,0.2733
Prolog,Inverting a function via CLP(FD) in pure Prolog,0.2388,0.2733
Prolog,Dealing with unknown procedure error in SWI-Prolog,0.2651,0.2733
Prolog,Prolog take a part of a list,0.1264,0.2733
Prolog,Prolog: Sum the values of the leaves in the binary tree,0.2828,0.2733
Prolog,How to create predicate that is true if gets different values,0.3185,0.2733
Prolog,DCG capable of reading a propositional logic expression,0.2969,0.2733
Prolog,prolog sorting a list based on the sublist of each element,0.3017,0.2733
Prolog,CHR: How do you call Prolog code inside a rule,0.2316,0.2733
Prolog,Use Prolog with C# (Unity),0.1134,0.2733
Prolog,find biggest interval in a list of sublists (these sublists have 2 elements),0.3953,0.2733
Prolog,I'm new to Prolog and I don't know where I'm going wrong,0.3007,0.2733
Prolog,Prolog Prefix with index,0.1287,0.2733
Prolog,Problem with building an expert system in prolog,0.2523,0.2733
Prolog,"CHR: managing ""constraint stores""",0.1944,0.2733
Prolog,Free Variable in Prolog,0.1195,0.2733
Prolog,Non-linearity of Wielemaker-Demoen Unification,0.263,0.2733
Prolog,Paterson-Wegman versus Wielemaker-Demoen Unification,0.3069,0.2733
Prolog,Lambdas in Prolog?,0.0914,0.2733
Prolog,Prolog: slash separated string to list,0.2009,0.2733
Prolog,Prolog Procedure si(A) Does not Exist,0.1841,0.2733
Prolog,How to write a prolog program for recursive subtraction,0.2897,0.2733
Prolog,Order of unification in lists when using pipe(|),0.2439,0.2733
Prolog,Quick-Dict or Hash-List : value by key and key by value?,0.2855,0.2733
Prolog,Predicate returning false,0.1763,0.2733
Prolog,Unit testing in GNU Prolog,0.1269,0.2733
Prolog,An error showing while run this prolog code,0.2205,0.2733
Prolog,problem with deleting list item in prolog,0.2143,0.2733
Prolog,I wrote a prolog code for my family tree. What's the problem with this code?,0.402,0.2733
Prolog,Prolog does not compute the variable for a list,0.2413,0.2733
Prolog,Prolog error arguments are not instantiated,0.2411,0.2733
Prolog,Can Prolog facts be used for adversarial search?,0.2495,0.2733
Prolog,Game Tree modulo Symmetry in Prolog,0.1827,0.2733
Prolog,Check if object already exists?,0.1627,0.2733
Prolog,How can I use this merge sort code in Prolog?,0.2258,0.2733
Prolog,Most General Unifier (Prolog),0.1633,0.2733
Prolog,Precompute arbitrary Winning Strategy in Prolog,0.2703,0.2733
Prolog,Threading state/context in DCG while parsing text,0.2587,0.2733
Prolog,Returning value of the predicate in Prolog,0.2211,0.2733
Prolog,How to write predicate that checks whether for two same X values there are different Y values?,0.4951,0.2733
Prolog,Why does my implementation of Dijkstra's algorithm fail under this undefined case?,0.4287,0.2733
Prolog,DCG: hidden argument across all Rules?,0.1971,0.2733
Prolog,Finding all nodes connected to a vertex in Prolog,0.2534,0.2733
Prolog,Prolog: Given a Matrix create the transpose,0.2247,0.2733
Prolog,solving kakuro in prolog using predicate,0.2192,0.2733
Prolog,Prolog delete all increasing subseries from a list,0.2651,0.2733
Prolog,division and reminder in prolog without mathematical built-in predicates,0.3846,0.2733
Prolog,is it possible to prove nested rule in prolog?,0.2327,0.2733
Prolog,Create a list from user input and it should be merge sorted in Prolog,0.3635,0.2733
Prolog,Convert complex term to List of lists and then back to term with modified functor [closed],0.4713,0.2733
Prolog,"My Prolog program makes a list, but I can't figure out how to make it stop after 2 entries",0.4888,0.2733
Prolog,Defining a DCG in Prolog for bit strings,0.2014,0.2733
Prolog,"A function that counts the number '1's, '2's and '3's in a list, with count represented as, for example, s(s(s(0))) = 3",0.6528,0.2733
Prolog,Why is the list [1] not included in the answer P = [[]]? Prolog,0.3103,0.2733
Prolog,How to generate the language of all binary strings of length n-1 using a DCG in Prolog,0.4614,0.2733
Prolog,Tupper's Formula in Prolog,0.1269,0.2733
Prolog,How do I define this predicate so that it doesn't run forever,0.3196,0.2733
Prolog,Example of how pass by value-result works in Prolog,0.2628,0.2733
Prolog,"Predicate that, if we input 6 as argument, generates A = 6, B = 0... A = 4, B = 2... A = 2, B = 4... A = 0, B = 6 and ends",0.6501,0.2733
Prolog,how should I delete non numbers in list use prolog,0.257,0.2733
Prolog,Problems with writing to file,0.1511,0.2733
Prolog,How to populate a list in prolog at the end of recursion?,0.2946,0.2733
Prolog,What is a simple worst case for occurs check in Prolog?,0.2828,0.2733
Prolog,parsing with CHR (Constraint handling rules),0.2409,0.2733
Prolog,Some problems with reading file,0.1672,0.2733
Prolog,"I cannot get my Flex program to output a result into the console, it only returns ""no""",0.4535,0.2733
Prolog,Cut at the beginning of a clause,0.1535,0.2733
Prolog,Selecting such or such Prolog system in Emacs via prolog.el,0.3073,0.2733
Prolog,What occurs-check optimizations is SWI Prolog using?,0.275,0.2733
Prolog,Simulating occurs_check=error in SICStus Prolog,0.2703,0.2733
Prolog,Excluding even numbers in Prolog,0.1753,0.2733
Prolog,Arithmetic puzzle prolog,0.1653,0.2733
Prolog,Solving linear system of equations with Prolog library Simplex,0.332,0.2733
Prolog,Excluding even numbers in Prolog,0.1753,0.2733
Prolog,Arithmetic puzzle prolog,0.1653,0.2733
Prolog,Solving linear system of equations with Prolog library Simplex,0.332,0.2733
Prolog,Powerset o a set(list) in Prolog,0.1502,0.2733
Prolog,Instantiate arguments in Prolog,0.1929,0.2733
Prolog,Find binary search trees based on traversal in prolog,0.2776,0.2733
Prolog,Create a list from user input in Prolog,0.1951,0.2733
Prolog,Prolog: random permutation,0.1799,0.2733
Prolog,Prolog combinatoric of two lists ignoring the last items,0.2957,0.2733
Prolog,How can I get my maze program to create and print two route-lists to the console?,0.4318,0.2733
Prolog,Possible bug or omission,0.1287,0.2733
Prolog,Emacs Re-Indent File,0.0919,0.2733
Prolog,Proper subsumes_term/2 in SWI-Prolog?,0.1936,0.2733
Prolog,"Different answers when using anonymous variable and ""normal"" variable in Prolog",0.4151,0.2733
Prolog,Define a predicate that holds of both numeral and their negative and enumerate them,0.4357,0.2733
Prolog,Passing a GOAL as argument ? Plus variable number of arguments?,0.3256,0.2733
Prolog,Proper unify_with_occurs_check/2 in SWI-Prolog?,0.2666,0.2733
Prolog,"Prolog encoded integers, less/2(X, Y) predicate",0.2375,0.2733
Prolog,changing list of strings to atoms using maplist?,0.2495,0.2733
Prolog,Setting order method in Sicstus prolog Samsort,0.2482,0.2733
Prolog,Properly matching a set of tokens against my BASIC grammar,0.3034,0.2733
Prolog,About building a list until it meets conditions,0.246,0.2733
Prolog,Grounding in Prolog given a predicate and a list,0.2473,0.2733
Prolog,matching 'connectors' and creating structure?,0.2664,0.2733
Prolog,Prolog recursive predicate returns to initial state after ending,0.3441,0.2733
Prolog,Square Puzzle Problem Solution with Constraint Programming,0.3294,0.2733
Prolog,How to create a list without using findall? Prolog,0.2569,0.2733
Prolog,How would you express mutual exclusion of facts in Prolog?,0.3012,0.2733
Prolog,How do I create a DCG rule inverse to another in Prolog?,0.2892,0.2733
Prolog,Parsing list of items with DCG?,0.1498,0.2733
Prolog,"DCG : zero-or-more, zero-or-one , one-or-more occurrences?",0.2894,0.2733
Prolog,How to remove variants from a List? Prolog,0.2113,0.2733
Prolog,Expressing numerical constraints using Prolog without CLP(FD),0.3322,0.2733
Prolog,DCG encoding facts with lambdas in old Prologs?,0.2431,0.2733
Prolog,how to print the first letter of few words in prolog list?,0.3001,0.2733
Prolog,Tentative binding of variables in CLP,0.1973,0.2733
Prolog,Pure Prolog Scheme Quine,0.1287,0.2733
Prolog,List of prime factors of a given number in prolog with basics,0.3182,0.2733
Prolog,"To convert a list,Prolog",0.1108,0.2733
Prolog,`less/2` relation in Peano arithmetic,0.1898,0.2733
Prolog,Increase stack size in runtime in Swi-prolog,0.2269,0.2733
Prolog,"Perform list conversion,Prolog",0.1837,0.2733
Prolog,Pure Prolog δλ-Calculus Equality,0.1753,0.2733
Prolog,Pure Prolog Peano List Intersection,0.1994,0.2733
Prolog,Pure Prolog Peano Number Apartness,0.1914,0.2733
Prolog,Pure Prolog Meta-Interpreter with one Rule,0.2211,0.2733
Prolog,"Is ""almost pure"" Prolog expressive?",0.1859,0.2733
Prolog,No implemantation in prolog MAZE,0.1753,0.2733
Prolog,heapify prolog implementation,0.2206,0.2733
Prolog,How to use call_with_depth_limit/3,0.1914,0.2733
Prolog,NU-Prolog's and Gödel's logical and sound `if-then-else` extension,0.3425,0.2733
Prolog,Code not working. Printing out a few specific elements from a list,0.3435,0.2733
Prolog,How do I write prolog program which adds up only the positive numbers?,0.3654,0.2733
Prolog,Why does SWI-Prolog invent f/2 given only f/1?,0.2325,0.2733
Prolog,SWI-Prolog can't find pce library,0.1602,0.2733
Prolog,"I cant understand how the function subset(X,Y) works",0.2664,0.2733
Prolog,Up-to-date Prolog implementation benchmarks?,0.2447,0.2733
Prolog,I have a problem of maplist of prolog program,0.2292,0.2733
Prolog,"included_list(List1, List2)",0.1834,0.2733
Prolog,Count the number of times a rule is declared - SWIProlog,0.2873,0.2733
Prolog,How to get the first letter of each word enter by user,0.2802,0.2733
Prolog,Late binding a variable?,0.123,0.2733
Prolog,Seeking a pure Prolog implementation of (\=)/2,0.2321,0.2733
Prolog,Backtracking in Prolog,0.1431,0.2733
Prolog,How do I construct a parse tree from a series of S-expression tokens in Prolog?,0.4183,0.2733
Prolog,"Pure append/3 for mode (-,+,+) that wouldn't leave a Choice Point",0.3249,0.2733
Prolog,"Is pure Prolog Turing-complete, and if so, why can't it implement list intersection?",0.4376,0.2733
Prolog,"Prolog : Execute intersection of two arrays without using inbuilt functions (such as intersection, member)",0.5462,0.2733
Prolog,Prolog taller than,0.0989,0.2733
Prolog,De Bruijn index based substitution in Prolog,0.2346,0.2733
Prolog,DCG reversing a string of binary bits,0.1873,0.2733
Prolog,Is there any difference between an N-ary function in Curry and an N+1-ary relation in Prolog?,0.498,0.2733
Prolog,Prolog - How can I modify this clause to be able to print it in-depth first search DFS?,0.4625,0.2733
Prolog,Why does my Prolog S-expression tokenizer fail on its base case?,0.3326,0.2733
Prolog,Check if list is Flattened or not in Prolog,0.2171,0.2733
Prolog,Lists of list exercsie in Prolog,0.1608,0.2733
Prolog,How to resolve this type error in my Prolog code for generating the Collatz Sequence?,0.4456,0.2733
Prolog,Reverse Conversion in Prolog,0.1654,0.2733
Prolog,"If you write a compiler in pure Prolog, will it work as a decompiler also?",0.3886,0.2733
Prolog,"Prolog, produce lists with m first members reversed [closed]",0.3124,0.2733
Prolog,Armstrong number using prolog [closed],0.2146,0.2733
Prolog,Prolog Recursive Pancake Sorting,0.2021,0.2733
Prolog,"Do modern Prolog compilers optimize away the occurs check automatically, when it's safe?",0.4583,0.2733
Prolog,How to check if two elements of nested lists are the same index in Prolog?,0.3901,0.2733
Prolog,Prolog - compare 2 lists that contain other lists as elements,0.3163,0.2733
Prolog,Finding the position of an element within a nested list in Prolog,0.3399,0.2733
Prolog,How to draw right triangle using recursion in prolog?,0.2751,0.2733
Prolog,Finding the length of lists within a list in Prolog,0.2628,0.2733
Prolog,Is there a higher order Prolog that wouldn't need a type system?,0.3337,0.2733
Prolog,How can Prolog derive nonsense results such as 3 < 2?,0.2677,0.2733
Prolog,How to do only 2 recursive calls in Prolog?,0.2146,0.2733
Prolog,Check if a number is between 2 values,0.1823,0.2733
Prolog,how can i draw star triangle using recursive in prolog?,0.2838,0.2733
Prolog,How to call a predicate that appends two lists in Prolog?,0.294,0.2733
Prolog,Sorting a list in prolog based on 2 keys,0.1989,0.2733
Prolog,Prolog tail recursive helper predicate for power,0.2617,0.2733
Prolog,Sort predicate in Prolog,0.1287,0.2733
Prolog,Truly Tail-Recursive modInverse() in Prolog,0.2336,0.2733
Prolog,Prolog tail recursive helper predicate for power,0.2617,0.2733
Prolog,Sort predicate in Prolog,0.1287,0.2733
Prolog,Truly Tail-Recursive modInverse() in Prolog,0.2336,0.2733
Prolog,Find whether a given employee name belong to two different Employee Id's?,0.3812,0.2733
Prolog,"Why Do i receive ""Singleton variable"" warning and incorrect result?",0.3488,0.2733
Prolog,Why `depthfirst2` is always marked as red?,0.2115,0.2733
Prolog,List split in Prolog,0.0919,0.2733
Prolog,SICStus Prolog weighted_maximum/3 replacement?,0.2835,0.2733
Prolog,SICStus Prolog sat_count/2 replacement?,0.2271,0.2733
Prolog,Prolog reverse front members of a list,0.194,0.2733
Prolog,Passing from append to difference list on prolog,0.2523,0.2733
Prolog,How to create a infinite list if input is not delcared?,0.2828,0.2733
Prolog,Discrete Logarithm in Prolog,0.1654,0.2733
Prolog,Singleton variable in branch,0.1654,0.2733
Prolog,Is there a way I can call non-terminal symbols recursively when working with a DCG in Prolog?,0.4938,0.2733
Prolog,How will Prolog interpret this?,0.1627,0.2733
Prolog,How to print in prolog?,0.0983,0.2733
Prolog,Most common sublist in Prolog,0.1511,0.2733
Prolog,How to merge the elements in a list in a simpler way? Prolog,0.3126,0.2733
Prolog,Failed to print resource exception due to lack of space- SWI-prolog,0.3489,0.2733
Prolog,λProlog rejecting hypothetical reasoning queries?,0.3077,0.2733
Prolog,Stuck on understanding Golog Interpreter - how can I avoid hardcoding?,0.3662,0.2733
Prolog,Prolog clause being recalled every time value retrieved from clause is accessed,0.4158,0.2733
Prolog,"most general unifier of n(a,b) and f(x,y)",0.2025,0.2733
Prolog,Unexpected result for predicate nb_setarg/3,0.2411,0.2733
Prolog,Prolog check if list contains 2 times the elements of another list,0.3453,0.2733
Prolog,valid bracket list in prolog,0.143,0.2733
Prolog,Finding all sublists of size N in Prolog,0.2014,0.2733
Prolog,Grouping list elements based on values in list,0.2396,0.2733
Prolog,How to find max element in nested list in Prolog?,0.249,0.2733
Prolog,Is there any reasonable way to embed a Prolog interpreter inside of a C program? [closed],0.465,0.2733
Prolog,How can I get facts from my knowledge base into a list?,0.2838,0.2733
Prolog,Rule for taking sum and compare fails,0.1873,0.2733
Prolog,Prolog checking if 2 lists have same number of elements,0.286,0.2733
Prolog,Prolog program to find path list of 'right' and 'up' moves across a 10X10 grid,0.4058,0.2733
Prolog,How to make a rule return all details of a fact using Prolog,0.3143,0.2733
Prolog,How to state a facts in prolog what works in both ways?,0.2838,0.2733
Prolog,GProlog reachable elements in a graph,0.1973,0.2733
Prolog,Search for path is gprolog,0.1269,0.2733
Prolog,How to stop infinite recursion in PROLOG,0.2076,0.2733
Prolog,Rewriting tail recursion prolog code into simple recursion,0.316,0.2733
Prolog,Remove shared items in a list in prolog,0.1951,0.2733
Prolog,Insert element after every element in list in Prolog,0.2715,0.2733
Prolog,What does higher-order semantics give you in λProlog?,0.2751,0.2733
Prolog,"In prolog, why is `(1+2) is (2+1)` false?",0.1868,0.2733
Prolog,How to count the leaves of a tree in prolog?,0.22,0.2733
Prolog,How to add constraints to elements of a list in other predicates?,0.338,0.2733
Prolog,"Remove repeating elements in list, Prolog",0.2228,0.2733
Prolog,Why is my recursive prolog script not working?,0.2368,0.2733
Prolog,Prolog. Construct a transitive closure of a graph,0.2559,0.2733
Prolog,Reading from textfile in prolog,0.1672,0.2733
Prolog,Why does the negation as a failure work with \+ is_list but not with \+ is_flat?,0.409,0.2733
Prolog,Eliminate consecutive duplicates of list elements with prolog,0.335,0.2733
Prolog,How to test a predicate on a range of numbers and return those that pass in Prolog,0.438,0.2733
Prolog,How to make prolong understand a connection by other relationship,0.344,0.2733
Prolog,How to exam every 3 consecutive items of a list in prolog,0.2965,0.2733
Prolog,Checking to see if an element is in a tree in Prolog,0.2694,0.2733
Prolog,nesting depth of a term,0.1028,0.2733
Prolog,Prolog recursively iterate a list fail,0.2046,0.2733
Prolog,Two conditional based replace function over same list in prolog?,0.336,0.2733
Prolog,Is Prolog really based on the closed-world assumption?,0.2811,0.2733
Prolog,How to solve Lumberjack quiz problem in prolog?,0.2431,0.2733
Prolog,How to check for membership in a list in CLINGO?,0.2432,0.2733
Prolog,Words with repeating symbols in prolog v5.2,0.2205,0.2733
Prolog,Prolog - can't run the program as expected,0.2085,0.2733
Prolog,If statement in prolog recursion,0.1753,0.2733
Prolog,Prolog pathfinding stuck in a loop after found the answer,0.2976,0.2733
Prolog,Pathfinding recursion runs out of memory in Prolog,0.2651,0.2733
Prolog,second largest from a list prolog,0.1681,0.2733
Prolog,Prolog - list contains 2x element X,0.1752,0.2733
Prolog,How to return in prolog all elements from right to left greater than an integer in one predicate?,0.5129,0.2733
Prolog,How to move first N elements to the end of the list for each list in the list of lists,0.4712,0.2733
Prolog,How to count nth prime in prolog,0.1535,0.2733
Prolog,Is there a way to check if an element is boolean in prolog?,0.3073,0.2733
Prolog,Proof that a murder took place using Prolog,0.2205,0.2733
Prolog,Is there a way to select only the first and last element of a list in PROLOG?,0.4123,0.2733
Prolog,ZDD with Quantification in Prolog,0.1833,0.2733
Prolog,What does this Prolog list manipulation program do?,0.2686,0.2733
Prolog,Retrieve elements from facts in Prolog,0.2046,0.2733
Prolog,Prolog query: how does addition matter for recursive queries,0.3174,0.2733
Prolog,Problems writing to a file in prolog,0.1805,0.2733
Prolog,Reversing the item order of a list in prolog,0.2231,0.2733
Prolog,More complicated goals in higher order Prolog,0.2414,0.2733
Prolog,Prolog Lists from List Predicate,0.1753,0.2733
Prolog,going over entire the list and check whether items exists in Prolog,0.3508,0.2733
Prolog,How to insert member list with menu driven prolog program?,0.3012,0.2733
Prolog,Prolog finding max of list with two values,0.2142,0.2733
Prolog,"Splice in sublists in a list, without using flatten/2",0.2722,0.2733
Prolog,Prolog: Can assign a valiable on a value based on this matching condition (ANAGRAM),0.4309,0.2733
Prolog,how to separate the values in min() predicate prolog,0.2665,0.2733
Prolog,Arguments are not sufficiently instantiated in clause/2,0.2969,0.2733
Prolog,Retrieve constrained list from knowledge base,0.2557,0.2733
Prolog,Prolog: Assign a list of characters to a list of numbers,0.2884,0.2733
Prolog,"How do I write a predicate that takes as input a list, and appends all list-typed entries from this list to a new list using Prolog?",0.7181,0.2733
Prolog,lists in new list in prolog without using flatten/2 [duplicate],0.3255,0.2733
Prolog,Retrieve Items in Prolog,0.1287,0.2733
Prolog,'Syntax error: Operator expected' error while running prolog program in ubuntu,0.4074,0.2733
Prolog,recipe function in prolog,0.1378,0.2733
Prolog,How to read from a list in GNU prolog?,0.1843,0.2733
Prolog,Printing minimum answer as list?,0.1708,0.2733
Prolog,ListsfromList function in Prolog,0.2021,0.2733
Prolog,In Prolog is it possible to have NOT operation in left hand side of a statement?,0.4232,0.2733
Prolog,Heap Sort in Prolog,0.0828,0.2733
Prolog,Decoding raw bytes received by udp_receive with as( codes ),0.3064,0.2733
Prolog,Recursion on a list involving arithmetic operations and counting elements?,0.394,0.2733
Prolog,Prolog: find and put into the list duplicates,0.2304,0.2733
Prolog,Prolog program capable of finding three consecutive and repetitive values,0.3904,0.2733
Prolog,How to make a sublist in Prolog,0.1467,0.2733
Prolog,How to correct this 'Greater Than' Arithmetic Prolog code?,0.3003,0.2733
Prolog,How to keep track of how many items in a list are greater than the head element in prolog,0.4802,0.2733
Prolog,prolog find minimum fact with two conditions,0.2346,0.2733
Prolog,Negation predicate not/2 for SAT Solver in Prolog,0.2534,0.2733
Prolog,Logic in Prolog,0.0657,0.2733
Prolog,How to accumulate in a repeat (forever),0.1944,0.2733
Prolog,Prolog function to create multiplication tables,0.2703,0.2733
Prolog,Prolog: I keep getting errors when trying to compile a simple program,0.3597,0.2733
Prolog,WAM register allocation for same structures,0.2411,0.2733
Prolog,Is it possible to increment/count from 0 to n without an accumulator with SWI-Prolog?,0.448,0.2733
Prolog,Access Head and Tail of List stored in a variable as input to further predicate (Prolog),0.4614,0.2733
Prolog,How to perform arithmetic operations on a list of lists in prolog,0.3399,0.2733
Prolog,Euclid in Prolog (greatest common denominator),0.2555,0.2733
Prolog,Subtract 1 from number (recursion in Prolog),0.2282,0.2733
Prolog,"to find a list of ten even integer reading an integer (N) from the keyboard,first element is the first even number after N",0.6558,0.2733
Prolog,"Filling list (as an array) : without cut, backtracking leads to infinite recursion after giving a correct production",0.597,0.2733
Prolog,Syntax error: Operator expected (SWI Prolog),0.2372,0.2733
Prolog,Does Prolog need GC when the occurs check is globally enabled?,0.322,0.2733
Prolog,Returning a value from an if-statement in Prolog,0.2473,0.2733
Prolog,How to enable the occurs check in all unifications in SWI-Prolog?,0.338,0.2733
Prolog,Write list element into csv in prolog,0.1873,0.2733
Prolog,How to remove an element from a multiway tree in Prolog,0.2849,0.2733
Prolog,Boolean unification in Prolog?,0.1781,0.2733
Prolog,Similar like world blocks in prolog with new rules,0.2594,0.2733
Prolog,"Does HiLog add anything that can not be done with ""call"" in Prolog? [duplicate]",0.407,0.2733
Prolog,Prolog - Recursively append numbers to a list,0.235,0.2733
Prolog,How to find a common element in two lists? Prolog,0.249,0.2733
Prolog,finding a cycle path in prolog,0.1462,0.2733
Prolog,"Building a list of float achieved with ""Type error: `character' expected, found `0.0' (a float)""",0.4898,0.2733
Prolog,Prolog convert list of string to list of numbers,0.2473,0.2733
Prolog,Flattened form in WAM,0.1011,0.2733
Prolog,Return values in Prolog,0.1195,0.2733
Prolog,Check if all items in a list are a specific number in Prolog,0.3143,0.2733
Prolog,Finding the path length of an Acyclic Graph in Prolog,0.2744,0.2733
Prolog,Implementing an Automaton in Prolog,0.1994,0.2733
Prolog,Finding the binary tree height in Prolog,0.2076,0.2733
Prolog,Recursively traverse two lists and combine tests,0.2617,0.2733
Prolog,Most General Unifier and Result,0.1672,0.2733
Prolog,Underscore followed by numbers instead of solution,0.2752,0.2733
Prolog,How to pass list's values one by one in another predicate prolog,0.3354,0.2733
Prolog,Prolog: Implement Rule with Optional Facts,0.2301,0.2733
Prolog,How to shift elements to the left as much as possible? Prolog,0.3163,0.2733
Prolog,find minimum of list inside list on the basis of one value,0.3019,0.2733
Prolog,undirected graph in swi prolog,0.1592,0.2733
Prolog,Prolog list operation function,0.1837,0.2733
Prolog,How to list all the trips discarding one airline,0.2473,0.2733
Prolog,Should I enforce mode declarations by throwing instantiation errors?,0.3658,0.2733
Prolog,find the list of all airports in a country in prolog,0.2681,0.2733
Prolog,Test whether L is a valid Prolog list,0.1823,0.2733
Prolog,Largest empty subgraph of an undirected graph in SWI Prolog,0.3092,0.2733
Prolog,Dynamic union find algorithm in Prolog,0.2046,0.2733
Prolog,Numerical comparision in Einstein Riddle,0.2397,0.2733
Prolog,Build a new list of elements which appears more than 3 times in old list in Prolog,0.438,0.2733
Prolog,Prolog: Assign value to Variable in Predicate,0.2382,0.2733
Prolog,Is !/0 supposed to cut through (\+)/1 or not?,0.2092,0.2733
Prolog,Prolog stack limit exceeded,0.1562,0.2733
Prolog,Swap two items depending on the index,0.1873,0.2733
Prolog,"count number of times Y happen in fact(X,Y) in Prolog Programming",0.339,0.2733
Prolog,How do I represent an alphanumeric string in DCG?,0.2509,0.2733
Prolog,"How to represent ""Alberich hates everyone but himself"" in Prolog?",0.3372,0.2733
Prolog,List operation in Prolog for deleting [closed],0.2417,0.2733
Prolog,Concatenate two lists with determined values in prolog,0.2905,0.2733
Prolog,Delete two consecutive constants from a list,0.2346,0.2733
Prolog,prolog - ERROR: Arguments are not sufficiently instantiated,0.3265,0.2733
Prolog,Unusual behaviour of findall,0.1654,0.2733
Prolog,Prolog | findall with result list of another findall,0.2721,0.2733
Prolog,FInd maximun in a List of List,0.1399,0.2733
Prolog,Reversing up to middle in Prolog list,0.1873,0.2733
Prolog,Deleting the middle element of a list,0.1873,0.2733
Prolog,Prolog | Get a list in which elements are calculated with other list and a constant value,0.4664,0.2733
Prolog,how to enter a range of numbers in prolog?,0.2085,0.2733
Prolog,Why this prolog's output is yes/true?,0.1795,0.2733
Prolog,How to generate all words of length N from an alphabet with condition,0.3618,0.2733
Prolog,Output of a function as the input argument of another function in Prolog,0.3777,0.2733
Prolog,How to create a swap function in Prolog with a temp variable?,0.3163,0.2733
Prolog,How apply findall to find several fields | Prolog,0.2531,0.2733
Prolog,Substract elements from two lists | Prolog,0.2263,0.2733
Prolog,Recurse for Kth cousin N times removed in Prolog,0.2473,0.2733
Prolog,Formatting the output with proper paranthesis - Prolog (without using ! and --> ),0.412,0.2733
Prolog,Sum of list elements sums| Prolog,0.1644,0.2733
Prolog,The unification algorithm in Prolog,0.1994,0.2733
Prolog,Prolog | add several values,0.1449,0.2733
Prolog,Does it make sense to use a cut when a predicate backtracks into the same solution?,0.4381,0.2733
Prolog,menu driver program in prolog with multiple input?,0.2622,0.2733
Prolog,Prolog | Access to element on list,0.1679,0.2733
Prolog,Reading a csv file of city distance in prolog?,0.2327,0.2733
Prolog,Return the Nth oldest child from a prolog query,0.2413,0.2733
Prolog,append elements satisfy certain condition to list in swi-prolog,0.3324,0.2733
Prolog,Equivalence relation in prolog,0.1837,0.2733
Prolog,Will this be tail call optimized in SWI-Prolog,0.2352,0.2733
Prolog,Separating list of facts in prolog,0.1754,0.2733
Prolog,Counting the number of valuations via Quine algorithm in Prolog,0.3324,0.2733
Prolog,First-order predicate logic in Prolog: Working with Signatures and Arithmetic Terms,0.4357,0.2733
Prolog,Edit Prolog program to output the result of a computation,0.2976,0.2733
Prolog,Prolog: How would I seperate a list into two lists depending on the category?,0.4015,0.2733
Prolog,Filtering Prolog Rule Results,0.1746,0.2733
Prolog,how to remove the first two elements and the last two elements of a list?,0.385,0.2733
Prolog,How to sum up multiple lists in Prolog,0.1887,0.2733
Prolog,"QT + XSB prolog: ""read access violation at 0x0""",0.2319,0.2733
Prolog,Can't Count dots in Dotsville,0.1389,0.2733
Prolog,"How can I substract in prolog the elements from this structure: s(1, [[],[],[],[]] )? I need the integer and the matrix",0.604,0.2733
Prolog,Somehow I built SWI-Prolog without unbounded integer support. I need to use a predicate that requires this support,0.5973,0.2733
Prolog,"In Prolog, What are some reasons assert and retract could cause the query to fail?",0.429,0.2733
Prolog,Crypt-arithmetic puzzle help: SANTA-CLAUS=XMAS,0.245,0.2733
Prolog,"Run Dijkstra among all the pair of cities as (source, destination) and store the distances as facts",0.5168,0.2733
Prolog,Nested if statements that return boolean in prolog,0.2651,0.2733
Prolog,Are logical connectors and quantifiers just another term for operators in the logic programming paradigm? [closed],0.5888,0.2733
Prolog,"How to ""write a predicate which returns the opposite of a literal"" in Prolog?",0.3999,0.2733
Prolog,Prolog: find a path from root tree node to a specified node,0.3055,0.2733
Prolog,Prolog: How can I show just names that accompany certain numbers. I have a list in the prolog and I need to show just a few certain names,0.7463,0.2733
Prolog,Parse data from csv file into given format using Prolog,0.286,0.2733
Prolog,Define each of the following prolog predicates given the following information [duplicate],0.4718,0.2733
Prolog,RDF: Extract value from type,0.1385,0.2733
Prolog,System State in Prolog,0.1103,0.2733
Prolog,how to randomly shuffle a list using Prolog?,0.2241,0.2733
Prolog,Prolog program that finds the culprit of a crime given the following facts,0.3882,0.2733
Prolog,How to check if variable is a number in Prolog?,0.2374,0.2733
Prolog,prolog if else statement with swish,0.1827,0.2733
Prolog,Outputting prolog in Mac,0.1287,0.2733
Prolog,Comparing 2 names and their ages in prolog,0.2142,0.2733
Prolog,prolog alpha-beta unexpected results,0.2075,0.2733
Prolog,"Prolog, display list result, after algorithm",0.2409,0.2733
Prolog,How to get data from library(persistency) in SWI-Prolog?,0.2873,0.2733
Prolog,SWI-Prolog Parsing input without querying,0.2265,0.2733
Prolog,"PROLOG: calculating the quiz average, dropping the lowest score",0.3331,0.2733
Prolog,What is the difference between goals without and without call/2 in prolog?,0.3865,0.2733
Prolog,Depth limited alpha-beta in prolog,0.1754,0.2733
Prolog,How to find all adequate terms in a prolog database?,0.2664,0.2733
Prolog,Return value of two functions are equal in Prolog,0.2534,0.2733
Prolog,family tree in SWI PROLOG,0.1189,0.2733
Prolog,First N Fibonacci Numbers in Prolog,0.1827,0.2733
Prolog,SWI prolog return true instead of variable,0.2211,0.2733
Prolog,Printing out a dynamically sized truth table using lists in prolog,0.3464,0.2733
Prolog,Split a list on an index in Prolog,0.1632,0.2733
Prolog,Prolog number generation between Number 1 and Number 2,0.2836,0.2733
Prolog,How can I make a time parsing predicate work in both directions?,0.3326,0.2733
Prolog,"Defining ""let expressions"" in Prolog",0.1985,0.2733
Prolog,Prolog number generation between Number 1 and Number 2,0.2836,0.2733
Prolog,How can I make a time parsing predicate work in both directions?,0.3326,0.2733
Prolog,"Defining ""let expressions"" in Prolog",0.1985,0.2733
Prolog,formatting the output with proper paranthesis - Prolog,0.2959,0.2733
Prolog,"Prolog, how to collect all possible result in one list",0.278,0.2733
Prolog,first order logic creating terms for arithmetic expressions using prolog,0.3846,0.2733
Prolog,Convert a list from findall predicate to a string prolog,0.2918,0.2733
Prolog,Why does removing the cut operator in this Prolog recursion not matter?,0.3706,0.2733
Prolog,Trouble with defining rules in Prolog,0.1973,0.2733
Prolog,Which Prolog implementation uses this syntax?,0.252,0.2733
Prolog,how does variable calculating the value in prolog's functor?,0.3128,0.2733
Prolog,How does backtracking in recursion not cause an infinite loop?,0.3244,0.2733
Prolog,How to set executable path for a package on a configuration file on Emacs?,0.3877,0.2733
Prolog,Generate list in place of 'false',0.1606,0.2733
Prolog,Predicate with longest land border using mondial - prolog,0.304,0.2733
Prolog,Way to check if dynamic predicate contains a value,0.2594,0.2733
Prolog,Read user input and assign string matching result to parameter,0.3266,0.2733
Prolog,I have defined multiple predicates that seem to share a common form,0.3508,0.2733
Prolog,write a predicate from other predicates by filtering based on predicate attributes with arithmetic operations,0.5683,0.2733
Prolog,Write a predicate that works for cyclic graph to check if there exists a path between two nodes using prolog,0.574,0.2733
Prolog,Produce a list of Lucas/fibonacci sequence with Prolog,0.2836,0.2733
Prolog,Prolog - Trouble with implementing the Sieve of Eratosthenes,0.3231,0.2733
Prolog,How can I check that a particular constant exists in Prolog?,0.3108,0.2733
Prolog,How do I write 'findall' in a Prolog code itself?,0.2445,0.2733
Prolog,Prolog symmetric encryption,0.1984,0.2733
Prolog,Does WAM Prolog have a Symbol Table?,0.1773,0.2733
Prolog,typing period in VSCode is accidentally bound to something?,0.3114,0.2733
Prolog,Is there a way to have a stop recursion in prolog after a certain number of iterations?,0.461,0.2733
Prolog,Prolog predicate for declaring one object is larger than the other?,0.35,0.2733
Prolog,How to completely remove a predicate in Prolog?,0.2431,0.2733
Prolog,Implementation of predicate similar to Transpose in Prolog,0.316,0.2733
Prolog,Prolog set a list based on query values,0.1951,0.2733
Prolog,"Prolog recursion code returning false, add in variables as input to recursive list parse",0.4599,0.2733
Prolog,Prolog - Dynamic predicate returning true even though asserta/1 is not yet executed,0.4323,0.2733
Prolog,Automating my pet debugging strategy in SWI-Prolog,0.2651,0.2733
Prolog,SWI-Prolog check if two elements in different lists are not at a same position. element 1 should be before or after element position,0.7016,0.2733
Prolog,dif with occurs check,0.1011,0.2733
Prolog,Prolog - Recursive append to list returning false,0.262,0.2733
Prolog,Is there a way to use ! operator in prolog using predicates only in prolog?,0.3896,0.2733
Prolog,ERROR:9:42: Syntax error: Operator expected prolog,0.2594,0.2733
Prolog,Creating a DCG capable of parsing trees in Prolog,0.2534,0.2733
Prolog,Write a predicate that tests if all elements of a numeric list are positive. @mndrix,0.4391,0.2733
Prolog,Elements of nth level of binary tree,0.1805,0.2733
Prolog,"How to express ""ancestor"" recursively",0.2065,0.2733
Prolog,Flask API calling local method,0.1592,0.2733
Prolog,GNU Prolog simple program doesn't work as expected,0.2594,0.2733
Prolog,Generate new clauses in Prolog,0.1592,0.2733
Prolog,Palindrome in base 4,0.0919,0.2733
Prolog,How to define a string concatenation operator in prolog?,0.2932,0.2733
Prolog,Prolog: Make double negation possible with an operator,0.2877,0.2733
Prolog,How can I get that what this code in doing?,0.2142,0.2733
Prolog,accessing relations within prolog,0.2113,0.2733
Prolog,Finding maximal minimum value set,0.1833,0.2733
Prolog,Counting how many elements in a list of lists satisfy a predicate,0.3399,0.2733
Prolog,Prolog: Unhandled exception: pce(object) `@prolog_warnings/emacs_hit_list' does not exist,0.4697,0.2733
Prolog,Prolog: define logical operator in Prolog as placeholder for other operator,0.3947,0.2733
Prolog,Einsteins puzzle in prolog,0.147,0.2733
Prolog,Prolog sum distance between list of nodes ids,0.2332,0.2733
Prolog,Are there formal systems that allow you to make human-like higher-order statements?,0.4341,0.2733
Prolog,How to get a theory by using Aleph with SWI-Prolog,0.2569,0.2733
Prolog,Prolog: No permission to redefine imported_procedure error,0.3261,0.2733
Prolog,Why does my list reversal only work correctly in one direction?,0.3276,0.2733
Prolog,Translating Imogen (an intuitionistic theorem prover for FOL) into a Prolog prover?,0.4319,0.2733
Prolog,Recursive succ addition in Prolog,0.1833,0.2733
Prolog,Problem connecting Java and Prolog with JPL,0.2279,0.2733
Prolog,Append to list if specific word is entered,0.2142,0.2733
Prolog,function takes an element and a list and checks if the length of the list is equal to the element,0.5226,0.2733
Prolog,Explanation for why append/3 produces infinite number of solutions in these cases,0.4252,0.2733
Prolog,How do i print a line with input using a line/2 predicate in prolog,0.3563,0.2733
Prolog,Trying to learn prolog,0.1103,0.2733
Prolog,"Prolog, X is older than Y",0.1059,0.2733
Prolog,Having trouble thinking in prolog. Infinite recursion problem [duplicate],0.3911,0.2733
Prolog,Prolog implementation of Beckert & Posegga's algorithm,0.2959,0.2733
Prolog,How to take procedure as input in prolog,0.2014,0.2733
Prolog,"A ""display"" that always displays in prolog",0.2147,0.2733
Prolog,Prolog: is there any way to generate the following items from a list?,0.3584,0.2733
Prolog,Prolog - number to list of digits,0.1606,0.2733
Prolog,Prolog - numbers to words,0.1266,0.2733
Prolog,implement negation (\+ or not/1) in WAM Prolog,0.2255,0.2733
Prolog,Looking for help understanding simple Prolog code,0.2685,0.2733
Prolog,How do I make a new filtered list out of existing list in Prolog?,0.3413,0.2733
Prolog,How to stop a recursion in prolog?,0.1638,0.2733
Prolog,Recursively creating a list of descendants in Prolog,0.2778,0.2733
Prolog,Prolog - program skipping over read?,0.194,0.2733
Prolog,Basic Prolog Error while generating a natural number,0.2778,0.2733
Prolog,Prolog predicate to multiply two lists (representing unary numbers),0.3573,0.2733
Prolog,Having touble installing SWI-Prolog on Linux,0.2346,0.2733
Prolog,Prolog - How to set timestamp as an argument in a predicate?,0.3067,0.2733
Prolog,SWI-Prolog give me False message,0.1608,0.2733
Prolog,How to replace every occurence of a value with another one in a binary tree with Prolog,0.4624,0.2733
Prolog,"Prolog rule can condition to be before a date, but not after a date, why?",0.382,0.2733
Prolog,Instantiating integer variables in Prolog,0.2477,0.2733
Prolog,Reporting *why* a query failed in Prolog in a systematic way,0.3088,0.2733
Prolog,How to play a sound using Prolog?,0.157,0.2733
Prolog,PROLOG: How can I create a KMP algorithm in prolog?,0.2583,0.2733
Prolog,Append the result from operation on list elements in Prolog,0.3092,0.2733
Prolog,Display all list elements that greather than N - Prolog,0.2847,0.2733
Prolog,"Prolog implementation of Quine's algorithm for classical propositional logic (in Quine's ""Methods of Logic"")",0.5577,0.2733
Prolog,"In Prolog, how to represent a(X) => b(X) V c(X)?",0.2327,0.2733
Prolog,converting character list to list of strings with each one contains 3 characters in Prolog,0.4724,0.2733
Prolog,Prolog Issue Infinite Loop Beginner,0.1994,0.2733
Prolog,"Prolog: difference between var, nonvar and ground",0.262,0.2733
Prolog,All combinaisons with repetition of a list,0.2211,0.2733
Prolog,How to construct a Predicate Indicator?,0.2082,0.2733
Prolog,How can I get a list of facts with an id matching each fact list item with same id using Prolog?,0.522,0.2733
Prolog,How to join two list in prolog without changing variable name,0.3185,0.2733
Prolog,"Proper definition of ""atom"" in Prolog and Logic Programming",0.3089,0.2733
Prolog,How do I code a fact with variable arguments?,0.2267,0.2733
Prolog,Split a list into two in prolog,0.1467,0.2733
Prolog,SWI-Prolog: ERROR: Cannot find MinGW and/or MSYS,0.2423,0.2733
Prolog,Prolog recursion trouble - minimum value in list,0.2553,0.2733
Prolog,print list of variable names in prolog,0.194,0.2733
Prolog,How to get a numeric value from the consulting file in Prolog?,0.3218,0.2733
Prolog,source_sink `library(matrix)' does not exist,0.2372,0.2733
Prolog,How Can I Remove the 1st Matching Element From a List Without a Cut,0.3532,0.2733
Prolog,Why does my prolog rule get stuck in infinite recursion,0.286,0.2733
Prolog,Proper handling of denormal floats in ISO-Prolog,0.2523,0.2733
Prolog,How to print out all the facts in prolog,0.1989,0.2733
Prolog,"How to stop the recursion in prolog, once the desired value is returned?",0.3742,0.2733
Prolog,How to join rules and print out outputs in prolog,0.2512,0.2733
Prolog,implement the following tables using PROLOG,0.2411,0.2733
Prolog,Implement this simple logic in Prolog,0.1973,0.2733
Prolog,Counting occurrences in binary tree prolog,0.2338,0.2733
Prolog,Quoridor AI - undirected graph,0.1725,0.2733
Prolog,Variable bin packing problem with Prolog (CLP),0.2417,0.2733
Prolog,Divide list code snippet I dont understand,0.2211,0.2733
Prolog,Solving a simple geometric puzzle in CLPQ/R (Prolog),0.2665,0.2733
Prolog,Prolog:get the head of the list who contains the most common elements,0.3618,0.2733
Prolog,Here is a problem with the factorial code that I made with Prolog,0.3407,0.2733
Prolog,Bind a list in prolog,0.0867,0.2733
Prolog,Is there any way to use pyswip and Flask?,0.2025,0.2733
Prolog,How to quicksort list of lists in prolog?,0.205,0.2733
Prolog,i want to know about the query if succeded or fail,0.2569,0.2733
Prolog,I want to know if there is any way I can store a predicate dynamically in prolog and then call it,0.5277,0.2733
Prolog,How to invoke a predicate functor based on a variable instead of a name,0.3738,0.2733
Prolog,Ancestors in Prolog,0.11,0.2733
Prolog,finding depth of object without use of arithmetics,0.2651,0.2733
Prolog,Prolog: duplicated family member,0.1965,0.2733
Prolog,eight queen problem with permutation in prolog,0.2482,0.2733
Prolog,Optimization for the solution of farmer goat wolf and cabbage problem in Prolog,0.4146,0.2733
Prolog,What is the rule for second cousin in prolog?,0.2267,0.2733
Prolog,"adjacent involving first and last element, Prolog",0.2652,0.2733
Prolog,How can I convert a list of binary 0 to 1 numbers PROLOG,0.2932,0.2733
Prolog,prolog find all names that appears three times in facts,0.286,0.2733
Prolog,How to get more complex theory in Aleph with SWI-Prolog?,0.2884,0.2733
Prolog,Can't get a correct theory by Aleph with SWI-Prolog,0.2625,0.2733
Prolog,"A list on which there are duplicates(on sequence),a part of which is needed to be transferred",0.4938,0.2733
Prolog,"For a given string, develop a prolog load (aSCii_Encoded (S, X))",0.3229,0.2733
Prolog,Does anyone know what the SLD tree for this prolog code could be?,0.339,0.2733
Prolog,Prolog - finding a common ancestor in a binary tree,0.2605,0.2733
Prolog,Creating a if else in prolog,0.1316,0.2733
Prolog,Prolog: How does delete/3 works?,0.1533,0.2733
Prolog,Prolog: Code Explanation about list and recursive wanted,0.3004,0.2733
Prolog,Prolog: multiply list members with the previous member,0.2877,0.2733
Prolog,How do i get a list of elements that I extracted from a knowledge base in Prolog?,0.4318,0.2733
Prolog,Two DCG rules for `(ab)*`. Can it be one?,0.1875,0.2733
Prolog,Pattern matching using list of characters,0.2265,0.2733
Prolog,Writing a Prolog rule to check shows with rating greater than 8.5,0.3407,0.2733
Prolog,Prolog: is valid distribution Rule,0.1869,0.2733
Prolog,Where is the source of my time out error (swi-prolog)?,0.2731,0.2733
Prolog,"Prolog, simple task",0.1025,0.2733
Prolog,misconception about how prolog works,0.2075,0.2733
Prolog,Pattern matching with lists and strings with Prolog,0.2714,0.2733
Prolog,Is there any way to print it in python(python bridging on prolog)?,0.3425,0.2733
Prolog,SWI-Prolog: Call 3=2+1 -> Fail: 3=2+1,0.1704,0.2733
Prolog,How to store the prolog list returned by the query in the python?,0.339,0.2733
Prolog,How is predicate logic represented in Prolog?,0.2382,0.2733
Prolog,Prolog: Convert tree to order list and check if the list is sorted,0.3443,0.2733
Prolog,Wine system prolog,0.0989,0.2733
Prolog,How is the unbound output list bound to the input list elements plus 1 for each?,0.4232,0.2733
Prolog,Prolog:Testing 2 lists for similarity,0.1973,0.2733
Prolog,Prolog: Filter a list into a list,0.157,0.2733
Prolog,How to parse the first part of a Text in Prolog?,0.2437,0.2733
Prolog,output shows the type like Atom or Variable not the actual value of the variable(pyswip in python),0.5177,0.2733
Prolog,repeat of numbers in prolog and see how many,0.2231,0.2733
Prolog,WAM book: How is code generated when dealing with argument registers (L1)?,0.3812,0.2733
Prolog,Prolog - bagof - case of no results,0.1677,0.2733
Prolog,Can I pass an integer list from c# to prolog predicate?,0.2808,0.2733
Prolog,"Prolog query with constraint returns false, but there are answers",0.3418,0.2733
Prolog,Access all posted clpfd constraints SWI vs Sicstus Prolog,0.3018,0.2733
Prolog,Prolog: How to load a prolog program in Qprolog?,0.2423,0.2733
Prolog,How to read list of atoms?,0.1133,0.2733
Prolog,Prolog - Print truth table for first order table,0.2467,0.2733
Prolog,How to find number of same elements in list Prolog?,0.2606,0.2733
Prolog,Deterministic Finite Automaton with Prolog,0.2558,0.2733
Prolog,Prolog classification by giving points to classes,0.2685,0.2733
Prolog,Binomial coefficient using tail recursion/an accumulator in Prolog,0.3562,0.2733
Prolog,"Prolog: nat(s(s(0))) to ""normal"" decimal numbers",0.2323,0.2733
Prolog,recursive sum using prolog,0.147,0.2733
Prolog,How to make a maze in Prolog?,0.1299,0.2733
Prolog,Atom Appears in Section T1 Rewrite all a to c,0.228,0.2733
Prolog,How can prolog take minutes to check for answers within a bunch of possible combinations only?,0.4926,0.2733
Prolog,Forward and Backward Chaining,0.1746,0.2733
Prolog,Prolog - Solve labyrinth,0.1502,0.2733
Prolog,"'swipl' is not recognized as an internal or external command, operable program or batch file",0.478,0.2733
Prolog,How do I get the sum of all solutions to a predicate (given that the set of solutions is finite)?,0.5192,0.2733
Prolog,Evaluate a string term in prolog,0.1608,0.2733
Prolog,"How to look up a value inside a list in a predicate, in PROLOG",0.3258,0.2733
Prolog,How can I pair all elements in a list in Prolog?,0.2437,0.2733
Prolog,What does the following prolog code exactly (Line by line)do?,0.3144,0.2733
Prolog,Cut and fail semantics in Prolog,0.1608,0.2733
Prolog,Prolog zipping with mergesort,0.1746,0.2733
Prolog,Why single_child() does not work in prolog?,0.2182,0.2733
Prolog,Prolog Sum value numbers smaller than limit,0.2279,0.2733
Prolog,How to iterate through the predicates in Prolog,0.246,0.2733
Prolog,Multiple expression in the unification algorithm,0.2776,0.2733
Prolog,SICStus Prolog garbage collection trace messages,0.2776,0.2733
Prolog,How to arrange a list in ascending order in prolog?,0.2606,0.2733
Prolog,"How to make ""less than"" function in Prolog?",0.2121,0.2733
Prolog,Prolog: Scheduling Start times with an additional constraint,0.3259,0.2733
Prolog,How to repair error in Einstein Zebra in prolog >,0.2484,0.2733
Prolog,How can I code division and remainder predicates in prolog without using the build-in aithmetic,0.4989,0.2733
Prolog,How can i calculate a non-weighted graph length for a path that is given,0.3815,0.2733
Prolog,Prolog - How to count elements of a list? [closed],0.2469,0.2733
Prolog,"How to model the ""sister"" relationship so that it implies the gender",0.3524,0.2733
Prolog,Why prolog fails to find a route to a vertices (in graph)?,0.2963,0.2733
Prolog,Nested Predicates In Prolog,0.1562,0.2733
Prolog,How can I code a specific game in Prolog?,0.2025,0.2733
Prolog,Sum of values from facts,0.1108,0.2733
Prolog,Hidden Markov Model Coin & Dice Example with Prolog,0.2658,0.2733
Prolog,Globalization of large arrays in Prolog,0.2119,0.2733
Prolog,How to create a higher order DCG parser in Prolog?,0.2548,0.2733
Prolog,Prolog - Deleting Nth Column From A Matrix,0.2147,0.2733
Prolog,How to exclude/ignore owner's review vote(+2) to submit in Gerrit patchset,0.3861,0.2733
Prolog,Prolog - Deleting Nth Row From A Matrix,0.1944,0.2733
Prolog,Get set of elements from list (Prolog),0.1876,0.2733
Prolog,"Times, Quotient and Remainder predicates in Prolog",0.272,0.2733
Prolog,"Sum, Average of elements and Count the occurence of elements in Lists in Prolog",0.4135,0.2733
Prolog,Possibility of solving puzzle with single clause and single goal in Prolog,0.3887,0.2733
Prolog,Repeat and Double elements in lists in Prolog,0.2332,0.2733
Prolog,Why doesn't K keep its value?,0.1299,0.2733
Prolog,Why does Cut doesn't prevent Visual Prolog from finding another solutions,0.3833,0.2733
Prolog,How can I add an element to a list using the delete1() predicate in prolog?,0.3921,0.2733
Prolog,How to draw SLD tree for this query,0.1696,0.2733
Prolog,How to intersect two lists in Prolog,0.1805,0.2733
Prolog,Graph cycle detection with Prolog,0.1833,0.2733
Prolog,tau-prolog won't run a prolog code that I use CHR library in although it works on SWI-Prolog,0.4993,0.2733
Prolog,"How does `next` predicate work, making two opposite choices?",0.3099,0.2733
Prolog,Has anyone experience with recursive problems in Aleph?,0.2941,0.2733
Prolog,"Write a program in Prolog to implement vanish(R,L,N) where R denotes the element whose all occurrences has to be remove from list L to obtain list N",0.8077,0.2733
Prolog,Prolog generator stuck infinitely trying THE SAME OBJECT over and over?,0.3724,0.2733
Prolog,Representing points in 2D and 3D spaces with Prolog,0.2655,0.2733
Prolog,"Is it possible to write an inconsistent Prolog program using only pure Prolog, cut and `false`?",0.4933,0.2733
Prolog,Function to find a list in prolog,0.1602,0.2733
Prolog,How to exclude all countries that have flag with primary colour in prolog?,0.3865,0.2733
Prolog,Function to find a list in prolog,0.1602,0.2733
Prolog,How to exclude all countries that have flag with primary colour in prolog?,0.3865,0.2733
Prolog,Apply a predicate to a list of inputs Prolog,0.2231,0.2733
Prolog,Drawing in SWI (or any) Prolog,0.1387,0.2733
Prolog,How to write a pyswip foreign predicate with multiple solutions?,0.336,0.2733
Prolog,clpfd requires labeling to find any solutions (when using \+),0.3135,0.2733
Prolog,"SWI-Prolog program works differently depending on whether I call ""make."" at the beginning",0.4618,0.2733
Prolog,Finding subsequence pairs,0.1763,0.2733
Prolog,Prolog recursive implementation of arithmetic average / mean,0.3364,0.2733
Prolog,Repeat until predicate evaluates to true in prolog,0.2651,0.2733
Prolog,How can I achieve more uniform backtracking in prolog?,0.2811,0.2733
Prolog,How to avoid auxiliary predicates?,0.1869,0.2733
Prolog,How to return all facts that are less than or equal to an input value in prolog,0.4234,0.2733
Prolog,Exclusive solution sets?,0.1578,0.2733
Prolog,I want to write a sublist rule but SWI-Prolog doesn't make it past rule declaration line,0.471,0.2733
Prolog,How can I determine centrality in a node graph in Prolog?,0.294,0.2733
Prolog,Prolog DFS with a heuristic,0.135,0.2733
Prolog,Implicit module initialization in SICStus Prolog,0.2776,0.2733
Prolog,Prolog Recursion might not be exiting with proper boundary condition,0.3614,0.2733
Prolog,How to parse natural language question for geoquery program?,0.3174,0.2733
Prolog,Making Prolog's CLPFD aware of permutations and other symmetries,0.3382,0.2733
Prolog,SWI-Prolog partition predicate works differently in REPL than in programme,0.3912,0.2733
Prolog,Collecting entity-value pairs - a canonical solution?,0.2859,0.2733
Prolog,Tail-Recursion in Prolog,0.1287,0.2733
Prolog,"Prolog "","" operator not working as intended?",0.2297,0.2733
Prolog,Prolog - Finding even elements in a list,0.2011,0.2733
Prolog,"Is there a prolog clpb coding which can solve this puzzle involving knights, knave, and spies?",0.4898,0.2733
Prolog,"Choicepoint pruning needs a cut, but I think the compiler should be sharp enough to do it by itself",0.5264,0.2733
Prolog,How to write a file with its absolute path in prolog,0.2681,0.2733
Prolog,How to obtain the cost of each employee in Prolog?,0.2548,0.2733
Prolog,How to use maplist and [..]>> with grounded variable?,0.2616,0.2733
Prolog,Finding the longest possible palindrome of any given list,0.3018,0.2733
Prolog,current_predicate in SICStus Prolog,0.2296,0.2733
Prolog,Prolog (swi for sharing) Predicate to solve a puzzle,0.2665,0.2733
Prolog,"Arithmetics in Prolog, represent a number using powers of 2",0.307,0.2733
Prolog,Mutating elements of a list in Prolog,0.1873,0.2733
Prolog,Genetic Programming Prolog Implementation,0.2847,0.2733
Prolog,Get result of operator predicate in Prolog,0.2211,0.2733
Prolog,Prolog: Murder Mystery solution,0.1873,0.2733
Prolog,How can I display the results of an SWI-Prolog program in a table? (CLP problem),0.4204,0.2733
Prolog,Fixed-point functions in prolog?,0.1708,0.2733
Prolog,"Can maplist([X]>>(test(X,Xs)) see variable in outer in scope?",0.3051,0.2733
Prolog,Lists windows of width 1,0.1108,0.2733
Prolog,Get 2 unique sub-lists both containing variable from a 2D list,0.3236,0.2733
Prolog,Solving the Graph Coloring with 3 color and lists - Prolog,0.2989,0.2733
Prolog,Prolog File not being read despite file existing,0.2523,0.2733
Prolog,How to integrate Prolog within a Web application?,0.2559,0.2733
Prolog,Load a Prolog database file (.pl) through gprolog (GNU Prolog),0.3153,0.2733
Prolog,Cartesian product of a list in Prolog,0.1873,0.2733
Prolog,How can I make this more logic-y?,0.1541,0.2733
Prolog,Implementation of Stack in SWI-Prolog,0.1973,0.2733
Prolog,Prolog if then else logic (error: operator priority clash),0.3003,0.2733
Prolog,Prolog resolution prover deletes brackets,0.2477,0.2733
Prolog,How can I print spaces in prolog,0.1535,0.2733
Prolog,Constraint predicate not starting with the maximum value,0.3032,0.2733
Prolog,Does anyone know of Prolog code for formatted input?,0.269,0.2733
Prolog,Beginner with Prolog - Arguments Insufficiently Instantiated,0.3578,0.2733
Prolog,Prolog variables don't unify as supposed to,0.2205,0.2733
Prolog,scheduling code is not identifying all solutions. possibly not backtracking?,0.4033,0.2733
Prolog,"[YAP 6.2.2][Prolog] ""mmap"" error during compilation on Ubuntu 20.04",0.3426,0.2733
Prolog,Prolog - Recursively accessing list's list element and getting the total sum,0.3958,0.2733
Prolog,Printing a binary tree in Prolog based on a matrix,0.257,0.2733
Prolog,Prolog same predicate with different elements?,0.2593,0.2733
Prolog,How to implement data structure in prolog,0.2143,0.2733
Prolog,Setof: Is there a way for early stopping?,0.2022,0.2733
Prolog,Use a rule if a fact doesn't exist in prolog?,0.2269,0.2733
Prolog,Recursion query that checks if X exists in a Prolog database,0.3129,0.2733
Prolog,Prolog truth set,0.0768,0.2733
Prolog,What are legitimate / proper System Errors in ISO-Prolog?,0.2943,0.2733
Prolog,Retrieve internal/canonical representation of terms in Prolog,0.335,0.2733
Prolog,Parse a Prolog program with a Prolog program,0.2269,0.2733
Prolog,Finding a route using Best First Search,0.2008,0.2733
Prolog,The how(goal) question to show proof of conclusion the system arrived in prolog,0.4135,0.2733
Prolog,Replace a clause in Prolog,0.1269,0.2733
Prolog,how to use maplist and predicates,0.1681,0.2733
Prolog,Relational operator symbols in Prolog 3-way comparison,0.2905,0.2733
Prolog,prolog sublists between #,0.1613,0.2733
Prolog,How to prevent unification in prolog,0.19,0.2733
Prolog,Three Prolog questions include grandparent,0.2558,0.2733
Prolog,Prolog-SWI Can't figure out how to recursively multiply Polynomials,0.352,0.2733
Prolog,Block world problem search runs out of stack space,0.2594,0.2733
Prolog,Indicating lists with common free variables in SWI Prolog,0.3018,0.2733
Prolog,Prolog- Travel path and time,0.1385,0.2733
Prolog,Prolog - identify sublists of variables,0.2226,0.2733
Prolog,How to delete a given element X from the list in prolog [duplicate],0.3478,0.2733
Prolog,Getting all the combinations of colors in a list?,0.2509,0.2733
Prolog,Predicate giving different output than the one intended,0.2969,0.2733
Prolog,Prolog how to utilize list element as a variable in a predicate,0.3291,0.2733
Prolog,Prolog - Append head to new list for every recursive run?,0.2908,0.2733
Prolog,How to output False in a list if all numbers are less than 100 in SWI-Prolog,0.4088,0.2733
Prolog,Can use a head variable as a functor name in a body?,0.2675,0.2733
Prolog,Not expected building results,0.1746,0.2733
Prolog,Prolog Duplicate element to mutliple times,0.2338,0.2733
Prolog,Change list of variables according to another list containing the index and atoms in prolog,0.4774,0.2733
Prolog,Prolog | Remove sub-list from List,0.1679,0.2733
Prolog,Run Length Encoding Issue - Have [ ]s need ( )s,0.2234,0.2733
Prolog,How to extend prolog driver and determine number of columns and rows by reading an eps file,0.4818,0.2733
Prolog,Run length encoding using prolog,0.1753,0.2733
Prolog,Type Error when assiging string to variable in Prolog,0.2776,0.2733
Prolog,Prolog Run Length Encoding,0.147,0.2733
Prolog,Prolog Recursion through a list,0.1672,0.2733
Prolog,Prolog Semantics and Succession,0.1929,0.2733
Prolog,Accessing elements inside parenthesis in Prolog,0.2703,0.2733
Prolog,Prolog: model simple polymorphic type,0.211,0.2733
Prolog,Returning multiple objects from a predicate,0.2411,0.2733
Prolog,checking common letters in a certain index in a list of lists,0.3182,0.2733
Prolog,Prolog: how to check if the currently evaluated clause was cut?,0.3255,0.2733
Prolog,How to get multiple goals in Prolog,0.1738,0.2733
Prolog,Checking descendants of a family tree in Prolog,0.246,0.2733
Prolog,In Prolog sort two lists relative to each other,0.2413,0.2733
Prolog,How to write the set difference code without using memberchk and subtract?,0.3868,0.2733
Prolog,Prolog Issue: Having Trouble With Variables (If I need them or not),0.3451,0.2733
Prolog,Prolog predicate that returns true if # is the first element of a List,0.3636,0.2733
Prolog,Prolog: Sets and operations,0.1506,0.2733
Prolog,How can I get pairs of consecutive elements in Prolog?,0.278,0.2733
Prolog,List of elements of list that obey certain codition in Prolog,0.3185,0.2733
Prolog,run length decoding of a list in prolog?,0.1986,0.2733
Prolog,matching patterns in matrix using prolog dcg,0.2346,0.2733
Prolog,Struggling to use Prolog's maplist/2 like a functional mapping function,0.3725,0.2733
Prolog,Verifying intersection of two lists in Prolog,0.2414,0.2733
Prolog,Checking if a list of variables is unifiable with a list of lists containing letters,0.4421,0.2733
Prolog,I am having problems getting a list of lists into a single list,0.3302,0.2733
Prolog,Display results in Prolog,0.1378,0.2733
Prolog,Trying to Implement a Split Predicate in Prolog,0.246,0.2733
Prolog,How to represent the following statement using predicate logic?,0.3356,0.2733
Prolog,"Why does this recursive Prolog predicate add some ""_1508""-like numbers to lists?",0.4147,0.2733
Prolog,Removing Duplicates while maintaining order in Prolog,0.2955,0.2733
Prolog,Checking all the words in list that unify with list of variables,0.3345,0.2733
Prolog,Make multiple replacements in a list by index,0.2332,0.2733
Prolog,Swi prolog on windows cant take filepaths,0.2143,0.2733
Prolog,Is it possible to have a list as a fact in prolog?,0.2567,0.2733
Prolog,Prolog program returns false,0.1654,0.2733
Prolog,How to generate a output with the list of permutations of a set in Prolog?,0.3901,0.2733
Prolog,Split list of strings into list of lists in prolog,0.257,0.2733
Prolog,How do I implement in Prolog the predicate list_for_set,0.2897,0.2733
Prolog,Automata and prolog,0.11,0.2733
Prolog,Checking if unification between two elements is True or False,0.3208,0.2733
Prolog,"Why doesn't the desugared ""."" functor syntax for lists work the same as []?",0.3796,0.2733
Prolog,What does A| B mean in prolog?,0.1335,0.2733
Prolog,checking if there a list of lists can unify with another list of lists,0.3687,0.2733
Prolog,checking if two lists have common elements,0.2211,0.2733
Prolog,Add elements to another list that complies a certain condition in Prolog,0.3779,0.2733
Prolog,Prolog: last element and the rest of a list,0.2146,0.2733
Prolog,how can i optimize my regular rectangle checker in prolog?,0.3012,0.2733
Prolog,getting items greater than a certain item in prolog,0.2655,0.2733
Prolog,"Find an ""infix"" of a list in Prolog - order matters",0.2538,0.2733
Prolog,Prolog - Counting specific elements in list of lists,0.2721,0.2733
Prolog,getting items greater than a certain item in prolog,0.2655,0.2733
Prolog,"Find an ""infix"" of a list in Prolog - order matters",0.2538,0.2733
Prolog,Prolog - Counting specific elements in list of lists,0.2721,0.2733
Prolog,acumulating elements in a list,0.1592,0.2733
Prolog,Delete empty lists from lists of lists in Prolog,0.2473,0.2733
Prolog,Checking if a number is triangular,0.1754,0.2733
Prolog,Error handling in time-limited Prolog meta-call,0.246,0.2733
Prolog,inserting an integer into a sorted list,0.2008,0.2733
Prolog,Using Prolog to solve a brain teaser (Master Mind),0.2544,0.2733
Prolog,creating list of an elemente multipled n times,0.2396,0.2733
Prolog,Prolog peano numbers difference/subtraction,0.2638,0.2733
Prolog,How do I find if a list is a member of a list of lists?,0.2942,0.2733
Prolog,how to get great-great-grandmother in prolog,0.2269,0.2733
Prolog,making a list of random integers on prolog,0.2142,0.2733
Prolog,"prolog non oriented graph, how find the number of persons between two persons?",0.4059,0.2733
Prolog,How to link MinGw-compiled library with MSVC project in VisualStudio?,0.3612,0.2733
Prolog,Dealing with date in prolog,0.135,0.2733
Prolog,Why after pressing semicolon program is back in deep recursion?,0.3302,0.2733
Prolog,Prolog membership predicate without dif or when,0.2549,0.2733
Prolog,How to formulate an exception for findall/3 correctly?,0.2811,0.2733
Prolog,How to create a list compose from names of a predicate in prolog,0.3354,0.2733
Prolog,Prolog understanding setof/3 with ^ markings [duplicate],0.3029,0.2733
Prolog,How come 'mary' is true twice?,0.1349,0.2733
Prolog,dcg parsing in random order,0.135,0.2733
Prolog,No permission to access private_procedure `true/0',0.2688,0.2733
Prolog,Recursive Summation with Conditional in Prolog,0.263,0.2733
Prolog,"Convert from RDF ""type qualified literal"" to Prolog atom in SWI Prolog",0.3633,0.2733
Prolog,Prolog Predicate Help: Delete Number N times from List,0.2811,0.2733
Prolog,How to delete a specified amount of elements in a list without libraries Prolog,0.4151,0.2733
Prolog,"Finding sum of list in prolog shows factors of sum, not final sum result",0.3774,0.2733
Prolog,clauses not being together in the source file warning,0.2776,0.2733
Prolog,cannot output accumilated list of tau prolog answers,0.2778,0.2733
Prolog,Prolog help | how come 'tony' is true when it should be false?,0.3142,0.2733
Prolog,Stopping infinite loop in Prolog,0.1753,0.2733
Prolog,Procedural semantics of swi-Prolog: failure to understand the resulting substitution,0.4451,0.2733
Prolog,"Define a relation first_last(L1, L2) which takes a list L1 and returns a list L2 containing the first three and last three elements of L1",0.734,0.2733
Prolog,Translate predicate calculus statement into Prolog,0.2923,0.2733
Prolog,calculate the s-number for a natural number using Prolog [duplicate],0.3535,0.2733
Prolog,Label variables in Prolog,0.1378,0.2733
Prolog,Why does it give me false as Subset's result?,0.2258,0.2733
Prolog,Prolog membership predicate,0.1984,0.2733
Prolog,Making tuples out of two lists,0.1462,0.2733
Prolog,How to import Prolog from pwsip,0.1535,0.2733
Prolog,Using await and async to make load an parse Tau-Prolog before anything else,0.3944,0.2733
Prolog,Prolog getting the maximum out of a collection,0.2396,0.2733
Prolog,Prolog how to get max option from many options,0.2352,0.2733
Prolog,Using 'not' in Prolog in logic statements,0.2079,0.2733
Prolog,Prolog Unable to SUM results from forall predicate,0.2651,0.2733
Prolog,Recursion problem in Prolog - getting False instead of True when going out of recursion,0.4531,0.2733
Prolog,Unique combinations of 0 and 1 in list in prolog,0.2454,0.2733
Prolog,"Perfoming member check on a difference list, but how?",0.2726,0.2733
Prolog,Is there a difference between `nonvar(X)` and `\+var(X)`?,0.2773,0.2733
Prolog,How can I increase the performance of the program?,0.2569,0.2733
Prolog,Prolog - deleting pairs with the same first value from list,0.3047,0.2733
Prolog,Implication branch doesn't see variables,0.2192,0.2733
Prolog,Create a binary search tree from a list of integers,0.2628,0.2733
Prolog,how do I infer using prolog?,0.1279,0.2733
Prolog,retrieve one element from knowledge base in Prolog,0.2651,0.2733
Prolog,Prolog pack_install SSL Error to swi-prolog.org,0.246,0.2733
Prolog,Proving H intersects K is a subgroup in Prolog (H and K are subgroups),0.3655,0.2733
Prolog,Prolog gives ERROR: Undefined procedure: utterance/1 (DWIM could not correct goal),0.4246,0.2733
Prolog,Is there a possible implementation for this problem? [duplicate],0.3366,0.2733
Prolog,Prolog - Max value in recursion,0.1582,0.2733
Prolog,arithmetic operations on list elements in prolog,0.2617,0.2733
Prolog,Tau-Prolog Interpreter shows different behaviour than SWI-Prolog,0.3441,0.2733
Prolog,Prolog - Using append to return a single list,0.2276,0.2733
Prolog,"Generating 3 random numbers in Prolog: forall, foreach, findall, bagof, maplist",0.4089,0.2733
Prolog,Combinations of multiple lists - Prolog,0.2226,0.2733
Prolog,"Prolog sudoku error, returns false no matter what",0.2559,0.2733
Prolog,An easier way to split a list at the N-th place in Prolog?,0.3052,0.2733
Prolog,parsing stdin with dcg,0.1103,0.2733
Prolog,Debugging Simple Prolog Function,0.2021,0.2733
Prolog,"Read a CSV file in prolog and format the data into predicates of the form: prefers(employer 1, [Student1, Student2, Student3])",0.6542,0.2733
Prolog,"Prolog, Dynamic Programming, Fibonacci series",0.2709,0.2733
Prolog,How to create condition for functor's argument in a rule - PROLOG,0.3362,0.2733
Prolog,"How to sort a list of strings ""a"", ""bcd"", ""ef"", and ""ghij"" in descending order of length?",0.4562,0.2733
Prolog,prolog clp label - ignore some variable?,0.208,0.2733
Prolog,Setting up a rule?,0.0679,0.2733
Prolog,Build a list with abs() in prolog,0.1538,0.2733
Prolog,Prolog read file and use the data as input for different functions,0.3453,0.2733
Prolog,Prolog Logic Puzzle Failure [duplicate],0.2226,0.2733
Prolog,"I want to use Prolog to order some things, and I keep getting stack overflow errors",0.4381,0.2733
Prolog,What does this predicate do?,0.1385,0.2733
Prolog,Create a DCG Parser in PROLOG,0.1389,0.2733
Prolog,Prolog Remove element from list,0.1672,0.2733
Prolog,List of lists reading in prolog,0.1535,0.2733
Prolog,Using Tau-Prolog with React,0.135,0.2733
Prolog,What do the numeric arguments for meta_predicate mean in SWI-Prolog?,0.3556,0.2733
Prolog,Unexpected duplicate result when creating all combinations for n bits,0.3672,0.2733
Prolog,Tau-Prolog results visible in browser window,0.2346,0.2733
Prolog,Prolog: change depthfirst search to bredth first search,0.2941,0.2733
Prolog,Prolog-Sum positive numbers from a List,0.2008,0.2733
Prolog,Prolog - Connectivity Graph Beginner,0.2276,0.2733
Prolog,Prolog Programming loop through a specific fact,0.2549,0.2733
Prolog,Recursive loop exit statement needed,0.2075,0.2733
Prolog,Prolog Printing a Tree,0.1103,0.2733
Prolog,"generate all the possible pairings of elements (a, b), where a is from set A and b is from set B in prolog",0.5761,0.2733
Prolog,Prolog equality check fails on simple task,0.2211,0.2733
Prolog,"generate all the possible pairings of elements (a, b), where a is from set A and b is from set B in prolog",0.5761,0.2733
Prolog,Prolog equality check fails on simple task,0.2211,0.2733
Prolog,"Assertz causing ""no permission to modify static procedure"" error",0.3391,0.2733
Prolog,Why my predicate div/4 enters an infinite loop after giving me one answer?,0.3877,0.2733
Prolog,How to split a list into two lists and find the length of them?,0.331,0.2733
Prolog,Is there a way to create a mathematical expression in Prolog?,0.3164,0.2733
Prolog,prolog royal family grandfather/2 and grandmother/2,0.2714,0.2733
Prolog,How can plus a list of lists in prolog?,0.1904,0.2733
Prolog,If i want to write a prolog predicate to compare two periods (dates) and see if the two periods overlap ....for example :,0.6348,0.2733
Prolog,"Why does my predicate not work, when a similar predicate does?",0.3199,0.2733
Prolog,Simple predicate that returns all possible splits of a list,0.3092,0.2733
Prolog,Prolog office puzzle,0.121,0.2733
Prolog,How to use a list in another predicate in Prolog?,0.249,0.2733
Prolog,Prolog Concept - Replace an Atom Using Recursion,0.2553,0.2733
Prolog,Is there a way to extend Einstein's Riddle in Prolog?,0.2716,0.2733
Prolog,"Variation of the zebra puzzle in prolog, and I can't figure out where I'm going wrong",0.4554,0.2733
Prolog,Find the largest integer whose square is not greater than N in Prolog,0.3618,0.2733
Prolog,Find combinations of elements of size bigger than the number of elements,0.3779,0.2733
Prolog,Prolog Logical Purity: list of lists is not empty,0.2509,0.2733
Prolog,Why can't I store OWL class in a Variable?,0.2084,0.2733
Prolog,prolog - why should I use 'dif' instead of '=\=',0.2242,0.2733
Prolog,SWI-Prolog reporting wrong answer with bitshifts CLPFD,0.2905,0.2733
Prolog,(Prolog) Check if a list can be split into 2 sub-lists that have equal sums,0.397,0.2733
Prolog,How to read a csv file into a list of lists in SWI prolog where the inner list represents each line of the CSV?,0.6074,0.2733
Prolog,"Calculate sum of list, existing of sequential numbers, in Prolog",0.3337,0.2733
Prolog,Prolog recursively applying a function to a list,0.2523,0.2733
Prolog,How do you logically formulate the problem of operating systems deadlocks?,0.3891,0.2733
Prolog,Prolog - equal operator wrapping,0.1908,0.2733
Prolog,List processing calculation in Prolog to find a destination friends will visit,0.4104,0.2733
Prolog,To generate all the prime numbers using the isprime/1 build in function. Prolog,0.4135,0.2733
Prolog,cannot use the n1 in a simple recursive prolog program. Keep getting Undefined procedure: n/1,0.4862,0.2733
Prolog,"What is the meaning of a double slash `//` after the predicate name in Prolog, appearing in the context of DCGs?",0.5848,0.2733
Prolog,List processing calculation in Prolog to find a destination friends will visit,0.4104,0.2733
Prolog,Predicate retruns false when callled from other predicate,0.3096,0.2733
Prolog,"Prolog, given N and find all numbers not divisible by 3 and 5 and these numbers must be smaller than N",0.5497,0.2733
Prolog,How to find a route between two stations in PROLOG,0.257,0.2733
Prolog,How can I design a predicate that returns a list of integers of length N such that none of the integers are divisible by the numbers in the list?,0.7882,0.2733
Prolog,"Prolog. After assinging variable a value, programm ouptut changes from `yes` to `no`",0.4306,0.2733
Prolog,How to get value from key-value pair in Prolog,0.2338,0.2733
Prolog,How to check if a station exists out of facts of stations and lines in PROLOG,0.4098,0.2733
Prolog,Check for X failures/passes?,0.1385,0.2733
Prolog,"; (or) operator in Prolog not returning true unless the left side is true, even if the right side of the operator returns true by itself",0.7212,0.2733
Prolog,How to write Prolog - defining basic operators?,0.2453,0.2733
Prolog,Evaluate term in Prolog and write it,0.1805,0.2733
Prolog,Prolog: Splitting a number into a sequence of increasing integers,0.3418,0.2733
Prolog,Prolog- Not the expected Output,0.1627,0.2733
Prolog,Prolog - Manipulating the same list for several times,0.2785,0.2733
Prolog,Getting the last letter of two strings in prolog,0.2473,0.2733
Prolog,Prolog Recursion through Set of,0.1672,0.2733
Prolog,Prolog check if a or b exists in facts,0.1868,0.2733
Prolog,Prolog - Finding specific elements index [closed],0.2699,0.2733
Prolog,How to get prime numbers from list and put them in empty list,0.3196,0.2733
Prolog,How to check for empty Arguments in Prolog?,0.2177,0.2733
Prolog,Prolog to SQL: Any way to improve SQL code for unit tests and fix an edge case elegantly?,0.4733,0.2733
Prolog,Representing Prolog knowledge base as a tree,0.2346,0.2733
Prolog,How do I find all the paths with prolog?,0.1964,0.2733
Prolog,"setof/3 inside setof/3 not working, but why?",0.2181,0.2733
Prolog,Prolog findall/3 rule convert to recursive rule,0.246,0.2733
Prolog,Find mutual element in different facts in swi-prolog,0.2715,0.2733
Prolog,My looping code in prolog won't work with the rest of my code,0.3223,0.2733
Prolog,Combinations of multiple lists - Prolog,0.2226,0.2733
Prolog,Sum up data from facts,0.0947,0.2733
Prolog,How do I create a list with elements from 1 to N in prolog,0.3068,0.2733
Prolog,"prolog - recursive predicate sum(J,K,N)",0.1912,0.2733
Prolog,Prolog: How to Verify User Input?,0.1606,0.2733
Prolog,"Why `X=1,X=1.` prints `X=1` instead of `true`",0.2146,0.2733
Prolog,how to exit from swipl to bash?,0.1435,0.2733
Prolog,Prolog - Redo after failed if-statement leads to uninstantiated variable?,0.3836,0.2733
Prolog,"Framework combining capabilities of Apache Jena and Prolog for handling production rules, triples",0.5079,0.2733
Prolog,Switching arguments in Prolog,0.1746,0.2733
Prolog,How are anonymous variables interpreted in Prolog?,0.272,0.2733
Prolog,Prolog ERROR: No permission to modify static procedure `marital_status/2',0.3836,0.2733
Prolog,How to predicate elements in a list based on element type,0.2961,0.2733
Prolog,SWI-Prolog: ERROR: Undefined procedure: martial_status/2,0.3062,0.2733
Prolog,"Can you use ""knight moves"" to query a single database and join it to itself?",0.3972,0.2733
Prolog,How to combine list operations?,0.1627,0.2733
Prolog,Creating a queue structure in Prolog,0.19,0.2733
Prolog,Usage of distinct still leading to duplicates,0.2414,0.2733
Prolog,Unclear phrase in the definition of retract/1,0.2332,0.2733
Prolog,"Define a rule happened_before(X,Y) which defines the relation that event X happened before event Y using system predicates",0.6383,0.2733
Prolog,Solving a puzzle in Prolog about time constraints,0.2587,0.2733
Prolog,Issue with prolog recursion and incrementation,0.263,0.2733
Prolog,Prolog predicate that prints items on odd positions. Help me to write code?,0.39,0.2733
Prolog,"Prolog: why is this a ""bad"" program?",0.1676,0.2733
Prolog,Prolog does not evalutate parenthesis,0.2155,0.2733
Prolog,retracting and asserting values in prolog,0.2265,0.2733
Prolog,Identify whether an object comes before another object in a list,0.3352,0.2733
Prolog,Prolog - why does the following code generate the solution X=root forever?,0.3831,0.2733
Prolog,prolog finding cardinality of a list,0.19,0.2733
Prolog,How to check that all predicates of a specified name have the specified number of arguments?,0.4827,0.2733
Prolog,Prolog Member in Logic Puzzles,0.1592,0.2733
Prolog,prolog - Generating dates between dates,0.2226,0.2733
Prolog,Issue with Prolog code doing summation of elements in a list,0.3129,0.2733
Prolog,Result given for and operator predicate (Prolog),0.2553,0.2733
Prolog,How to use DCG in Prolog,0.1024,0.2733
Prolog,Use of redundant goals in queries,0.1681,0.2733
Prolog,Multiple instances of Prolog clauses with identical ground head. Any uses besides for this besides (dubious) control of computation?,0.679,0.2733
Prolog,Prolog Program Not Merging Sorted Lists Correctly,0.2685,0.2733
Prolog,Use of redundant goals in queries,0.1681,0.2733
Prolog,Multiple instances of Prolog clauses with identical ground head. Any uses besides for this besides (dubious) control of computation?,0.679,0.2733
Prolog,Prolog Program Not Merging Sorted Lists Correctly,0.2685,0.2733
Prolog,Converting minutes to hours in prolog,0.1973,0.2733
Prolog,Greater than and less than values in Prolog,0.2205,0.2733
Prolog,How to generate a list with only two 1s and other 0s of the given length?,0.3885,0.2733
Prolog,prolog - create list from facts by criteria,0.2214,0.2733
Prolog,The smallest `max_arity` of compound terms in ISO Prolog programs,0.3395,0.2733
Prolog,How to get predicates by specifying the number of arguments it should have?,0.3918,0.2733
Prolog,"Prolog jargon: id(X,X). fact or rule?",0.1711,0.2733
Prolog,Make swi prolog to return the predicate name,0.2269,0.2733
Prolog,Recursive program to compute Taylor approx of cosine not functioning in Prolog,0.4104,0.2733
Prolog,Expanding DCGs in Prolog,0.1287,0.2733
Prolog,can truncate(7^sqrt(8)-8^sqrt(7)) be solved via CLP(FD)?,0.2845,0.2733
Prolog,Prolog: Print to swi prolog console immediately I consult a file,0.3332,0.2733
Prolog,How do I rewrite the following so it uses if_?,0.2316,0.2733
Prolog,Avoid double recursive call in Prolog,0.1973,0.2733
Prolog,How to question user in forward chainig expert system,0.2776,0.2733
Prolog,How to get full stop in this Prolog predicate?,0.2327,0.2733
Prolog,Prolog: Syntax error: Unexpected end of file procedure `(?-A)' does not exist,0.39,0.2733
Prolog,How to solve an undefined procedure error in Prolog?,0.269,0.2733
Prolog,Z notation to prolog,0.0919,0.2733
Prolog,Prolog predicate where two items are associated but not equivalent,0.3498,0.2733
Prolog,Difference between `is` and `=`?,0.1627,0.2733
Prolog,Not understanding a Possible definition for Not in Prolog,0.3018,0.2733
Prolog,ASP Hamiltonian Cycle Story,0.1562,0.2733
Prolog,Looping through and modifying a separate list in Prolog,0.2897,0.2733
Prolog,Expanding Prolog clauses with forall/2,0.2046,0.2733
Prolog,Why can't I reach the array data by the array name in Prolog?,0.3207,0.2733
Prolog,Why does the unification not work ? Prolog,0.2147,0.2733
Prolog,How to read bytes from a file,0.1332,0.2733
Prolog,Prolog: process_create doesn't work inside http_handler,0.3058,0.2733
Prolog,Expanding Prolog clauses without parameters,0.2638,0.2733
Prolog,"User Input , How can we do it?",0.1303,0.2733
Prolog,How to remove a variable out of a list of variables in prolog?,0.3231,0.2733
Prolog,How to swap three by three elements in a prolog list?,0.2716,0.2733
Prolog,What happens when I call a function that calls a function with more parameters than I have entered,0.519,0.2733
Prolog,How to access database members when calling a predicate that you defined by yourself,0.4409,0.2733
Prolog,Displaying all the members of database in Prolog,0.2523,0.2733
Prolog,Passing a returned value from a predicate to another predicate in Prolog,0.3779,0.2733
Prolog,Get elements from list of lists,0.1535,0.2733
Prolog,Basic number comparison in prolog?,0.1869,0.2733
Prolog,How to write switch-statement-like code in Prolog,0.2534,0.2733
Prolog,No permission to modify static procedure dynamic/1,0.2651,0.2733
Prolog,Prolog binary addition,0.1431,0.2733
Prolog,Very basics: How to create & manage lists in Prolog?,0.2615,0.2733
Prolog,Unary and binary arithmetic operations in Prolog,0.2617,0.2733
Prolog,How to generate distinct solutions in Prolog for '8 out of 10 cats does countdown' numbers game solver?,0.5392,0.2733
Prolog,SWI-Prolog unable to run external processes through JPL,0.2897,0.2733
Prolog,How can I catch the output to the console in Prolog to verify it?,0.3413,0.2733
Prolog,Prolog problem modeling: objects with different colors,0.2991,0.2733
Prolog,Delete from list in SWI-Prolog,0.1462,0.2733
Prolog,Simple Prolog to Clojure core.logic,0.1827,0.2733
Prolog,"Naively assuming considered harmful: Prolog predicate with accumulator blows (global) stack, but naive version does not",0.6122,0.2733
Prolog,source_sink `appl' does not exist,0.1743,0.2733
Prolog,Prolog: Convert constant with parentheses to string,0.2788,0.2733
Prolog,Find all lists of sublists that when concatenated give a given list,0.3508,0.2733
Prolog,source_sink `library(lineutils)' does not exist,0.2591,0.2733
Prolog,Create all possible AVL trees given a list of elements in Prolog,0.3345,0.2733
Prolog,"Prolog, return only smallest result",0.1949,0.2733
Prolog,Check if a number contains digits A and B. Prolog,0.249,0.2733
Prolog,how to draw a search tree using trace in prolog,0.2396,0.2733
Prolog,Exclude variants/rotations of lists in solutions SWI-Prolog,0.3139,0.2733
Prolog,Prolog : find something not referenced in another predicate,0.3167,0.2733
Prolog,Prolog query with the use of conditional cut,0.2269,0.2733
Prolog,Prolog replace all occurrences of an element by another element in a Tree,0.383,0.2733
Prolog,Prolog- what causes the out of local stack error in this case?,0.3199,0.2733
Prolog,"Listing elemets of a list as i want, in Prolog",0.2316,0.2733
Prolog,prolog predicate implementation handles cycles properly avoiding infinite loops,0.4349,0.2733
Prolog,"Solving Instant Insanity in PROLOG but i always get ""NO""",0.2873,0.2733
Prolog,Prolog order of clauses causes pathfinding to fail,0.2651,0.2733
Prolog,"Confusion with classesInOtherPkgWithProtectedMember in the JVM spec, and more generally rules for accessing a protected member",0.6511,0.2733
Prolog,Does SLD tree exist if the query is invalid in Prolog?,0.2772,0.2733
Prolog,How do I map certain values to a list in Prolog?,0.2437,0.2733
Prolog,Prolog logical programming Binary tree predicates,0.285,0.2733
Prolog,CLP(FD) variable domains & propagation,0.2101,0.2733
Prolog,Why does Prolog returns true to this query,0.2142,0.2733
Prolog,How to select the shortest path from a selection in Prolog,0.3017,0.2733
Prolog,"Prolog code in python with Pyswip outputs ""None""",0.2467,0.2733
Prolog,Prolog Recursion | using multiple predicates to calculate sum,0.3294,0.2733
Prolog,Why is this rule not consuming the first character [Prolog CFG]?,0.3291,0.2733
Prolog,How to delete every second occurence of an element in a nested list - PROLOG,0.3964,0.2733
Prolog,"How to find the last item in the third list, which is collected from the first and second list?",0.5063,0.2733
Prolog,Syntax error: Operator expected in prolog code,0.245,0.2733
Prolog,Simple car-gas station game in Prolog,0.1873,0.2733
Prolog,Amzi Prolog won't pass value when being called,0.2352,0.2733
Prolog,SWI Prolog give all variables in list of lists specific value,0.3185,0.2733
Prolog,"Prolog: Why is there a vertical line and underscore in the output [x,y|_]?",0.3856,0.2733
Prolog,Fair non-binary random item,0.135,0.2733
Prolog,Prolog translating words issue with capital letters,0.282,0.2733
Prolog,SMT solver versus Prolog,0.1287,0.2733
Prolog,"Change the default output values in swi-prolog ""true"" and ""false"" for predicate evaluation",0.4653,0.2733
Prolog,Prolog: Determine answers to Multiple Choice Question test where students' answers and grades are known,0.535,0.2733
Prolog,How can I start my prolog web service using a systemctl service on a linux server?,0.4331,0.2733
Prolog,"predicate solve/2 its first argument is non-empty list ,second argument is list consisting of zero or more appended copies of the first argument [duplicate]",0.817,0.2733
Prolog,Concating 2 lists with third list containing every different order of the elements of the 2 lists,0.5111,0.2733
Prolog,Program to find what predicates are missing for a goal to be provable,0.3618,0.2733
Prolog,count number of correct answers and check..prolog,0.2559,0.2733
Prolog,Program to find what predicates are missing for a goal to be provable,0.3618,0.2733
Prolog,count number of correct answers and check..prolog,0.2559,0.2733
Prolog,"define a predicate solution/3 which is true when its three arguments, all lists, has the third list containing all elements of the first two arguments",0.7914,0.2733
Prolog,Querying a data knowledge in prolog,0.1827,0.2733
Prolog,Restrict automata counter prolog sicstus,0.2397,0.2733
Prolog,Avoiding the same answer multiple times in prolog,0.2587,0.2733
Prolog,Prolog reasoning about predicates,0.2113,0.2733
Prolog,Matching patterns without unification in Prolog,0.2703,0.2733
Prolog,Is there a way to reorder CHR rules at runtime in prolog?,0.2946,0.2733
Prolog,"Cloning,Copying prolog list",0.1562,0.2733
Prolog,Sublists of consecutive similar elements from a list in Prolog,0.3266,0.2733
Prolog,Why is this Prolog program returning true AND false?,0.269,0.2733
Prolog,"SWI Prolog description of call/1: ""clauses may have variables as subclauses""?",0.3975,0.2733
Prolog,How to ask for user choice in Prolog?,0.1795,0.2733
Prolog,Prolog check for duplicates in answer to query (easy way?),0.2966,0.2733
Prolog,Prolog: eliminate repetitions in query,0.2191,0.2733
Prolog,"CHR in SWI Prolog: Rule guard containing ""just removed"" constraint does not return, blows stack",0.4916,0.2733
Prolog,Visual prolog duplicates in list,0.1753,0.2733
Prolog,IndexError: list index out of range for pyswip library,0.2811,0.2733
Prolog,AND-OR in same statement - Prolog,0.1606,0.2733
Prolog,ERROR: No procedure usermod : select / 3 exists,0.2388,0.2733
Prolog,Prolog constraint for cyclical ascending list,0.2557,0.2733
Prolog,"Get ""type"" of DCG in Prolog",0.1168,0.2733
Prolog,Is this prolog program in tail recursive?,0.2111,0.2733
Prolog,Split list of two nested lists in two separated lists - Prolog,0.3199,0.2733
Prolog,Reverse every second list of lists in Prolog,0.2269,0.2733
Prolog,Running sum list for prolog?,0.1385,0.2733
Prolog,Generate decomposition constraints for constraints,0.3202,0.2733
Prolog,Reducing constraints in Prolog,0.1837,0.2733
Prolog,Fill a list with N characters at the end of it Prolog,0.2748,0.2733
Prolog,Copy all the elements of one list N times in a new list Prolog,0.3274,0.2733
Prolog,Solving chain reactions in prolog,0.1833,0.2733
Prolog,How do I sort a resultant list in Prolog?,0.2025,0.2733
Prolog,Sort a list in Prolog,0.0867,0.2733
Prolog,Prolog - Calculate fastest travel between 2 locations given different travel modes,0.4318,0.2733
Prolog,A union of a conditions,0.1028,0.2733
Prolog,Two lists have at least one common element without Prolog built-in predicates,0.4041,0.2733
Prolog,how to compare elements of a lists in prolog,0.2231,0.2733
Prolog,Relation that generates next prime,0.1914,0.2733
Prolog,Get duplicate items in a list and display answer in a list,0.3019,0.2733
Prolog,how do i print out stars using prolog [duplicate],0.2484,0.2733
Prolog,Solving a simple puzzle in prolog,0.1681,0.2733
Prolog,Http Post request via prolog,0.143,0.2733
Prolog,how do you print stars n amount of times on multiple lines using prolog,0.3738,0.2733
Prolog,Prolog going though a list and turning the odd number to even by doubling all the odd numbers in the list,0.5647,0.2733
Prolog,PROLOG return size of the smallest generated list,0.2587,0.2733
Prolog,PROLOG sum of integers inside a list,0.1805,0.2733
Prolog,Add all generated lists from a predicate into one big list at the end,0.3635,0.2733
Prolog,Prolog how to count the number of facts without using a built in,0.3354,0.2733
Prolog,Running Prolog commands from a bash script,0.2211,0.2733
Prolog,Create a list of adjacencies by adjacency matrix,0.2523,0.2733
Prolog,"Constraint Handling Rules in SWI Prolog: Does the ""constraint store"" exists only for the duration of the toplevel goal processing?",0.6723,0.2733
Prolog,Prolog - System of equations solver,0.1904,0.2733
Prolog,How do I open an image in prolog and display it in terminal?,0.3126,0.2733
Prolog,Find all in prolog,0.0736,0.2733
Prolog,Prolog Quicksort using second element as a pivot,0.2523,0.2733
Prolog,Iterating through 2D list in prolog?,0.1863,0.2733
Prolog,Iterating into a list within a list in Prolog,0.2292,0.2733
Prolog,Using a single clause compute whether the sum of any three members of a list is equal to given value,0.5366,0.2733
Prolog,"How to make a Depth First Search Work with a (node, list) relationship instead of (node, node) in Prolog?",0.5476,0.2733
Prolog,Dealing with uninstantiated values in Prolog,0.2484,0.2733
Prolog,Prolog inheritance logic: how to match?,0.2044,0.2733
Prolog,Multiplication of two complex numbers in prolog,0.2549,0.2733
Prolog,swi-prolog doesn't stop after first true with disjunction (or),0.3199,0.2733
Prolog,How do we add each element of two lists in sequence in Prolog?,0.3231,0.2733
Prolog,why do you define a rule twice in prolog,0.1989,0.2733
Prolog,Prolog translation,0.1599,0.2733
Prolog,Calculate whether the sum of exactly three values in a list is equal to N,0.3865,0.2733
Prolog,What's correct way to make natural number rule in prolog?,0.294,0.2733
Prolog,"prolog, duplicating in queries",0.1781,0.2733
Prolog,"How do I use an ""either or"" with a math function in Prolog?",0.3038,0.2733
Prolog,How to convert tree to list in Prolog?,0.1859,0.2733
Prolog,"In prolog, how to write Quicksort is use second element as pivot?",0.3362,0.2733
Prolog,Quicksort using the second element as a pivot (Prolog),0.2786,0.2733
Prolog,Given a few facts in prolog. I can't seem to create a rule which returns the variables don't have a relationship with given variable,0.7128,0.2733
Prolog,How to give values to items in a list in prolog,0.2401,0.2733
Prolog,how do we represent complex integers addition and multiplication in prolog?,0.3947,0.2733
Prolog,Prolog Using lists with between inside predicate,0.2617,0.2733
Prolog,how do we do a cycle in prolog?,0.1413,0.2733
Prolog,Is it possible to get elapsed time in microseconds in Swi-Prolog?,0.338,0.2733
Prolog,Count nodes in prolog,0.1011,0.2733
Prolog,How do I append an element to the beginning of a list after splitting a list?,0.4083,0.2733
Prolog,Creating a specific list in Prolog,0.1754,0.2733
Prolog,Creating a bidirectional rule in CHR and CLP/FD,0.2413,0.2733
Prolog,Prolog: Concatenate 2 constant Variables with a dash,0.275,0.2733
Prolog,How to remove the repeated members in a simple list [ prolog ],0.3159,0.2733
Prolog,Why atom([]). is false in SWI prolog software while in GNU prolog is true?,0.3796,0.2733
Prolog,Tree Breadth-First in Prolog,0.143,0.2733
Prolog,How to retrieve elements of a list of lists recursively in Prolog?,0.3435,0.2733
Prolog,Filter association table prolog,0.1929,0.2733
Prolog,"Generate all permutation of N (N - given) respecting the property: for every 2<=i<=n exists a 1<=j<=i, so |v(i)-v(j)|=1 in Prolog",0.7018,0.2733
Prolog,Prolog repeating the same answer infinitely,0.2411,0.2733
Prolog,Prolog write n as sum of consecutive numbers,0.2269,0.2733
Prolog,Creating a list in Prolog based on some specifications,0.2836,0.2733
Prolog,Is this logically and syntactically correct -- Nested Fact?,0.3111,0.2733
Prolog,Same elements in lists,0.1103,0.2733
Prolog,PROLOG - What is an accurate answer for a proof?,0.2398,0.2733
Prolog,Prolog: Find Minimum again and again until the list is empty,0.3108,0.2733
Prolog,How to remove an exception error when subtracting 8 from a variable?,0.3543,0.2733
Prolog,prolog replacing elements in list,0.1833,0.2733
Prolog,Do not know how to say male(X) not equal to female(X),0.2739,0.2733
Prolog,How to properly construct prolog parser?,0.2155,0.2733
Prolog,How to send EOF on Prolog swipl REPL on Windows to close the pseudo user file?,0.4133,0.2733
Prolog,Prolog- find any number above 0,0.1498,0.2733
Prolog,I want to make a prolog program to do sum of non-duplicate numbers,0.348,0.2733
Prolog,How to find all twins from family trees in Prolog,0.2512,0.2733
Prolog,Is there a way to compare three lists in prolog?,0.2432,0.2733
Prolog,"Fold-add all items in List, using Prolog",0.1986,0.2733
Prolog,How can I return a number in prolog?,0.1732,0.2733
Prolog,Remove / update all lists from a list that meet a certain criterion,0.347,0.2733
Prolog,Graph Coloring Problem in Prolog : Program not terminating,0.3103,0.2733
Prolog,When the prolog returns sat as an output what does it mean?,0.3055,0.2733
Prolog,Prolog intersection of list elements,0.2075,0.2733
Prolog,Calling predicates from another predicate,0.2477,0.2733
Prolog,The results my Prolog program outputs are not what what they are supposed to be,0.4168,0.2733
Prolog,Assign variable in list,0.1195,0.2733
Prolog,Logical exclusive or in Prolog,0.1592,0.2733
Prolog,Unexpected behavior of frozen/2,0.1672,0.2733
Prolog,How do I rewrite the following so it uses if_?,0.2316,0.2733
Prolog,advanced prolog tricks for 2019? [closed],0.2153,0.2733
Prolog,Prolog DCG select distinct items,0.1753,0.2733
Prolog,How to set mutually exclusive probabilities in Problog?,0.2941,0.2733
Prolog,PySwip error on launching : cannot unpack non-iterable NoneType object,0.3685,0.2733
Prolog,Prolog on finding last element of a list with append,0.2686,0.2733
Prolog,Why is my prolog predicate stop when it gets the first answer?,0.3218,0.2733
Prolog,How do I run a prolog file from the command line and not drop to the repl?,0.3977,0.2733
Prolog,Local negation in prolog,0.1287,0.2733
Prolog,prolog : How to check if the first character is uppercase,0.2931,0.2733
Prolog,Fitltering in findall,0.1321,0.2733
Prolog,Using a list of pairs as an argument in Prolog,0.2338,0.2733
Prolog,Add elements incrementally to a Variable,0.2192,0.2733
Prolog,How to tell Prolog that two literals are equivalent,0.2655,0.2733
Prolog,Check if triangle is equilateral in Prolog,0.2211,0.2733
Prolog,"Prolog, generate all combinations of n balanced brackets",0.3004,0.2733
Prolog,Is the second of these solutions more efficient?,0.2495,0.2733
Prolog,Having trouble figuring out what I need to change in order for this code to compile,0.4395,0.2733
Prolog,Returning List of possible answers,0.1914,0.2733
Prolog,Is there a way to use labeling to find a variable when 'is' is used in the rule?,0.4289,0.2733
Prolog,How to implement the relationship for any two representatives located in different parts of the database?,0.5471,0.2733
Prolog,Prolog: apply predicate to all list elements and sum results,0.3128,0.2733
Prolog,Out of stack error on a simple Prolog predicate,0.2413,0.2733
Prolog,How to return element by element in a shuffled list and not having them returned all at once?,0.4938,0.2733
Prolog,How is the day of the week unicorn?,0.1668,0.2733
Prolog,Why does Prolog find to many solutions when filtering a list?,0.3164,0.2733
Prolog,Converting a string to a list in sicstus prolog,0.2413,0.2733
Prolog,Print elements of a list but handle last element differently,0.315,0.2733
Prolog,Prolog check if two values are member of a list,0.2396,0.2733
Prolog,Tau Prolog behaving differently from sandbox,0.2484,0.2733
Prolog,SWI Prolog foreach/2,0.0919,0.2733
Prolog,SWI-Prolog YALL conflict with dicts,0.1827,0.2733
Prolog,Why predicates and functions are not explicitly separated in Prolog?,0.3592,0.2733
Prolog,Asserting predicates using Tau Prolog for Javascript,0.2888,0.2733
Prolog,How to get output from stdout using python subprocess?,0.2811,0.2733
Prolog,Is there way I could fix this error ? Undefined symbols for architecture x86_64: (gnu-prolog),0.48,0.2733
Prolog,Prolog: add lists in a heterogenous list,0.2044,0.2733
Prolog,SWI-prolog Semantic reasoning,0.1746,0.2733
Prolog,Finding the weighted sum of a tree,0.167,0.2733
Prolog,How does recursive back tracking works in Prolog,0.2523,0.2733
Prolog,how to implement logic operators in prolog,0.2211,0.2733
Prolog,Does it matter what is unification terms sequence?,0.2622,0.2733
Prolog,Predicate vs Function PROLOG,0.1654,0.2733
Prolog,How to read JSON file in Prolog,0.1467,0.2733
Prolog,How can I dynamically assert rules with conditions conjoined in the body in Prolog?,0.4341,0.2733
Prolog,Unification of terms in Prolog,0.1592,0.2733
Prolog,Possible to assert a list?,0.1224,0.2733
Prolog,Prolog - filter a list with a list as condition,0.2363,0.2733
Prolog,Need to do reasoning over owl,0.1389,0.2733
Prolog,What changes should be made to the code built for image processing API in prolog,0.4219,0.2733
Prolog,"Equivalent of ""assert"" in JPL7",0.1501,0.2733
Prolog,Is there a command to show the search pointer of every step in Prolog?,0.3671,0.2733
Prolog,Anytime strongly connected components via Prolog,0.2776,0.2733
Prolog,Prolog tries to find other solutions but I don't know why (there is only one),0.4069,0.2733
Prolog,"Prolog, Is it possible to use variable to call clause? [duplicate]",0.3382,0.2733
Prolog,"What does X evaluate to in the second operand of a predicate such as ""example([X|L1], [X,X|L2])""",0.5089,0.2733
Prolog,Prolog - finding min element in list,0.1825,0.2733
Prolog,Prolog Logic with adjacent rooms,0.1753,0.2733
Prolog,Error Undefined Procedure in Prolog while using (condition -> then_clause ; else_clause),0.4616,0.2733
Prolog,Prolog DCG Sytnax Error: Operator Expected,0.2301,0.2733
Prolog,Write executes after read,0.1378,0.2733
Prolog,prolog query gets stuck even when base predicates are defined,0.3208,0.2733
Prolog,Prolog predicate does not recognize passed parameter in recursion,0.3502,0.2733
Prolog,Prolog predecessor math,0.1542,0.2733
Prolog,Prolog: Define propositional logic statement operators and add arguments to list,0.4227,0.2733
Prolog,Checking all Members Of List,0.143,0.2733
Prolog,(SWI-PL) I can't figure out how to create a prolog rule to match this particular type of input,0.5063,0.2733
Prolog,Is there any way to check whether input n is less than or equal to length of list?,0.441,0.2733
Prolog,Prolog - increment by given number,0.1824,0.2733
Prolog,How to write a prolog query that calculates the total salary and less than a value?,0.4381,0.2733
Prolog,Installing Prolog via Eclipse,0.1746,0.2733
Prolog,How can I print a list recursively without use any built-in function in Prolog?,0.4153,0.2733
Prolog,Predicate for has triplicate in a list?,0.1976,0.2733
Prolog,How to have this prolog code run in sensible time?,0.2548,0.2733
Prolog,how do I put the index of the matching elements into a list?,0.3126,0.2733
Prolog,XSB Runtime errors - MulVal,0.1449,0.2733
Prolog,How to make a negative fact in PROLOG,0.1823,0.2733
Prolog,Converting list to terms in Prolog,0.1754,0.2733
Prolog,How to make a negative fact in PROLOG,0.1823,0.2733
Prolog,Converting list to terms in Prolog,0.1754,0.2733
Prolog,Prolog: Debugging Recursive Source Removal Algorithm,0.3031,0.2733
Prolog,adding elements one by one to a new list in prolog recursion,0.3128,0.2733
Prolog,obtaining the rest of a clause as a list and creating a list of lists,0.3663,0.2733
Prolog,Basics of using prolog swipl-stdio,0.1754,0.2733
Prolog,How to handle associative arrays in Prolog?,0.2247,0.2733
Prolog,Recursivity | Natural numbers in list swish prolog,0.2688,0.2733
Prolog,Prolog: why this predicate finds the answer but ignores it and goes on to unify with []?,0.4572,0.2733
Prolog,Prolog - construct list on condition of other variables,0.2912,0.2733
Prolog,Zodiac program code using prolog is not giving output,0.2776,0.2733
Prolog,How to write all paths in a directed graph with no cycles? (Prolog),0.3461,0.2733
Prolog,Finding consecutive sublists of a list,0.2046,0.2733
Prolog,Prolog add certain items to list,0.1608,0.2733
Prolog,Building a two-dimensional list from a one-dimensional list using Prolog,0.3779,0.2733
Prolog,Utilizing CLMUL in SICStus Prolog,0.1833,0.2733
Prolog,How can I call cool image library functions by using prolog?,0.3108,0.2733
Prolog,Prolog - first list is sublist of second list while maintaining order?,0.3627,0.2733
Prolog,Rotating a list to the right (Prolog),0.1808,0.2733
Prolog,Prolog - Operator priority problems,0.2184,0.2733
Prolog,Wrap every element from a list,0.1462,0.2733
Prolog,"Installed PYSWIP but when trying to import it shows ""module doesnt exist""",0.3795,0.2733
Prolog,Prolog: count only direct child nodes of a parent using pure recursion,0.3652,0.2733
Prolog,How to anwser this prolog question about paths?,0.2431,0.2733
Prolog,List of Prime Numbers. Why is my code not working?,0.2525,0.2733
Prolog,Generic programming in Prolog,0.1746,0.2733
Prolog,How to merge patches in Gerrit only when there are 2 +2 in Code Review,0.3699,0.2733
Prolog,getting Syntax error: while trying to execute a prolog program from a shell script,0.4289,0.2733
Prolog,Looping in Prolog by replacing goals with `fail`,0.2467,0.2733
Prolog,Prolog query doesn't return all answers,0.2008,0.2733
Prolog,using the 'not' operator in Eclipse Prolog,0.2147,0.2733
Prolog,insert a element after the odd elements of a list in prolog,0.3074,0.2733
Prolog,"How to get SWI-Prolog to always print strings with quotes, in interactive mode",0.4083,0.2733
Prolog,Problem with getting a list as an aswer in pyswip,0.2512,0.2733
Prolog,Write immediatly on the console,0.1672,0.2733
Prolog,Convert List enumeration to formatted string,0.2484,0.2733
Prolog,"How to solve ""content is not allowed in prolog""?",0.2398,0.2733
Prolog,Prolog clpfd :: operator expected,0.1944,0.2733
Prolog,Predicate to check if a set is a subpart of another set checks correctly but generates only void set,0.5323,0.2733
Prolog,how to call this Prolog code inside java netbeans,0.2534,0.2733
Prolog,Month not associated with unique value?,0.2082,0.2733
Prolog,Write a prolog rule to compute each city’s altitude in meters,0.3182,0.2733
Prolog,How to write numerical predicate in Prolog,0.2211,0.2733
Prolog,No permission to access private_procedure `var/1',0.262,0.2733
Prolog,delete all occurences of a term in a list,0.205,0.2733
Prolog,"Prolog Error: `character' expected, found `""((.).)""' (a string)",0.3085,0.2733
Prolog,How to find last bit set in a number (SWI-Prolog)?,0.2508,0.2733
Prolog,Ensure Input List Minimum Length Prolog,0.2119,0.2733
Prolog,Multi user web application over prolog data files,0.2587,0.2733
Prolog,How can you analyze a Prolog formula?,0.1841,0.2733
Prolog,7 liter and 5 liter jugs to 4 liter jug puzzle with depth-first search,0.3714,0.2733
Prolog,Lists size multiplication,0.1763,0.2733
Prolog,How to correctly write grandparent rule,0.2119,0.2733
Prolog,Prolog Program not exiting,0.147,0.2733
Prolog,Approximate value of sin by Taylor series,0.2143,0.2733
Prolog,Bypass rule for administration group in rules.pl in gerrit configuration,0.38,0.2733
Prolog,How do I determine if a prolog `compund term` has a particular `atom` inside?,0.3967,0.2733
Prolog,Internal predicates evaluate/2 and evaluate2/2,0.2482,0.2733
Prolog,How to print Graph Path serially using recursive algorithm in prolog,0.3576,0.2733
Prolog,getting control error when using not fact(something) in prolog,0.3244,0.2733
Prolog,"Understanding reification - “What relationships hold between x and y?""",0.3679,0.2733
Prolog,Creating a List in prolog recursively,0.1973,0.2733
Prolog,Prolog | find the path from root to leaf with the maximal sum of node value,0.3936,0.2733
Prolog,"Split a list in two halves, reversing the first half using difference lists",0.3918,0.2733
Prolog,How do I output answer of my user input knowledge base in Prolog,0.3354,0.2733
Prolog,List of candidates from different cities,0.2192,0.2733
Prolog,different behavior of predicates in prolog,0.2338,0.2733
Prolog,"Why is the output of ""canget(state(atdoor, onfloor, inmiddle, atwindow, hasnot), Plan)."" in this program repeatedly returning as false?",0.6878,0.2733
Prolog,A different way to convert an atom to number,0.2231,0.2733
Prolog,"In swi-prolog; How to create dup(L1, L2), where the elements of L2 are duplicated elements of L1?",0.5122,0.2733
Prolog,Superpermutation in Prolog,0.1874,0.2733
Prolog,"Prolog: Reflect (X,Y) -> (Y,X)",0.1162,0.2733
Prolog,Rule matching regarding lists in SWI Prolog,0.2279,0.2733
Prolog,"Prolog returning ""true"" instead of ""yes""",0.2042,0.2733
Prolog,create_mutable/2 in SICStus Prolog,0.1914,0.2733
Prolog,Searching an association list by key,0.19,0.2733
Prolog,How can I localize the reasons for excessive goal expansion?,0.3128,0.2733
Prolog,Mutually exclusion in a logic task,0.1754,0.2733
Prolog,"I am new to Prolog. I have tried to develop a major selection simple expert system, but I am stuck",0.525,0.2733
Prolog,CHR behavior in SWI Prolog for simple and() rule,0.2423,0.2733
Prolog,"Prolog beginner, combining rules question?",0.2468,0.2733
Prolog,Reading out text from an editor in XPCE,0.1951,0.2733
Prolog,How to generate a grid of predicates in Prolog?,0.2388,0.2733
Prolog,Briefly explain how the Prolog program works?Consider the Prolog program given below,0.441,0.2733
Prolog,CHR solution output in Prolog,0.1511,0.2733
Prolog,Knight's tour in Prolog: Stack limit exceeded,0.2304,0.2733
Prolog,Structuring SWI-Prolog Code into Modules for Unit Testing of Multiple Algorithms and Data Sets,0.4926,0.2733
Prolog,SWI-Prolog stack limit exceeded with tiny problem space using clpfd,0.352,0.2733
Prolog,how to get a program to compile and display in console,0.2793,0.2733
Prolog,switch between 1 and 0 in a list,0.1505,0.2733
Prolog,"Prolog - Split a list in two halves, reversing the first half",0.3123,0.2733
Prolog,Zebra puzzle - who lives on which floor?,0.1979,0.2733
Prolog,How to catch exception to backtrack(or Delimited Continuations) in Prolog?,0.3871,0.2733
Prolog,How to fail base clause and use recursion prolog,0.2473,0.2733
Prolog,compute the ranking of a parameter in the list,0.2352,0.2733
Prolog,make list consists of the same item,0.1738,0.2733
Prolog,Is it appropriate for a parser DCG to not be deterministic?,0.3052,0.2733
Prolog,"""Going back"" in a SLD tree in Prolog",0.1703,0.2733
Prolog,Prolog recursion base case,0.147,0.2733
Prolog,Prolog map procedure that applies predicate to list elements,0.3199,0.2733
Prolog,Prolog query with default for missing values,0.2346,0.2733
Prolog,"What is the equivalent of an ""outer join"" in Prolog?",0.2619,0.2733
Prolog,"In Prolog, how do I turn all answers to a query into a list?",0.3139,0.2733
Prolog,Prolog : querying if something doesn't satisfy a predicate,0.3028,0.2733
Prolog,Using PySwip to query Prolog database from python,0.2587,0.2733
Prolog,What makes a DCG predicate expensive?,0.1936,0.2733
Prolog,Accessing and crawling the file-system in SWI-Prolog,0.2715,0.2733
Prolog,How can I take input and make a list with it on Prolog?,0.2862,0.2733
Prolog,Am I entering an infinite recursive loop?,0.2111,0.2733
Prolog,(prolog) Can i abstract all the permutations of this pattern instead of having to write each one individually?,0.5728,0.2733
Prolog,String Comparasion Help For Solving Logic Grid Puzzles,0.2905,0.2733
Prolog,"How to reify Prolog's backtracking state to perform the same task as ""lazy seq"" from Clojure?",0.4876,0.2733
Prolog,Parallel Primes in Prolog?,0.1414,0.2733
Prolog,Hashset and Queue in prolog,0.135,0.2733
Prolog,Prolog | Return true if two elements in a 3x4 matrix are diagonal,0.3362,0.2733
Prolog,Prolog List elementwise similarity comparison,0.28,0.2733
Prolog,How to improve solution for string concatenation?,0.2652,0.2733
Prolog,Checking equal digits of numbers between lists?,0.2517,0.2733
Prolog,Prolog how to add element in a list if is in a list,0.2668,0.2733
Prolog,"Prolog- procedure ""?-A"" does not exist",0.1859,0.2733
Prolog,Infinite recursion error with and conditions?,0.252,0.2733
Prolog,Using procedures module Prolog,0.1837,0.2733
Prolog,Is this function tail recursive? Why does it fail for large lists?,0.3416,0.2733
Prolog,Defining complicated facts - Einsteins Zebra,0.2629,0.2733
Prolog,Prolog: add a list,0.0679,0.2733
Prolog,Six seats at the table,0.0947,0.2733
Prolog,Prolog reverse/2 list output format,0.1827,0.2733
Prolog,Recursion with or cases,0.1195,0.2733
Prolog,Check if element in a list of lists is equal prolog,0.2625,0.2733
Prolog,Constraint programming suitable for extracting OneToMany relationships from records,0.4591,0.2733
Prolog,"Prolog: compare three lists, 1st element of list1 to last element of list2 AND second to last element of list3",0.5811,0.2733
Prolog,how to optimize this code so that it executes faster,0.2686,0.2733
Prolog,Complex query with multiple solutions from c ++,0.2453,0.2733
Prolog,"SWI-PL: read() after a writeln() / write(),nl holds out the output of all previous write()",0.4587,0.2733
Prolog,How to check if a term contains variable?,0.205,0.2733
Prolog,Join two list in prolog?,0.1063,0.2733
Prolog,How to solve a knapsack problem in CLP(B),0.2025,0.2733
Prolog,"SWI Prolog, CLP(R): Can I bind a constraint to a variable?",0.2944,0.2733
Prolog,How to sum predicates values without using list?,0.2495,0.2733
Prolog,Verify_attributes in SICStus Prolog,0.2296,0.2733
Prolog,Equality of sets,0.0768,0.2733
Prolog,Sum values of variables?,0.123,0.2733
Prolog,Meta-interpreting logical cut in Prolog (Edited to accommodate comments),0.3801,0.2733
Prolog,When does Prolog break lines?,0.1466,0.2733
Prolog,Predicate returns true and not some value,0.2143,0.2733
Prolog,Is there something like anonymous predicates in SWI Prolog?,0.3114,0.2733
Prolog,Is there a way to reach the same result in a clause using less variables?,0.385,0.2733
Prolog,How to correctly filter a clause that returns multiple duplicated values?,0.3835,0.2733
Prolog,Prolog - delete a member from a list,0.1741,0.2733
Prolog,"Prolog: obtain a list with two sublists, containing the odd position elements and the even position elements. How to Improve this code",0.6993,0.2733
Prolog,Prolog list arithmetic average,0.1837,0.2733
Prolog,Print a list from a matrix,0.117,0.2733
Prolog,Timetabling in prolog,0.1321,0.2733
Prolog,Compare list in prolog,0.1103,0.2733
Prolog,Is there a more efficient way to implement those 2 function in swi-prolog?,0.3877,0.2733
Prolog,how to make swi prolog explain a solution,0.2078,0.2733
Prolog,Check if first or second element in list are same data type.Prolog,0.346,0.2733
Prolog,"Prolog, strange answer of setof",0.1627,0.2733
Prolog,Checking if first three elements of list are same data type.Prolog,0.3453,0.2733
Prolog,Trie implementation in Prolog?,0.1781,0.2733
Prolog,Disjunction G1 ; G2 vs. If-then-else Cond -> G1 ; G2,0.2506,0.2733
Prolog,"Prolog returning empty list, problem with base case on recursive predicate",0.3891,0.2733
Prolog,How to find and output lists including the max number(of all lists)? Prolog,0.3912,0.2733
Prolog,Checking if all elements of list are same data type (atom I guess). Prolog,0.3845,0.2733
Prolog,Pruning symmetrical solutions in ECLiPSe Prolog with the use of constraints,0.3968,0.2733
Prolog,"Best way to print array/list in prolog without commas, brackets, or spacing?",0.3936,0.2733
Prolog,How to get desired output,0.1189,0.2733
Prolog,"Prolog problem with findall how to construct a solution of a list which is a pair (element, list_of_elements)",0.568,0.2733
Prolog,Why do I get a Infinite Loop (Prolog),0.1767,0.2733
Prolog,"Prolog cut ""!"" operator in erlang",0.1653,0.2733
Prolog,Is there any explicit support for modulo operation in eplex library,0.352,0.2733
Prolog,What does [] and [_] mean in Prolog,0.1577,0.2733
Prolog,How to make sure that only 3 out of the 5 numbers are the same?,0.3346,0.2733
Prolog,SWI-Prolog list result,0.1103,0.2733
Prolog,Create a list of Key-Value pair,0.1467,0.2733
Prolog,Checking if list been sorted in Prolog,0.194,0.2733
Prolog,Enumerating all walks in a graph,0.1608,0.2733
Prolog,Prolog: Creating a frequency list of another list,0.2559,0.2733
Prolog,How to determine if a child is a single child in a PROLOG family tree?,0.3699,0.2733
Prolog,deleting zero from string in prolog,0.1827,0.2733
Prolog,Why is length/2 getting me out of global stack?,0.2374,0.2733
Prolog,Assigning values in a predicate,0.1672,0.2733
Prolog,"How could I get [a,0,b,0,c,0] when I give [a,b,c]?",0.2689,0.2733
Prolog,How are variables transmitted in Prolog?,0.2155,0.2733
Prolog,Prolog game gives wrong answer and only one answer,0.2594,0.2733
Prolog,Prolog - make list,0.0839,0.2733
Prolog,Argument - simple prolog,0.1502,0.2733
Prolog,"Given a list of elements, replicate each element N times",0.2896,0.2733
Prolog,Check prolog palindrome 123123,0.1837,0.2733
Prolog,Generating a sequence of leap years using clpfd,0.246,0.2733
Prolog,Is it possible to delay an assignment operation,0.246,0.2733
Prolog,How to check if all elements in the list of lists are the same except one [Prolog],0.4353,0.2733
Prolog,Fill a 2D matrix with given value in Prolog,0.2171,0.2733
Prolog,Prolog: How to find out which part of code is failing and write a specific message depending on that part?,0.5624,0.2733
Prolog,"How can i make a program in Prolog that recognizes the gender, plurality and case of a noun which the user inputs?",0.6089,0.2733
Prolog,Fibonacci numbers - Out of global stack error,0.235,0.2733
Prolog,Query Dictionaries with PySwip (Python-Prolog),0.2555,0.2733
Prolog,Undefined procedure in prolog query with C#,0.2247,0.2733
Prolog,Program recurs in different line than supposed to,0.2587,0.2733
Prolog,How can labeling/2 generate solutions starting from the midpoint of a domain?,0.4023,0.2733
Prolog,Template for prolog text processing and constructing state,0.316,0.2733
Prolog,Why the end of result list is not []?,0.1711,0.2733
Prolog,Prolog Create Dictionaries,0.1874,0.2733
Prolog,Check whether diagonals are the same value,0.2211,0.2733
Prolog,How to make assumptions in Prolog,0.1681,0.2733
Prolog,Hints to understand splendid program to solve Queens,0.2778,0.2733
Prolog,Cannot do simple Prolog,0.1195,0.2733
Prolog,Modeling an action and reaction flow in Prolog,0.2396,0.2733
Prolog,Get A Random Subset of Solutions,0.1608,0.2733
Prolog,Representing uniqueness on a restricted domain,0.263,0.2733
Prolog,Prolog - distance from two point,0.1662,0.2733
Prolog,Permission denied when opening file in Prolog,0.2414,0.2733
Prolog,Two objective functions,0.1542,0.2733
Prolog,Create a list from a Prolog DCG,0.1467,0.2733
Prolog,How to view images on GUI without a static path,0.2396,0.2733
Prolog,SWI-Prolog Backtrace Infinite Loop,0.1914,0.2733
Prolog,Prolog stucks after giving the result,0.1973,0.2733
Prolog,Generate list and check if the values are increasing,0.2715,0.2733
Prolog,Prolog - Keep track of multiple sum counters,0.2282,0.2733
Prolog,How to concatenate strings in Prolog,0.19,0.2733
Prolog,Prolog DCG with variables,0.1378,0.2733
Prolog,Prolog - split_string on every element in list,0.2417,0.2733
Prolog,Sum of different elements in dynamic list and make a descending list,0.3562,0.2733
Prolog,Accessing predicates from included prolog file,0.263,0.2733
Prolog,Find the minimun length of a SubList that contains all numbers from 1 to K,0.3916,0.2733
Prolog,Minimum size of sublist,0.1195,0.2733
Prolog,List operations in prolog [duplicate],0.2065,0.2733
Prolog,Check duplicates values in each row and column in 2D Array,0.3017,0.2733
Prolog,Simple Knights and Knaves Problem in SWI-Prolog,0.246,0.2733
Prolog,I want to sum in SWI-Prolog depending on certain user answers,0.3182,0.2733
Prolog,How do I add a field to a Prolog (Pengines) response?,0.2675,0.2733
Prolog,Prolog DCG with arguments,0.1378,0.2733
Prolog,Find at least one word of even length accepted by finite automaton,0.3453,0.2733
Prolog,prolog to display multiple mysql records in web,0.246,0.2733
Prolog,Find first sublist that has all numbers from 1 to K,0.2625,0.2733
Prolog,how to translate 'Saya' to ' I ' and 'saya' to ' i ' in prolog,0.3011,0.2733
Prolog,How integer suspension will be handled when it is used in head of a condition,0.4067,0.2733
Prolog,"how to print something inside a list without the '[]' and ',' in Prolog",0.3556,0.2733
Prolog,How to abstract all datas using if else in prolog,0.2512,0.2733
Prolog,Compare two lists with Prolog and collect the different elements in a different list,0.4409,0.2733
Prolog,How to count the predicates,0.135,0.2733
Prolog,Getting node from a graph prolog,0.1608,0.2733
Prolog,How does prolog uses backtracking to find solutions?,0.275,0.2733
Prolog,Prolog function returning true instead of value for variable,0.3199,0.2733
Prolog,How to properly iterate through two-dimensions array and sum all the lengths of elements?,0.4658,0.2733
Prolog,Modules exporting identical predicates in Prolog,0.2776,0.2733
Prolog,Prolog CLPFD Transitivity,0.1763,0.2733
Prolog,No permission to modify static procedure `findall/3' when running a file instead of running interactively,0.5457,0.2733
Prolog,"VSC Prolog on MacOS Mojave error: ""path to executable was not found""",0.3505,0.2733
Prolog,Is there syntactic sugar for multiple conclusion rules in Prolog?,0.3418,0.2733
Prolog,Prolog not showing output in the way I want / need,0.2525,0.2733
Prolog,Converting Scheme Functions to Prolog,0.2155,0.2733
Prolog,How to remove vowels from a given string in Prolog?,0.2606,0.2733
Prolog,Eclipse CLP: maximum number of constraints/variables,0.2855,0.2733
Prolog,How to make this function return the coordinates instead of an empty list,0.383,0.2733
Prolog,Deep copy of a list in Prolog,0.1332,0.2733
Prolog,Find path between 2 points from given connections,0.2587,0.2733
Prolog,"How to get the result from Prolog, via the C++ FFI , into a C++ variable",0.371,0.2733
Prolog,Constraining domain for variable through list,0.2557,0.2733
Prolog,What does Prolog assert/1 do with the term it is passed?,0.2892,0.2733
Prolog,how to consult a file on a ftp area in prolog?,0.2325,0.2733
Prolog,How to compare a list of constants to a list of variables,0.2965,0.2733
Prolog,How can I get half the number of elements on a list prolog,0.3038,0.2733
Prolog,How to leave in the first list elements that have a even occurrences in the second list? (Prolog),0.5104,0.2733
Prolog,Splitting list into sorted sublists (Prolog),0.2409,0.2733
Prolog,How can I compare the value of two predicates prolog,0.2686,0.2733
Prolog,"How to count only the number elements in a list (PROLOG), except _?",0.3443,0.2733
Prolog,Pick specific lists from a list of lists,0.2014,0.2733
Prolog,how to compare last element of a list with last element of another list in prolog?,0.4331,0.2733
Prolog,prolog rule to change singular form of word to plural,0.2744,0.2733
Prolog,"Question: how to implement A=a/1, B = b/3, C=A+B that results in C = a/1 + b/3?",0.4338,0.2733
Prolog,"Prolog uncaught exception: error(existence_error(procedure,a/0),top_level/0)",0.401,0.2733
Prolog,Internal workings of ic_global/occurrences/3,0.2484,0.2733
Prolog,How can I create this rule in Prolog?,0.1795,0.2733
Prolog,A General Method To Transpile A Code in Eclipse CLP to CHR,0.3019,0.2733
Prolog,How do I compare variables following a pattern defined by the user?,0.3489,0.2733
Prolog,Enforcing inequality of lists?,0.1781,0.2733
Prolog,Trouble modelling a burglar puzzle in Prolog,0.2346,0.2733
Prolog,what is a good way to link exclusive statements in prolog?,0.2996,0.2733
Prolog,Looping through a list which is a subarray,0.2142,0.2733
Prolog,How can I unify this list instead of just adding more variables to it?,0.3671,0.2733
Prolog,How to determine sum of two numbers from a list,0.2396,0.2733
Prolog,How to convert this clause into prolog?,0.1976,0.2733
Prolog,How to install clpq library in swi-prolog,0.2078,0.2733
Prolog,prolog code in python with pyswip not working,0.2332,0.2733
Prolog,Eclipse CLP labeling: exclude permutations,0.2513,0.2733
Prolog,Layouting Prolog terms,0.1431,0.2733
Prolog,Bug in Expected Functional Rule in Prolog,0.2143,0.2733
Prolog,CLP: Efficient model of 'not three same values',0.2375,0.2733
Prolog,Format minimal path,0.11,0.2733
Prolog,How to recursively determine quotient in prolog with limited predicates?,0.3824,0.2733
Prolog,How to write rules to list all city when asked in query?,0.2892,0.2733
Prolog,Apply OR constraint over the variables in a list,0.2473,0.2733
Prolog,Retrieve data from database without printing,0.2484,0.2733
Prolog,How to unify two ground term in prolog,0.1887,0.2733
Prolog,Implementation of a hash table in SWI-Prolog,0.2269,0.2733
Prolog,How can use data file with Eclipse-clp program,0.2352,0.2733
Prolog,Creating a list of interleaved elements: Prolog,0.2517,0.2733
Prolog,Prolog multiple unifications to one variable,0.2484,0.2733
Prolog,How to implement these Sigma notations in ECLIPSE-CLP or Prolog,0.3296,0.2733
Prolog,Is there a way to sum only the integers in a list of pairs that contain a letter and an integer in Prolog?,0.579,0.2733
Prolog,Writing Circle Area in ECLiPSe-CLP has Error,0.2269,0.2733
Prolog,"why this code cannot be run?what is ""syntax error: postfix/infix operator expected"" error in ECLiPSe-clp",0.544,0.2733
Prolog,Possible bug with nth1 predicate in Eclipse-clp?,0.2495,0.2733
Prolog,What value should be written to run the code correctly?,0.2838,0.2733
Prolog,Is the given prolog term a binary tree,0.1887,0.2733
Prolog,How to implement This MP problem in ECLIPSE CLP or Prolog?,0.2996,0.2733
Prolog,Prolog- How to sum only part of list inside another list?,0.292,0.2733
Prolog,how to pass argument to fact and find remaining argument in it,0.3236,0.2733
Prolog,instantiation fault in indomain,0.1929,0.2733
Prolog,Finding whether a number is a multiple of another,0.2534,0.2733
Prolog,How to confirm that the patient has neither cold or flu,0.2849,0.2733
Prolog,Problem trying to define exists precisely one in Prolog,0.2897,0.2733
Prolog,Finding a desired solution without using call_nth/2 multiple times or the use of findall/3?,0.4777,0.2733
Prolog,Is the graph a tree in prolog,0.1332,0.2733
Prolog,Re-assert a clause after it got retracted in a failing rule,0.3074,0.2733
Prolog,Is there a way to combine tabling with clause?,0.2327,0.2733
Prolog,Grouping elements of 4 different lists,0.2046,0.2733
Prolog,undefined procedure on ECLiPSe 7.0 Prolog,0.2143,0.2733
Prolog,Integer range suspension in prolog,0.1914,0.2733
Prolog,Using tail recursion to duplicate items on a list,0.2534,0.2733
Prolog,How can I show the max number,0.1332,0.2733
Prolog,Constraint over the integer division,0.2075,0.2733
Prolog,How to compare two list without inbuilt predicate?,0.2622,0.2733
Prolog,Instantiation issue when solving this Prolog Caliban problem,0.3287,0.2733
Prolog,Prolog: Looping through elements of list A and comparing to members of list B,0.4032,0.2733
Prolog,Generating change given a cash amount and a list of currency,0.3129,0.2733
Prolog,How to add a 'Functor' object from prolog to a JSON in python,0.3161,0.2733
Prolog,Matrix Multiplication Prolog,0.2095,0.2733
Prolog,Why member/2 does not return immediately,0.2076,0.2733
Prolog,How to call a predicate from another predicate - Prolog,0.2847,0.2733
Prolog,Merging elements of tuples in a list in Prolog,0.2352,0.2733
Prolog,"Prolog: ""chili"" interpreter that expresses call stack and choice points",0.372,0.2733
Prolog,bidirectional and deterministic binary decrement,0.3041,0.2733
Prolog,The difference between dollar sign ($) and number (or hash) sign (#) in Prolog,0.3916,0.2733
Prolog,Encoding this logic sentence in Prolog: G ↔ ~Provable(x),0.2832,0.2733
Prolog,Space / time requirements for ISO-Prolog processor compliance,0.3294,0.2733
Prolog,Problem with mathematical operation with findall/3 in a List (Prolog),0.3591,0.2733
Prolog,Collaborative ontology construction and Prolog,0.288,0.2733
Prolog,"How to inline a goal with findall/3, (use just one predicate)?",0.3161,0.2733
Prolog,Find the lower peaks of the list,0.1535,0.2733
Prolog,How to use append/3 to recursively build a list in prolog?,0.3001,0.2733
Prolog,Can't stop Prolog nodes creation by caching / memorizing,0.2907,0.2733
Prolog,Prolog tells me a procedure is undefined when it appears to be defined,0.3671,0.2733
Prolog,SWI Prolog CLP(FD) scheduling,0.1466,0.2733
Prolog,"Problem in performing translation of list of numbers to words such as [1,2,3] to [one,two,three]",0.5086,0.2733
Prolog,How to add rules in Jason while running,0.1951,0.2733
Prolog,How to evaluate a variable with string value?,0.2304,0.2733
Prolog,Crypto-arithmetic puzzle solver using CLPFD Library,0.282,0.2733
Prolog,How to accept one of two configurations of predicate arguments,0.3266,0.2733
Prolog,Prolog Implementation of foldl1,0.1929,0.2733
Prolog,Prolog CLP(FD) Number of items in result,0.1986,0.2733
Prolog,Why doesn't prolog stop on cut?,0.1435,0.2733
Prolog,I am having problems getting a list of lists into a single list,0.3302,0.2733
Prolog,Prolog planning using retract and assert,0.2192,0.2733
Prolog,"I want to prove some theorem using Prolog, however, it always returns ""Out of global stack""",0.4735,0.2733
Prolog,How to find a root to leaf path which is equal to a sum(pathsum problem) in Prolog?,0.4445,0.2733
Prolog,Prolog program to create a list with first duplicate elements,0.3208,0.2733
Prolog,How to increase console font in XGP Prolog,0.2142,0.2733
Prolog,Solutions for sum in Prolog,0.135,0.2733
Prolog,Proof as an output argument in Prolog meta interpreter,0.2836,0.2733
Prolog,How to find specific values in database using arithmetic operators,0.3498,0.2733
Prolog,How to find a specific fact in Prolog?,0.1859,0.2733
Prolog,Prolog ways to compare variables,0.1753,0.2733
Prolog,Turning a text file into a list using prolog. Using the split_string predicate,0.4076,0.2733
Prolog,Probability of a disjunction on N dependent events in Prolog,0.315,0.2733
Prolog,Question about predicates in prolog with an example,0.2714,0.2733
Prolog,Calling facts in query,0.1103,0.2733
Prolog,Apply map and filter simultaneously in SWI prolog?,0.2622,0.2733
Prolog,How can I write out an element from a list based on the index of an another element from an another list?,0.5688,0.2733
Prolog,Extracting list of items between two values in a list - prolog,0.3199,0.2733
Prolog,Prolog maximum term size,0.1287,0.2733
Prolog,Prolog concise foreach,0.1431,0.2733
Prolog,Grounding head and body,0.1195,0.2733
Prolog,Goal expansion for an `if_/3` operator in Prolog,0.2423,0.2733
Prolog,How to trim right whitespaces from String in prolog?,0.269,0.2733
Prolog,How to access rule data in PROLOG,0.1602,0.2733
Prolog,Prolog: List of sublists,0.123,0.2733
Prolog,How to represent situation calculus in Prolog?,0.245,0.2733
Prolog,How to represent semnet in SWI-Prolog,0.1873,0.2733
Prolog,Deconstructing with vars in clause heads (Prolog),0.262,0.2733
Prolog,How to use read_line_to_codes & atom_codes iteratively to generate array of lines as strings of my .txt file?,0.5642,0.2733
Prolog,How to describe commutative rules in prolog?,0.2314,0.2733
Prolog,How to run a predicate that contains lists as argument using GNU Prolog for Java?,0.4254,0.2733
Prolog,Can't load library(readutil) module in GNU prolog?,0.2544,0.2733
Prolog,Type checking with Prolog,0.1378,0.2733
Prolog,A problem of judge if a number contains '0' in Prolog,0.2696,0.2733
Prolog,Prolog Infinite loop on circular facts,0.2046,0.2733
Prolog,Prolog Maze Runner,0.0989,0.2733
Prolog,How to ignore the first and last element on each line when reading from a text file in Prolog?,0.5027,0.2733
Prolog,How to change board values from A to B,0.1868,0.2733
Prolog,Select/3 to remove a random character from string fails,0.286,0.2733
Prolog,Call different predicate if variable is not instantiated,0.3032,0.2733
Prolog,turn Predicate; How do you append a sublist of reversed elements to a list?,0.3912,0.2733
Prolog,Permutation of a list where numbers must change its position in Prolog,0.367,0.2733
Prolog,Splitting a list of integers into list of sublist in prolog,0.3073,0.2733
Prolog,How to obtain a list given this database,0.2014,0.2733
Prolog,Write a predicate for reverse list,0.1754,0.2733
Prolog,Equal Parameters without Comparison Operators,0.28,0.2733
Prolog,Dealing with Unbound variables & lists,0.2146,0.2733
Prolog,Write a skip predicate,0.1103,0.2733
Prolog,Having a List as an element in the list Prolog,0.2338,0.2733
Prolog,Prolog Code outputs False instead of Variable value,0.2714,0.2733
Prolog,Printing first letter of an atom Prolog,0.2008,0.2733
Prolog,"How do I create a ""deep"" version of this prolog predicate that will affect sublists?",0.4376,0.2733
Prolog,Prolog predicate single node in tree,0.19,0.2733
Prolog,Creating a predicate that will write solutions to queries when called [closed],0.4067,0.2733
Prolog,Why does my prolog predicate only work with an even number of elements in its list?,0.4381,0.2733
Prolog,Prolog determinant of matrix (recursion),0.2307,0.2733
Prolog,Debugging a piece of codes in prolog,0.1805,0.2733
Prolog,Trying to add siblings to every node in a binary tree with one child so that all nodes have 2 or zero children. In other words no nodes have 1 child,0.8144,0.2733
Prolog,to read file and then to convert it to lists in prolog,0.2802,0.2733
Prolog,How to convert string list with number list each other in Prolog?,0.338,0.2733
Prolog,Prolog unable to writeln elements with carriage return,0.2905,0.2733
Prolog,Adding a parsing constraint to a DCG,0.1805,0.2733
Prolog,Prolog the cheapest path,0.1287,0.2733
Prolog,Is there a Prolog name for moving a functor name in to an argument?,0.3516,0.2733
Prolog,"What does it mean for a predicate in Prolog to be ""shallow"" or ""deep""?",0.3606,0.2733
Prolog,How do I use Prolog to solve Transportation Problem?,0.269,0.2733
Prolog,Updating variables in matrix in prolog,0.2046,0.2733
Prolog,Built-In predicate for checking for variable name in a list,0.3073,0.2733
Prolog,Prolog - How to over write facts in a semantic network?,0.2793,0.2733
Prolog,Why do i get a stack limit exceeded error when defining a predicate that convert the relation of two atoms?,0.5682,0.2733
Prolog,Write a predicate to divide a list of numbers into multiple lists,0.3399,0.2733
Prolog,hoofers club in prolog,0.1103,0.2733
Prolog,"Write a predicate sqrt_list(NumberList, ResultList) to the list of pairs consisting of a number and its square root",0.6009,0.2733
Prolog,Pruning symmetrical solutions in prolog,0.2316,0.2733
Prolog,. or operator expected after expression in GNU Prolog,0.2785,0.2733
Prolog,Prolog (arguments not instantiated),0.2184,0.2733
Prolog,how do I implement a transpose predicate the right way (Prolog)?,0.3291,0.2733
Prolog,How to fill a list with N elements from 1 to N accepting repetition in Prolog?,0.4133,0.2733
Prolog,"Prolog question, manipulate list of lists",0.2228,0.2733
Prolog,SWI-prolog : how to make a circular list by using some facts,0.309,0.2733
Prolog,SWI-Prolog: How to stop the predicate when the list is empty? (predicate included),0.4241,0.2733
Prolog,Prolog Partial Matching,0.1542,0.2733
Prolog,how to sort the final result in swi-prolog?(predicate included),0.3255,0.2733
Prolog,Prog Language lab,0.0879,0.2733
Prolog,"up,down,left and right cannot be used when using SWI-Prolog in terminal",0.3738,0.2733
Prolog,Write a Prolog program to solve this problem [closed],0.2726,0.2733
Prolog,Prolog Dynamic Predicates Basic Usage,0.2155,0.2733
Prolog,Remove duplicate from a list but not returning two same results in SWI-Prolog?,0.4083,0.2733
Prolog,is prolog a good language to solve sudoku or minesweeper-like puzzle,0.3562,0.2733
Prolog,Prolog Procedure Does not Exist,0.1672,0.2733
Prolog,Use prolog to show cause of boolean logic failure,0.2534,0.2733
Prolog,Binary tree in Prolog and leaves,0.1608,0.2733
Prolog,Hide Module/Package from Trace,0.1592,0.2733
Prolog,"Why won't ""repeat"" in GNU prolog work as expected?",0.2503,0.2733
Prolog,"Splitting a list of integers into two sublists with the same sum, Prolog",0.3759,0.2733
Prolog,Prolog Recursion Exercise Stack Limit Reached,0.2557,0.2733
Prolog,Problem with simple recursion task in Prolog,0.2346,0.2733
Prolog,How to access two dimensional array in prolog and how to loop each element in it,0.4246,0.2733
Prolog,swi prolog 8.0.2 : gziped http,0.1335,0.2733
Prolog,Prolog Max 2 of the same numbers in a list,0.2106,0.2733
Prolog,How to assert many facts into knowledge base at once?,0.2722,0.2733
Prolog,A Prolog rule that returns the subgoals in a proof search,0.2961,0.2733
Prolog,How to generate a list of available steps on a grid?,0.2661,0.2733
Prolog,"How to Add an Element to the Same List Every Loop, Prolog",0.2946,0.2733
Prolog,Prolog - Predicate doesn't find all solutions when using no input variables,0.3904,0.2733
Prolog,family tree /3 prolog,0.0955,0.2733
Prolog,"Using foreach, Add Each Element to List Instead of Writing, Prolog",0.3423,0.2733
Prolog,How to return a list of recommendations in Prolog?,0.2569,0.2733
Prolog,Prolog: identify if two functors are identical *without* variable binding,0.3836,0.2733
Prolog,Append User List to Database Atoms,0.1754,0.2733
Prolog,"how to set set_prolog_flag(stack_limit, 2_147_483_648). to double the limit using swipl prolog",0.4886,0.2733
Prolog,I want to implement the predicate noDupl/2 in Prolog & have trouble with singleton variables,0.4795,0.2733
Prolog,Why is Prolog unifying a free variable to another free?,0.2838,0.2733
Prolog,"Define the predicate maxlist( List, Max) so that Max is the greatest number in the list of numbers List",0.5429,0.2733
Prolog,Uniqueness of a number in a list in prolog,0.211,0.2733
Prolog,Keep String property after inseriting to a list,0.246,0.2733
Prolog,Prolog: Finding 2 times of a list numbers and putting the number and its double in a list,0.4746,0.2733
Prolog,How to remove all occurrences?,0.1546,0.2733
Prolog,Shifting a list N times using Prolog [] issue :- Exercise 3.6 “ Prolog Programming for Artificial Intelligence” by Ivan Btrako,0.6446,0.2733
Prolog,Using https with library(pillow) in SICStus Prolog,0.2622,0.2733
Prolog,"Finding the Palindrome of a List using Prolog :- Exercise 3.5 "" Prolog Programming for Artificial Intelligence"" by Ivan Btrako",0.6482,0.2733
Prolog,I am trying to write a prolog program for fibbonaci series.This code is going in infinite loop .Can someone tell what's the error?,0.6972,0.2733
Prolog,Prolog List Represented Graph Traversal,0.2316,0.2733
Prolog,Wrong number of arguments in flow pattern,0.2143,0.2733
Prolog,Prolog - building list of terms recursively only including certain terms,0.3801,0.2733
Prolog,Why am I getting existence error when trying to remove doubles from a list?,0.3928,0.2733
Prolog,Translation to DCG Semicontext not working - follow on,0.2849,0.2733
Prolog,Prolog doesn't terminate after goal reordering,0.2482,0.2733
Prolog,Translation to DCG Semicontext not working,0.2338,0.2733
Prolog,Counting elements in list ignoring adjacent duplicates,0.3023,0.2733
Prolog,How can I tell what the computational complexity of a clpfd program is?,0.3707,0.2733
Prolog,Counting the number of elements in a list ignoring adjacent duplicates,0.3688,0.2733
Prolog,How to instantiate a variable in prolog predicate,0.2587,0.2733
Prolog,How can I tell what the computational complexity of a clpfd program is?,0.3707,0.2733
Prolog,Counting the number of elements in a list ignoring adjacent duplicates,0.3688,0.2733
Prolog,How to instantiate a variable in prolog predicate,0.2587,0.2733
Prolog,Non-destructive universal quantification in Prolog,0.2923,0.2733
Prolog,Finding prime factors in Prolog,0.1672,0.2733
