Programming Language,Questionnaires,Difficulty,Average Difficulty
Java,"My app is crashing after I clicked the call buttton I am a starter in Android Studio, my app works fine but crasher every time i click the call button",0.2038,0.1367
Java,Browser requests file larger than original file sizeI am creating a video play function on my website.,0.1614,0.1367
Java,How to extract both positive and negative integers from a string input in java which has the input pattern as given below?,0.1772,0.1367
Java,png images in html content are not showing up on gmail client for the email sent from java program,0.1449,0.1367
Java,Java server becomes unresponsive once listening started I'm trying to make a basic client-server program in Java.,0.1729,0.1367
Java,Crash occurring on some devices and not on others with Index Out Of Bounds exception | Android I have a really huge problems.,0.1805,0.1367
Java,Java that will scan the total cost of a quantity how to get the total cost of this java program,0.1355,0.1367
Java,Intermediate javax.ejb.EJBException: java.lang.Null Pointer Exception in Jboss application,0.1753,0.1367
Java,"Images showing in scene builder, but not after compilation",0.1205,0.1367
Java,How to sort the files in the directory in java using File Handling In this program,0.1256,0.1367
Java,"How do I fix this ""Duplicate class error"" in Android Studio How do I fix this when I try to build my android app.",0.154,0.1367
Java,How get only year with type XML Gregorian Calendar i have a XML Jaxb class to set with XML Gregorian Calendar type.,0.1647,0.1367
Java,Not overrunning an array limit? [duplicate],0.1114,0.1367
Java,Class Cast Exception occurs when I am trying the Blaze Persistence documentation sample,0.1587,0.1367
Java,Java Mybatis sql inserting data in a table with composite key where both key parameter as foreign keys I'm trying to make a User-Bundle relation,0.201,0.1367
Java,Reflect env variable reload to java bean public static final String,0.1258,0.1367
Java,Similar to Vending Machine Closed. This question needs debugging details.,0.1512,0.1367
Java,Class is not abstract and does not override abstract method keyReleased(KeyEvent) in KeyListener,0.1697,0.1367
Java,"Wrap the Controller Response into Another Object Consider the below Controller method,",0.1647,0.1367
Java,Wrong result meta data when using pagination with Balze-Persistence,0.1376,0.1367
Java,How to choose appropriate chunk Size and num Direct Arenas for netty,0.1189,0.1367
Java,How to use a hashmap to set characters equal to different characters?,0.1197,0.1367
Java,Live Data with sqlite not updating UI,0.0771,0.1367
Java,Java BigInteger source code performance benchmark [duplicate],0.1668,0.1367
Java,Spring Cloud stream - Routing to multiple destinations stream Bridge,0.1508,0.1367
Java,"I'm having a visual bug with the underlines in Visual Studio Code and I can't a reference of it anywhereThe error shows with import issues, as far as I can recall.",0.2182,0.1367
Java,Java - How to compare list of different Object types,0.0983,0.1367
Java,Alpine with jdk11 as base docker image,0.0811,0.1367
Java,How to update particular cell using POI without modifying any other data at the same row?,0.1394,0.1367
Java,Set network tag for Dataflow flex launcher,0.0972,0.1367
Java,Writing an Algorithm Closed.,0.0995,0.1367
Java,How can I validate user registration form with Java Spring Boot?,0.1152,0.1367
Java,How to provide inputs for prompt in neovim?,0.0826,0.1367
Java,"question about BeatBox.class at 13 chapter from K.Syerra B.Beyts book ""Java learning for beginers""Below is a code creating BeatBox using midi files and swing components.",0.2339,0.1367
Java,Clicks not working in selenium webdriver using java - Eclipse for java developers I'm tying to make traffic bot to earn from short links.,0.1948,0.1367
Java,How to deploy .war file with fixed path in Tomcat?,0.0816,0.1367
Java,How to put the number in to array like this,0.0649,0.1367
Java,How can I mock the private method inside the method,0.0892,0.1367
Java,export PATH=$PWD not working for Gentoo Linux for Raspberry Pi,0.1096,0.1367
Java,Java inner class and static nested class,0.0891,0.1367
Java,Why can't Maven Tycho find the correct JDK in toolchains.xml?,0.0985,0.1367
Java,Trouble Loading is shown when open FB page from Android application,0.1258,0.1367
Java,No code coverage for my Spring batch project with SonarQube,0.1134,0.1367
Java,if statement isn't working if user answers no java Closed.,0.0983,0.1367
Java,Using Multiple versions of Java on my mac,0.0783,0.1367
Java,How can I reach End Of File?,0.0378,0.1367
Java,"What is a NullPointerException, and how do I fix it?",0.0876,0.1367
Java,List view click items only detecting double click and not single click event,0.1311,0.1367
Java,Why I can not read some https pages with java code?,0.0786,0.1367
Java,Cast exception using Rest Assured/Apache http client config,0.1263,0.1367
Java,"How to find the timezone id for a time from a string for example ""19-Jul-21 1:08:22 PM BST""?",0.1216,0.1367
Java,Circular View Path Exception in Spring Boot,0.1012,0.1367
Java,java iterating problems.,0.117,0.1367
Java,How to avoid casting when accessing subclass variables from ArrayList of type super,0.1486,0.1367
Java,Can mockito-inline mock private methods?,0.1053,0.1367
Java,DateTimeParseException unexpected result Closed.,0.2285,0.1367
Java,3 and higher columnCount cause bug Android Studio,0.1071,0.1367
Java,Is there a way to find if there is a specific sum in an array without using a nested loop?,0.1249,0.1367
Java,"When running a c program on console, why isn't command ""c"" used (unlike python or java)?",0.1254,0.1367
Java,XSLT - masking data - Conditional on other tags,0.1042,0.1367
Java,Do I always need a web server with spring integration?,0.096,0.1367
Java,Netbeans conditional Field Breakpoint - check on new assigned value,0.1475,0.1367
Java,Program to write a string in reverse using a certain pattern Closed.,0.117,0.1367
Java,Job scheduling on a separate thread in dropwizard,0.1071,0.1367
Java,"findViewById returns ""null"" in a custom view",0.0987,0.1367
Java,How to call post api on button click without form tag?,0.087,0.1367
Java,"why keyclock shows error ""You are already authenticated as different user '0000000021' in this session. Please sign out first.""?",0.1949,0.1367
Java,"LWJGL on macOS : trying to have shader but nothing is renderedI am following a tutorial to learn LWJGL, but nothing appears on the window.",0.1955,0.1367
Java,I have two Ids in the same Row where the Id is seperated by Comma and wanted only one Id how to get that Any Leads,0.1547,0.1367
Java,How to put and get an Class Instance from net.sf.json.JSONObject I am using net.sf.json package for handling json.,0.1601,0.1367
Java,Spring Boot app on AWS EC2 only running on localhost,0.0922,0.1367
Java,how to make java JFR to include the time stamp in the file on dump Start Flight Recording filename with time stamp,0.164,0.1367
Java,How to click an element which is visible only on mouse hover - selenium java,0.1205,0.1367
Java,configuring Selenium driver to use Socks5 proxy,0.1172,0.1367
Java,Resolve Path recursively,0.1246,0.1367
Java,Java Spring SQL Integrity Constraint Violation Exception - Duplicate entry for key,0.164,0.1367
Java,Mass Indexer does not index anything,0.091,0.1367
Java,How can I pass parameters to a constructor of a class that uses @Required Args Constructor?,0.1423,0.1367
Java,"Intelli J and SonarQube, Local Variable is redundant",0.115,0.1367
Java,Why is IntelliJ giving me the name of the package and the name of another package in brackets?,0.1399,0.1367
Java,Purpose behind showing InvocationTargetException in the console rather than No Class Def Found Error at very first timeI got an exception message saying  java.lang.reflect.Invocation Target Exception.,0.2814,0.1367
Java,How to redirect two types of users to different activity in Anroid studio using firebase auth,0.1495,0.1367
Java,Reuse an existing id if exist in the database,0.0804,0.1367
Java,How to pass a variable from java file to a batch file?,0.0799,0.1367
Java,(java.nio.file.NoSuchFileException) in my code?,0.1074,0.1367
Java,"I use LWJGL and the JOML library, but when I multiply matrices it doesn't work",0.1155,0.1367
Java,junit core java reverse string test case,0.0891,0.1367
Java,Intelli J Search Template /Custom Inspection: Analyse sibling annotation,0.1639,0.1367
Java,Java Spring Rest Template get 1 object from apiI,0.0902,0.1367
Java,Scanner#nextDouble fails to parse 5.2 (Input Mismatch Exception),0.124,0.1367
Java,"The POM for org.olap4j:olap4j:jar:0.9.7.309-JS-3 is missing, no dependency information available",0.1398,0.1367
Java,What is a simple way to combine six numbers without using brute forceI have this sensor data.,0.1426,0.1367
Java,How to add rows to filtered JTable? I'm trying to add rows to filtered JTable.,0.1141,0.1367
Java,Is there a faster way to run a class without changing it to the main class?,0.109,0.1367
Java,"Accepting Map<String, Object> in @Controller, but deserialize each Object into other specific classes",0.1767,0.1367
Java,What is type class SI have a SQL database in a Gridgain cache and one column of that database is a short array.,0.1549,0.1367
Java,"Why do I keep receiving ""i cannot be resolved to a variable""",0.0939,0.1367
Java,Java code Detect Special character in CSV file Hi am looking for a java code that will detect special characters like below in a csv file.,0.1928,0.1367
Java,Trying to call Java utill using python I have a task to encrypt a string using java class and replace the encrypted string into same file.,0.1928,0.1367
Java,Spring Data Neo4j field annotation validation,0.1319,0.1367
Java,"I need help, apparently with ""this"" in static",0.0841,0.1367
Java,Constraint joins for list based planning variables I am just starting out with Opta Planner and have a question about building constraints against lists planning variables.,0.2481,0.1367
Java,Sum Array Specific Object In Java Spring How can i sum the spesific array in java here my respon json.,0.1476,0.1367
Java,FHIR HAPI Validation for Combination of Elements I have custom Structure Definition based on Observation resource.,0.1937,0.1367
Java,Why does UTF-8 encoding not work for special character in process input stream?,0.1292,0.1367
Java,"Java streams - Map<key, List<VO>> to Map<key, List<String from VO> I've a Map<KeyString, List<MyVO>>.",0.1343,0.1367
Java,Datadog wrong displaying of http.server.requests.count metric In my project we use spring-boot2 with actuator and datadog metrics,0.1949,0.1367
Java,How to define properties in TypeScript class through the database?,0.1323,0.1367
Java,Hibernate - Query Works in MySQL WorkBench But Hibernate Throws Exception,0.1512,0.1367
Java,How can I create all lowercase except for the last word?,0.0927,0.1367
Java,"Hashmaps or full fledged caches? There are several open-source cache implementations available in Java, like Guava Cache, Caffeine, etc.",0.2073,0.1367
Java,Quarkus with Panache getting hibernate error HHH000183I built an application with Quarkus and I'm using Hibernate with Panache for the models.,0.2129,0.1367
Java,elastic Search dynamic terms field I'd like to have a dynamic elastic template. When a terms field value doesn't exist in document I'd like to have a result.,0.212,0.1367
Java,How can i get the fields in firestore database which is inside Collection>Documents>Collection>Document?,0.172,0.1367
Java,Auto wired object is null while creating model I am struggeling with quiet an easy issue.,0.1394,0.1367
Java,How can I make the outputs in one line without making them in one print order How can I make the outputs in one line without making them in one print order.,0.21,0.1367
Java,How do I move a table to the left if it is in a JPanel?,0.0685,0.1367
Java,"@Conditional On Property on a Bean, which must be loaded based on two conditions, coming from application.",0.1657,0.1367
Java,How to filter data from all the records when the records are paginated?,0.1169,0.1367
Java,How to create a reusable instant (non-duration) Java FlightRecorder JFR event?,0.1397,0.1367
Java,Add dynamically inflated view to 2 parent views,0.0999,0.1367
Java,"JUnit5 Order Execution - Order Annotation Ignored UP DATE:  I should have included the original POM file (below), and the fact that I did attempt solutions from JUnit's @TestMethodOrder annotation not working",0.281,0.1367
Java,How to convert ArrayList<int[]> into int[][] in javaI am working on a problem in which I performed many operations on an ArrayList<int[]>.,0.1889,0.1367
Java,Float parsing with strange result compared to DoubleI just stumbled upon the following issue.,0.1625,0.1367
Java,"Why is java code X interrupted when other code that started code X, comes to the end?",0.1245,0.1367
Java,Jython CP720 is not supported in this JVM so it can't be used in python.console.encoding I want to start using Jython,0.1637,0.1367
Java,spring Jpa is not recognizing the correct Entity name inside @Query param,0.1303,0.1367
Java,How to copy image/video from its URI I am trying to create whats app status saver.,0.1196,0.1367
Java,How to provide runtime JVM arguments to created layered image using Spring Boot?,0.1394,0.1367
Java,combining mutiple security configurations,0.189,0.1367
Java,How to use JpaRepository for two different datasources?,0.1258,0.1367
Java,"Hibernate: can save the object, but cannot load it back Havint this models",0.1226,0.1367
Java,"Remote debugging of an application in another city Good day, I need to debug the application on a device in another city. How can I do that?",0.1921,0.1367
Java,Simple app is crashing I am just traying to change the visibility of some views,0.1244,0.1367
Java,Jackson deserialization using JsonParser is skipping the first key value pair @context I am building a Jackson deserialization application that can handle the deserialization of CustomerList and Customer. Users can provide any input and based on the input the code will make the decision whether the provided input JSON is CustomerList or Single Customer.,0.4464,0.1367
Java,"Problem with connecting to Rest API that returns data in base64 format using Retrofit library I cannot connect to API with Retrofit, when data in api is encoded to base64. I worked with base64 before, but I made requests using Http Url Connection and decoded it using Java. But now I want to get data with a help of Retrofit library.",0.4197,0.1367
Java,upgrading gradle to 6.x error Could not set unknown property 'test Classes Dir' for task ':systemtest Run' of type org.gradle.api.tasks.testing.,0.2008,0.1367
Java,Rest Easy not compatible with Jakarta RESTfull Web Services,0.1263,0.1367
Java,Java Spring boot classpath I am trying to create a report and i am using Jasper Report to implement that.,0.1533,0.1367
Java,How to parse JSON string without third-parties in JAVA,0.0982,0.1367
Java,How can I loop the Try block until no exceptions are caught?,0.0958,0.1367
Java,Why My Image Is Not Upload In Server And Alwyas Show User Not Register,0.1095,0.1367
Java,"Google Cloud fails to deploy app with message ""No deployable artifacts were found. Unable to proceed.",0.1626,0.1367
Java,Hibernate : how to create JPQL by concatenating strings?,0.1237,0.1367
Java,How to add custom text to shared file using intent?,0.0869,0.1367
Java,"How to read xml file contents in java without giving any element node, tag etcIs there any way by giving only file path we can read all text content from xml file in java.",0.2285,0.1367
Java,How do I create a custom PMD rule to check if an instance of DSLContext is begin referenced in a loop?,0.1443,0.1367
Java,"Saving the values temporarily I have a survey report app, where the user will fill in the data (text and images) but in case he wrote half the report while doing the survey and closed the app to continue later all the data is lost",0.299,0.1367
Java,My App Crashes When I click button that redirect to another website in recycleview adapter from firebase,0.1669,0.1367
Java,Reversed recursive traversal B-TreeI have a B-Tree with a traverse function I found on GeeksForGeeks that does standard inorder traversal.,0.2058,0.1367
Java,Why doesn't Spring create a Bean even tho it has a @Component annotation?,0.1133,0.1367
Java,Get TextBox Paragraphs from Word Document using Apache POI We use Apache POI to do manipulations of Microsoft Word documents.,0.191,0.1367
Java,warehouse block in anylogicI'm facing an issue with the project I'm developing using Anylogic.,0.1503,0.1367
Java,How do I let the code know whether to run it manually or through a pipeline?,0.1111,0.1367
Java,Trying to draw to a window in JFrame is not exactly working I'm trying to draw a rectangle to the screen based on mouse listeners.,0.1798,0.1367
Java,How to keep duplicate spring bean in container.,0.097,0.1367
Java,Spring Boot - more cleaner or elegant way to pass multiple parameters to stored procedure spring data repository how pass multiple parameters as DTO or Entity class in arguments method of Repository interface Spring Data,0.2981,0.1367
Java,"How to get an application, which is running on a WebLogic server, write Shiro messages to a log file on the server?",0.1627,0.1367
Java,Creating instance of child class from parent class based on some input,0.1242,0.1367
Java,CSP blocking Websocket server connection I have a jhipster generated application where I want to add a websocket.,0.1782,0.1367
Java,Eclipse says The constructor Email() is undefinedI am tring to expand on a tutorial I was following Java Project Step by step,0.1816,0.1367
Java,How I do compare objects in a Array List against each other in Java,0.1023,0.1367
Java,"Can't connect Android Studio with SQL Server I am trying to connect my android studio application with my database to save the ""Log in"" that are made on the page.",0.2187,0.1367
Java,Web program Tomcat JAVA? [duplicate],0.1031,0.1367
Java,Autowire bean in spring boot return null?,0.0899,0.1367
Java,I want to add Spread sheet WebService in Main Activity without call it from other class,0.1365,0.1367
Java,Public reference to an object,0.0797,0.1367
Java,Why jshell allows non-final free variables in lambda expressions?,0.1293,0.1367
Java,Java Priority Queue: how to heapify a Collection with a custom Comparator?,0.131,0.1367
Java,Requests get dropped during springboot service pod rolloutI am using the Kubernetes cluster with docker.,0.1796,0.1367
Java,Global exception handler never get called in micronaut 3 with project reactor After upgrading the micronaut application from 2.5.12 to 3.0.0 and using the Project reactor as reactive stream.,0.2578,0.1367
Java,How to update Maven version?,0.0698,0.1367
Java,REST-ASSURED posting empty request body for generated object I'm using rest assured to send a post with a generated body from a model class.,0.1961,0.1367
Java,How to use Custom Annotation in Java SE 11?,0.0713,0.1367
Java,Exception thrown in a flat Map are ignored by on Error Resume operator,0.1161,0.1367
Java,Zabbix 5 Tomcat Jmx not supported itemsIm trying to use Template App Apache Tomcat JMX template for monitoring Tomcat 9,0.1809,0.1367
Java,How to get a random video by hashtag using YouTube Java APII need a way of get a random YouTube video by hashtag.,0.1583,0.1367
Java,"Error extracting and using custom public modulesI was extracting a public module, and an error was reported while importing the public module.",0.2119,0.1367
Java,how to escape part of json loaded as object,0.0738,0.1367
Java,"Can someone explain me why this ""random number"" is allways the same (1)?",0.1123,0.1367
Java,Local instance of the Multipart Utility class is thread safe in java?,0.1197,0.1367
Java,how to make a client side api call that requires cert and has given me the .pem and .key files via spring boot,0.1521,0.1367
Java,Slow JCS Cache for one region I have an application where I'm processing thousands of records from a file and I'm storing them in a cache (LRU) using JCS library. I have created two regions for it as the records are processed twice (due to some business requirements).,0.3432,0.1367
Java,SMS verification code request failed: unknown status code: 17093 nullI have an existing app which I have already tested on numerous occasions.,0.2109,0.1367
Java,Preconditions and logging arguments should not require evaluation,0.1647,0.1367
Java,Hibernate Mapping for Composite Key using xml,0.1092,0.1367
Java,why do the recycler in netty not restore all the items in the stack?,0.1031,0.1367
Java,Async Java method for Azure Function App?,0.0899,0.1367
Java,How do I use Proguard to optimize a War file?,0.0687,0.1367
Java,"Turn off browser logging from webdrivers in Selenium 4 I'm working on a Java (11) project where we need to do some testing using Edge-Chromium (which is running on Linux via a docker container), so I've had to upgrade the version of Selenium we are using to 4.0.0-beta-4.",0.347,0.1367
Java,Restrict user to input numbers,0.085,0.1367
Java,"How to test if a jobject Class<?> reference is of a specific class (JNI)In JNI, how can I test if a jobject which is a Class<?> reference matches a class given by a jclass?",0.2244,0.1367
Java,"JavaFX Circle Linear Gradient Fill by Percentage I just want to make an indicator for customer how much he/she used his/hers data/sms/voice using two circles and linear-gradient, but some values are not behaving as wanted. How can I make them behave same as in the image on the left?",0.3621,0.1367
Java,Minecraft 1.17.1 Mod en_us.json file not working I have a problem with my json file,0.119,0.1367
Java,Constraint Set get existing connection How do get the currently connected view for a given direction from a constraint set?,0.1873,0.1367
Java,"If I want to perform login on the service layer with shiro, how could it set cookie?",0.1224,0.1367
Java,Kafka consumer not really acknowledge although used MANUAL_IMMEDIATE I have an app using Spring Boot 2.5.2,0.1653,0.1367
Java,Spring serialization error for AmazonS3 client I've got a weird problem which I can't really understand.,0.16,0.1367
Java,Json Deserialize result of build to json,0.0891,0.1367
Java,Jsoup select method returning null when passed identical query string that returns results in google inspect element Document upgraded,0.215,0.1367
Java,Unexpected response code 406 - GET request for JS On Object using Volley - Android Studio,0.1481,0.1367
Java,Java 11 or newer is required to run the IDE Android studioWhen I try to update android studio to version,0.1525,0.1367
Java,Translate Type script to Java,0.0797,0.1367
Java,Json to pojo online converter splits json to different classes,0.1225,0.1367
Java,Android - Dynamic method call (java),0.0986,0.1367
Java,Reference antecedent Java stream step without breaking the stream pipeline?,0.1596,0.1367
Java,What is the difference between a member variable and a local variable?,0.1223,0.1367
Java,Is there a way to use conditional predicate on a Java stream?,0.0985,0.1367
Java,Check that two span classes are equal to text and click on the correct span element after,0.1355,0.1367
Java,"java.time.format.DateTimeParseException: Text could not be parsed at index ""dd.MM.yyyy HH:mm""",0.1452,0.1367
Java,session.invalidate() throws Illegal State Exception after request.logout() Environment,0.1861,0.1367
Java,How to limit concurrent http requests with Mono & Flux I want to handle Flux to limit concurrent HTTP requests made by List of Mono.,0.1863,0.1367
Java,Invalid message length Error in jpos when parsing the response from server I am sending request to iso server.,0.1671,0.1367
Java,What are the possible causes for javac giving me an invalid flag error?,0.1169,0.1367
Java,How do i concatenate a string in between to strings at run time?,0.0993,0.1367
Java,how to make validation login false in spring boot security for count failed login,0.1356,0.1367
Java,Spring Boot Get a 500 Internal Server Error with Post method I`m trying to learn Spring Boot but am having trouble with Rest API. I have a table in MySQL and I am trying to add an employee to the table using the Post method but constantly get the 500 internal Server Error.,0.3509,0.1367
Java,java.nio.Buffer Overflow Exception run-time error when data receive using broadcast receiver in Android?,0.172,0.1367
Java,Java 11 migration: Package is accessible from more than one module issue,0.1276,0.1367
Java,Error running mab l test from Jenkins pipeline (mabl.javax.xml.bind.JAXBException)pipeline,0.1554,0.1367
Java,Does EntityManager.getReference() matter if the entity is @Cached/@Cacheable?,0.1565,0.1367
Java,"The package org.json is accessible from more than one module: <unnamed>, org.json I am stuck to import this library to my classpath/modulepath.",0.2001,0.1367
Java,Does RxJava Flowable generate function can produce more than one data sample in parallel?,0.153,0.1367
Java,Gradle composite build can't resolve transitive dependencies,0.1467,0.1367
Java,Having space in front of logged messages in logback My Logback pattern in logback.xml file as follows,0.1553,0.1367
Java,"Value null in all relations ManyToOne with hibernateI want to establish a 1 to N relationship between the product and the supplier, so that a supplier can offer several products, but a product has only one supplier.",0.2855,0.1367
Java,Hibernate upgrade 5.4 legacy-style query params ('?') for `NativeQuery` I am upgrading hibernate from 5.2.18 to 5.4.24.,0.1636,0.1367
Java,How to use regex in java to manipulate the string,0.0831,0.1367
Java,Verify with mockito that error with lambda arguments has been logged I am using log4j as a logger and want to use lambdas as arguments to the logmessage in order to make the evaluation of the message lazy in case the specific log level is not enabled:,0.3255,0.1367
Java,"Tomcat's Catalina utility threads are periodically using high CPU and memory We have a webapp that uses on average 20% CPU when idle, with no network traffic or any kind of requests.",0.2449,0.1367
Java,Leak Canary: How to exactly interpret this memory leak log Can anyone please guide me on how to interpret the memory from the below-given log?,0.1984,0.1367
Java,plugin.xml causing the build to fail in Intellij IDE So I want to build my own Intellij Idea plugin.,0.1438,0.1367
Java,Accessing a remote neo4j database from an Android app,0.1066,0.1367
Java,Java JCR/Adobe AEM: How do I access the node directly without using queries?,0.1205,0.1367
Java,How to select one Card view out of many Card views,0.0778,0.1367
Java,Why ParNew GC time rise with old generation size?,0.091,0.1367
Java,Unknown lifecycle phase,0.1163,0.1367
Java,"java.sql.SQLException: 'Field 'voc_id' doesn't have a default value'. using Spring JPA I'm trying to insert Voc, Recovery class in One to one relationship.",0.2118,0.1367
Java,Identifying memory leak suspects,0.131,0.1367
Java,Best approach to maven project-specific scripts?,0.1179,0.1367
Java,Complexity of getting average of array,0.1001,0.1367
Java,Optimizing a naive missing word algorithm,0.1137,0.1367
Java,Java - ExecutorService stops processing thread after a while,0.141,0.1367
Java,CXF - Retrieve SOAP response XML from generated client I am currently generating async client code using wsdl-to-java which is being used to query a SOAP web service.,0.2285,0.1367
Java,Where to put static files such as CSS in a spring-boot project?,0.0968,0.1367
Java,How maven dependency exclusion works for this scenarios,0.1287,0.1367
Java,Cannot resolve method 'mapId' in 'Google Map Options' I am trying to add my modified map to app,0.1381,0.1367
Java,Does Session.getCurrentSession() closes without doing any transaction?,0.1741,0.1367
Java,Is my usage of predicates here bad practice or extra?,0.0929,0.1367
Java,Execution keeps timing out with this is 'do while' loopI try to run this on the IDE and it just won't run.,0.1442,0.1367
Java,How to deal with missing/delayed server responses in synchronized requests?,0.1463,0.1367
Java,Recommended Java Swing layouts to use for two same-size tables plus buttons,0.1286,0.1367
Java,How to obtain response data in Handler Interceptor‘s after Completion(),0.1329,0.1367
Java,Sorting an Array List of Array List in lexicographical order,0.1164,0.1367
Java,app widget update text view on 12am everyday i have an app widget and i want to update the text view everyday on 12 am,0.1631,0.1367
Java,"Firebase Unique User Id, how to generate UUID like this",0.099,0.1367
Java,Do while loop doesn't check the condition and loops forever,0.1032,0.1367
Java,Why Completable Future did not execute in sequence?,0.1114,0.1367
Java,How to fill an integer array with underscore in java,0.0922,0.1367
Java,My app is showing Runtime Exception when I am trying to run it from Android Studio on my phone I have given the code below.,0.1705,0.1367
Java,Intercepting java machine shutdown call?,0.1335,0.1367
Java,Getting child node from Compilation Unit variable instance,0.1395,0.1367
Java,Count query generated by returning Page<> from Repository method crashes on org.hibernate.QueryException,0.187,0.1367
Java,"Spring boot, Update/override application.properties value programatically/dynamically (JAVA)",0.2065,0.1367
Java,Problem with footer only first page docx4j,0.0972,0.1367
Java,I want spring boot application which accepts https request and send this request to other app on http and send this http response back to https req,0.2058,0.1367
Java,How would I print out a user input given the certain amount of inputs needed?,0.1184,0.1367
Java,Build up a cipher instance manually without get Instance,0.1165,0.1367
Java,How to query using the regexp_matches function from postgres in spring JPA,0.1348,0.1367
Java,how to read all the rows only from first column from excel using selenium java,0.1222,0.1367
Java,Where do parameters get changed in GroupLayout?,0.1139,0.1367
Java,Mongo Socket Open Exception: Exception opening socket for Primary node in MongoDB replica set,0.1625,0.1367
Java,Does a transaction in Spring Boot with Jpa Transaction Manager support Isolation. SERIALIZABLE?,0.1752,0.1367
Java,"How to sort a Hash Map, values are integers.",0.072,0.1367
Java,Spring Redis save POJO as different types when using @Cacheable or @CachePut,0.1363,0.1367
Java,Need help for Assignment! API usage for the first time on Ionic,0.1038,0.1367
Java,Generating DTOs for XML XML,0.069,0.1367
Java,How to properly override close() method from java.io.Closeable to kill an object?,0.1307,0.1367
Java,How can I prevent the user to put invalid data and how can I compare two data in spring boot mvc?,0.1351,0.1367
Java,Aliasing usecase in elastic search,0.1062,0.1367
Java,Is it possible to use ARCORE with Camera X?,0.0713,0.1367
Java,Using pre-shared key from ESP32 to a Spring boot secure API I am trying to send some data from an ESP32 device to a secure spring boot API.,0.1886,0.1367
Java,How to add data to linked tables?,0.0578,0.1367
Java,Hibernate merge() is removing child objects but save Or Delete() is not?,0.12,0.1367
Java,Bottom Nagvigation View On click does not work navigation,0.1198,0.1367
Java,NullPointerException : attempt to get length of null array,0.1338,0.1367
Java,I am trying to Mock an autowired map of instances in spring but I get null pointer exceptionIn one of my controller,0.1658,0.1367
Java,I'm trying run a spring bot application and it shows a Command Acceptance Exception error executing DDL My Model,0.1676,0.1367
Java,How to find a possible set that sum to a given value,0.0765,0.1367
Java,Build failure when adding jar file directly in java build path in maven based project and not adding its entry in pom file?,0.1757,0.1367
Java,How to make KeyBinded labels not be able to leave the JFrame (For a game),0.1078,0.1367
Java,Constraints exception handling on weblogic by java hipster A project generated by Jhipster and deployed on weblogic server. Everythings works fine on weblogic server except constranits exceptions handling.,0.2926,0.1367
Java,"Jar file can't access Mysql database when moved to another computer What the title says, basically.",0.1538,0.1367
Java,How to get next month and previous month from String (Month and Year),0.1101,0.1367
Java,What is String to Zoned Date Time conversion error,0.0968,0.1367
Java,Illegal access: this web application instance has been stopped already.,0.1452,0.1367
Java,Kafka Consumer Error Stream frame descriptor corrupted,0.1452,0.1367
Java,"Unable to put text more than one char for certain HTML input from Selenium Java In certain pages of an UI app, Selenium Java is unable to put text with more than one char into a HTML input text bar",0.2598,0.1367
Java,Null Pointer Exception in object array [duplicate],0.1227,0.1367
Java,Jackson deserialize date-time strings to long?,0.1099,0.1367
Java,RabbitMQ error java.lang.Illegal Argument Exception: invalid value in table I am upgrading my application from Spring Boot 1.5 to 2.3 and the following rabbitmq code section throws java.lang.Illegal Argument Exception: invalid value in table,0.3173,0.1367
Java,How to change View-elements in child Constraint Layout from parent Constraint Layout?,0.1519,0.1367
Java,Uploading an image with Servlet File Upload gives two different file sizes on local environment vs aws environment,0.1815,0.1367
Java,Getting 401 Unauthorized HTTP errors when trying to create collection with async flag,0.1537,0.1367
Java,Multiple depended Combo-boxes in Swing,0.1001,0.1367
Java,Quarkus Resource Test with preconditon of Resource Writing Component/Integration Tests.,0.1801,0.1367
Java,nginx proxy_pass can't got full response data from output stream,0.1173,0.1367
Java,Access not inserting new values into table,0.0972,0.1367
Java,How to get bulk write metrics in Mongo DB Java driver 3.0,0.0836,0.1367
Java,How to prevent reflection only for some fields?,0.097,0.1367
Java,Android Java handler post,0.0858,0.1367
Java,Initialization of 2D Array in Java?,0.0826,0.1367
Java,How to compile java in Vim,0.0455,0.1367
Java,having problem while call java class through jsp package,0.1165,0.1367
Java,java.nio.file.FileSystemException:storage/emulated/0/Download/..... :Operation not permitted in Android Studio while copying file,0.2097,0.1367
Java,How to solve this java path error from android Studio?,0.096,0.1367
Java,How do I use setters from a Recycler View adapter within a Runn able object?,0.1161,0.1367
Java,Why is my application failing to get file list?,0.0844,0.1367
Java,"PDF preview on a vaadin web application is taking longer time when using office network while it takes lesser time when using different network We inspected the network request details in both cases. Receiving stage takes more time. Even if there is some difference in network speed, it shouldn't be taken this long, right?",0.4079,0.1367
Java,Jackson polymorphic tree-like structure deserialization,0.1774,0.1367
Java,"How to add a component like a button, programmatically from the java code instead of adding it from XML?",0.1542,0.1367
Java,invalidate() in on Draw is not calling on Draw,0.0786,0.1367
Java,"Android Intent is not passing the variable from one class to another In Android Studio, I created a simple field called name. I want to pass this variable called name to the class called MainActivity2.",0.2689,0.1367
Java,print text within some quotes in Java scanner(more info down in the body),0.115,0.1367
Java,Sybase Jconn4 shifting decimals on whole number I'm facing a strange issue with Jconn4.,0.1411,0.1367
Java,Dump http headers - Axis 1.4 I have to use a third party java library to consume some soap services.,0.1415,0.1367
Java,Not able to serialize nested object with custon jackson parser,0.1225,0.1367
Java,Unit Testing Flux.doOnNext() I have a method which takes a Flux as a parameter. Inside the method it then configures the Flux and another method subscribes to it.,0.2215,0.1367
Java,Webflux-Aop:Get method request(Mono) in Aspect class,0.1008,0.1367
Java,Maven build fails but running jar file runs fine?,0.091,0.1367
Java,Button color not changing in android Studio,0.1012,0.1367
Java,"Java Files.move doesn't work ""Operation not permitted"" I want to use Files.",0.1165,0.1367
Java,Effectively way of handling multiple parameters as input in GET Request,0.1371,0.1367
Java,JPA annotation replace characters on insert,0.1228,0.1367
Java,how to sort number include decimal using java?,0.0934,0.1367
Java,"Completable Future along with reading using File Reader, the program doesn't exit Backgroud",0.1578,0.1367
Java,"Java Null Pointer Exception after Login, so I'm developing my first app on android studio and I have a problem with my dashboard after I logged in I keep getting Java null pointer exception.",0.2541,0.1367
Java,PEM file to RSA Private Key in Java I have a private key in .pem format.,0.101,0.1367
Java,Eclipse and Maven: Error occured during initialization of boot layer Buongiorno,0.1576,0.1367
Java,Java generics restrictions with interfaces abstract class,0.1573,0.1367
Java,How do I track if activity has ended Android Studio,0.0892,0.1367
Java,REST Client Sub-resources return Abstract Method Error,0.1251,0.1367
Java,Criteria Builder and Jquery DataTables - Custom query,0.1347,0.1367
Java,How to remove certain Strings from a shared Preferences at the user's input in android studio,0.1439,0.1367
Java,what is the best way to convert a date & time given in certain time Zone to UTC in java,0.121,0.1367
Java,Convert string to java friendly string Is there a native way to convert a given string into a java-friendly format in Power Shell?,0.1848,0.1367
Java,Set Adapter cannot be applied as the adapter is of Firestore Recycler view Adapter,0.138,0.1367
Java,Memory of Integer,0.0662,0.1367
Java,What is the usage of root level default.json file in android project?,0.1119,0.1367
Java,NoClassDefFoundError - missing dependencies in the classpath,0.1925,0.1367
Java,AWS EC2 t3.medium | Maven slow compile,0.0746,0.1367
Java,Why Alert Dialog doesn't work from Activty Recycle View Adapter,0.1145,0.1367
Java,Removing whitespace from strings in Java,0.1092,0.1367
Java,How to test @ModelAttrbiute in spring boot controller test?,0.1213,0.1367
Java,Detect when a user cancels typing i would like to know if its possible to detect whenever a user presses the back button when in the EditText field.,0.2043,0.1367
Java,No Class Def Found Error even though jar is in the module path Eclipse,0.1095,0.1367
Java,How switching pane frame with JX Browser,0.0891,0.1367
Java,strange <br> string in result of Google file diff,0.0884,0.1367
Java,Python script in Android Studio Is there a way to make Android studio/Java execute a python program?,0.152,0.1367
Java,Transform and copy all properties of an object,0.0963,0.1367
Java,throwing custom exception of child class from a for each loop to parent class,0.1261,0.1367
Java,How to test classes with private constructors TLDR Version,0.1231,0.1367
Java,Writing Parquet file using Avro Parquet Writer to GCS,0.1066,0.1367
Java,What is the recommended way of overriding version of a dependency from parent pom?,0.1364,0.1367
Java,How to determine if two strings are permutable in java?,0.099,0.1367
Java,How do I create truststore and key store from the signed certificate?,0.1197,0.1367
Java,How can I deploy two versions of a microservice at the same time in Open Shift?,0.1177,0.1367
Java,Completable Future.get not waiting for final block,0.1107,0.1367
Java,"Hazelcast: clear and put All Currently, I'm putting my list of elements on a hazelcast map by this way",0.1465,0.1367
Java,when to use AWS sync client vs AWS Async client,0.077,0.1367
Java,Spring Kafka Request Reply Partition pattern: Unable to commit offset after processing message,0.1744,0.1367
Java,How to get JVM Heap Size of Running Spring Boot (Spring Web MVC) API (runtime)?,0.1168,0.1367
Java,Scanner is skipping nextLine() after using next() or nextFoo()?,0.1217,0.1367
Java,Oracle JDBC Thin driver : encoding issues,0.1061,0.1367
Java,"in spring boot maven jar build //// before build = working , after build = not working The problem is, before maven building, it was working very well in dev environment",0.2298,0.1367
Java,My sqlite database is only inserting one item android studio (java),0.1216,0.1367
Java,Error inflating class android.support.v7.widget.Fit Windows Frame Layout,0.1399,0.1367
Java,"Vue.js and Springboot application error regarding login and captcha I am new to vue and Springboot, I have created a login site.",0.1835,0.1367
Java,"Why is BigDecimal(""20"") not equal to BigDecimal(""2E+1"")",0.0876,0.1367
Java,javax.validation.constraints.Email rules applied to the field it is used Can I find a documentation where there are all the rules that the annotation @Email from javax.validation.constraints do for the field it is used.,0.2903,0.1367
Java,Inlining an object with Jackson AnnotationsWith these classes,0.1503,0.1367
Java,"what is the ""bad"" or ""problem"" of being able to accessing an object's field like the example here",0.1381,0.1367
Java,How to prevent tomcat message output when saving servlet in eclipse?,0.1265,0.1367
Java,Using Flickr API from Java to upload images,0.0855,0.1367
Java,JAXB compiler is binding xs:long to Java Long instead of primitive long class,0.1261,0.1367
Java,How to get slave machine to connect to client on WSL machines,0.1004,0.1367
Java,Making a network call to update UI from within an observer method in Android Kotlin,0.1335,0.1367
Java,Default Theme is not changing even after changing theme in styles xml From some while I am stuck at changing style for my android app.,0.1888,0.1367
Java,"Spring Data JPA: Prevent updating when using save All if Id exists I am using Spring Data JPA in writing list of objects with a composite key as an Id. Is there a convenient way to prevent saveAll from updating the record if the @Id already exists by throwing an error? I don't want to use exist method to check each record since the save method already does it. Maybe there is some configuration properties that can be set to achieve this?Spring WebClient - How to handle the errors on the body RestI'm a newbie with Spring Boot, and I need your help.",0.678,0.1367
Java,swagger shows attributes in a table as duplicateI tried to create a relational database.,0.1506,0.1367
Java,How can we ignore the comma's inside barces while converting csv into bean or string array in java,0.1449,0.1367
Java,Junk value added to the header when message sent to Azure event hub topic,0.1166,0.1367
Java,The bean encountered a non-application exception,0.1212,0.1367
Java,How can I access the data of an object without having to put its name?,0.1025,0.1367
Java,Micronaut setter injectionMicronaut is not injecting @Value on a setter method. Is it not supported?,0.1675,0.1367
Java,Is it possible to manually sort Firebase autogenerated keys?,0.1271,0.1367
Java,How to fetch data from multiple columns in sqlite android using cursor,0.1242,0.1367
Java,Problem deploying a Java web app w/MySQL into a Digitalocean Ubuntu droplet,0.1286,0.1367
Java,problem when running spring boot application : error 864 I am trying to make a very simple spring boot java program and here is all my data file.,0.2001,0.1367
Java,"JOptionPane.showInternalConfirmDialog() frame icon I have an application using a JDesktop Pane and I am using JOptionPane.showInternalConfirmDialog() to get confirmation from the user. The issue I am having is that no matter what I use as the parent, I always get the coffee cup as the frame icon.",0.3781,0.1367
Java,How to know programmatically if the system is in dual monitor mode?,0.1144,0.1367
Java,contains with ObservableList () returns always false i am using Observable List in my JavaFX code,0.1607,0.1367
Java,While connecting of my login page to MySql i am getting error of Communication Exception,0.1449,0.1367
Java,Spring Boot 2 after aop annotation I am trying to create a @after aop annotation to execute a code after the method got completed. I am facing issues when I pass with parameter.,0.2377,0.1367
Java,How do I get the months to match up with the correct inputed number?,0.1031,0.1367
Java,Maven Wrapper Lifecycle failing I am getting below error when I try to do a maven build using terminal from Intellij.,0.1718,0.1367
Java,Split a string in java based on custom logic,0.0771,0.1367
Java,Modelmapper issue while handling @OnetoOne mapping I have a an issue in using modelmapper to perform an update of a parent-child entity using @OneToOne.,0.2168,0.1367
Java,Unable to get the output of python executed from Java,0.0952,0.1367
Java,Using custom data types in jooq's condition expression,0.1099,0.1367
Java,Areas Created by Winding Rules,0.085,0.1367
Java,How can I export a runnable jar file with resources?,0.0899,0.1367
Java,"HashSet loses the old element when adding a new one It is necessary for a HashSet to be defined in one class, and for me to access this HashSet from other classes and add data to it.",0.2411,0.1367
Java,Can we use one pageobject among different pages?,0.1006,0.1367
Java,"DEPMOD File not found, how can i solve this?",0.072,0.1367
Java,Is there a compact way of identifying/storing classes?,0.1074,0.1367
Java,Just want to know what am I doing wrong in my code?,0.072,0.1367
Java,Jackson faster xml deserialise list of objects as different objects based on their root element,0.1607,0.1367
Java,Junit Parameterized arrays Is there any way to test cases with arrays and not integers?,0.1411,0.1367
Java,"Eclipse Tomcat Maven I am working in a typical Java project setup(Eclipse,Tomcat ,Java).",0.1403,0.1367
Java,While counting number of rows this code gives wrong result(usually more than the answer)?,0.1441,0.1367
Java,"mockito mock static function does not work if the function is called in a Threadandroid app, a java class needs to do something based on the Notification Manager's status.",0.2347,0.1367
Java,Number of ways to form a mountain ranges,0.0747,0.1367
Java,android how to play a beep at a certain frequency,0.0831,0.1367
Java,AVA MYsql login form - login function does not work properly (Javafx),0.1231,0.1367
Java,Downloading and saving video into SD card does not show up (also not in Finder),0.1214,0.1367
Java,why did not generate enable Select By Primary Key when using mybatis generator,0.1361,0.1367
Java,Thread safety in java multithreading,0.1168,0.1367
Java,Make ZGC run oftenZGC runs not often enough,0.0855,0.1367
Java,Eclipse autocomplete not working for some source files,0.1251,0.1367
Java,keystore.load() works but loadKeyMaterial() fails for the same keystore I'm trying to make an API call to an Axis2 API which requires a certificate.,0.2056,0.1367
Java,"While deploying mule application in tomcat or jetty, How to change http endpoints to servlet endpoints in configuration.xml file?",0.1975,0.1367
Java,in java I want to return in one line stream to map,0.0713,0.1367
Java,ndex 26 out of bounds for length 26,0.0567,0.1367
Java,Java Rest API to connect to Sharepoint I am trying to connect to Sharepoint using java of my web application.,0.1608,0.1367
Java,Spring State Machine - JpaRepositoryStateMachine Not a managed type Error,0.1672,0.1367
Java,How to adjust daylight saving with Cron Scheduler,0.1071,0.1367
Java,How do I determine the audio format of a online stream?,0.0898,0.1367
Java,Progress of seek bar pointing null error on fragments,0.1066,0.1367
Java,Android App Locale Not Working on Play Store Release I'm changing the app locale at the press of a button.,0.1517,0.1367
Java,How to store user input date and pass them in sql query In order to make our code more usable.,0.1325,0.1367
Java,"Is there a way to use Android's Speech Recognition API to output true/false, even when the phone is off?",0.1469,0.1367
Java,Peer List Listener is not working?,0.0781,0.1367
Java,Redisson queue unique elements,0.1181,0.1367
Java,Parse date string to a specific format in Java,0.0837,0.1367
Java,Why should I use Integer.parseInt(sc.nextLine()); in this program and not sc.nextInt()?,0.1319,0.1367
Java,No Such Element Exception in Java.,0.0781,0.1367
Java,Can't find who handles the Access Denied Exception I wanted to secure my application by using jwt.,0.148,0.1367
Java,How do you allow a user to retrieve values from a list in Java?,0.0912,0.1367
Java,"Android - Save Map<String, Object[]> to file How can I save this kind of map to file?",0.1178,0.1367
Java,"Android - Stripe payment in stripe.create Token deprecated Google play store giving me warning to upgrade stripe SDK to 16.9.0 version,",0.1946,0.1367
Java,Pjsip library install java path enviroment error,0.1212,0.1367
Java,"Srping Batch - easiest way to get aggregated data (read, writes, step exit status, job exit status) from multiple Jobs/Steps run in the past",0.1961,0.1367
Java,Permission denied while accessing file Android 11,0.1252,0.1367
Java,get Screen shot As is giving null exception on webDriver,0.1043,0.1367
Java,How to input attribute into the webtest client,0.0963,0.1367
Java,Getting Stale Element Reference Exception while accessing the element from a list Below is the code which I am trying to get to work.,0.1899,0.1367
Java,LocalDateTime.of returns null in test class,0.1012,0.1367
Java,Not able to write string to temp file in spring boot i am creating temp file(outputFile) and writing text with Buffered Writer.,0.1817,0.1367
Java,Password attempts in JFrame connected to SQL I created a JFrame log-in.,0.1169,0.1367
Java,Is this an efficient or even correct way of parsing serial data?,0.1064,0.1367
Java,Edit text doesn't trigger for behind apps while floating view is active,0.1186,0.1367
Java,Convert list to Map having key as sum of even numbers and value as sum of odd numbers using java 8,0.1381,0.1367
Java,The Image to be moved to JFrame is not displayed,0.0801,0.1367
Java,"i have 2 sound in 2 different files , and i want to play a sound if the first sound end I have two sounds and I want to play the first song after I press the button and after the sound ends to play the second sound.",0.2801,0.1367
Java,How to convert TarArchiveOutputStream to byte array without saving into file system,0.1587,0.1367
Java,FileNotFoundException when converting image to base64 kotlin,0.1693,0.1367
Java,"PayPal capture Authorization: get money immediately within an Angular Application I authorize an order and want to capture it later on the server (Spring Boot). The server request, I implemented like described here:",0.2903,0.1367
Java,Convert hex string to png java,0.0637,0.1367
Java,Compare two JSON and also show activity which column we changed?,0.1152,0.1367
Java,How to get data from DB using query param?,0.068,0.1367
Java,Integrate VPN into application desktop,0.1274,0.1367
Java,Can you compare the Keys of a HashMap with a Set?,0.0729,0.1367
Java,Return a value from a method which receives response in callback,0.1173,0.1367
Java,java - ClassNotFoundException when trying to init a class which throws Exception,0.1583,0.1367
Java,quarkus Multi<String> not quoting strings Background,0.134,0.1367
Java,"Running a Java configured Spring MVC Application fails to load Application Context, raises",0.1644,0.1367
Java,How can i make for loop reading information from json object in java?,0.1119,0.1367
Java,OpenCV in Java: how can I output all kind of symbols?,0.0821,0.1367
Java,Setting JAVA_HOME for JDK 11 in Ubuntu for VSCODE How do I set JAVA_HOME for JDK 11 in Ubuntu for Visual Studio Code?,0.1653,0.1367
Java,How to order router mapping pattern to be last java spring boot,0.1057,0.1367
Java,Override not-found exception handler in micronaut,0.1252,0.1367
Java,How to wait until Data is successfully received from Firebase Database?,0.135,0.1367
Java,How to Resize Drawing using Swing Java using input,0.0968,0.1367
Java,Can Apache cxf rest client proxy work with reactive interface,0.1194,0.1367
Java,How To avoid stale element reference: element is not attached to the page document when I use a command to change the paage,0.1757,0.1367
Java,"Spring Security - Error using @PreAuthorize(""hasRole('ADMIN')"") results in 404",0.1504,0.1367
Java,groovy-all:3.0.8 in my build.gradle is downloading different jars versions,0.119,0.1367
Java,How to receive EventGrid Events in the POST method of JAVA,0.1004,0.1367
Java,"Accessing hidden method Ldalvik/system/DexPathList;->findResource(Ljava/lang/String;)Ljava/net/URL; (greylist-max-o, linking, denied) creating url I'm trying to use the OMDB api to make a search app in Android Studio,",0.2859,0.1367
Java,Spring boot webclient calling api which returns XML response having 2GB best way to call,0.1449,0.1367
Java,"Very Simple Jade Question ( SEVERE: Cannot create agent)Firstly,",0.1326,0.1367
Java,Serve static folder with Spring Boot and React Router,0.1066,0.1367
Java,Create jks file without password To create a jks file I run the following commands,0.1312,0.1367
Java,How to properly find child element of a Web Element in Selenium Java,0.1111,0.1367
Java,"An error when running JUnit Test for my web project in Netbeans 8.2 RC said: Need to specify class name in environment or system property When I run my test class, it threw this error:",0.2441,0.1367
Java,JwtDecoder prevents application from building,0.1646,0.1367
Java,Java using VS building with Maven Failed to get sources of local jar files,0.119,0.1367
Java,Categories with n-level sub categories using node js + MySQL,0.1119,0.1367
Java,Java spring test form endpoint I want to create test to test my insert form endpoint.,0.1307,0.1367
Java,"StackOverlow Error when building project with maven I am running the commands clean,install to build the project.(maven으로 프로젝트를 빌드할 때 StackOverlow 오류가 발생합니다. clean,install 명령을 실행하여 프로젝트를 빌드합니다.)",0.2655,0.1367
Java,Ashot screen shot does not correctly crop the element from screen shot(Ashot 스크린샷이 스크린샷에서 요소를 올바르게 자르지 않습니다.),0.1639,0.1367
Java,Issue Downloading Plain Text File in Spring Controller from Web App(Web App에서 Spring Controller의 일반 텍스트 파일 다운로드 문제),0.1722,0.1367
Java,Ktor sample code is not running after creating new project(새 프로젝트를 만든 후 Ktor 샘플 코드가 실행되지 않습니다.),0.1366,0.1367
Java,How to get uri a file with intent action pick(의도 작업 선택으로 파일을 가져오는 방법),0.0959,0.1367
Java,JMeter Selenium Web Driver Integration Issue(JMeter Selenium 웹 드라이버 통합 문제),0.1329,0.1367
Java,Union two or more entities and merge into one list(둘 이상의 엔티티를 결합하고 하나의 목록으로 병합),0.1133,0.1367
Java,What is difference between Mockito.spy(List.class) and Mockito.spy(new ArrayList())?(Mockito.spy(List.class)와 Mockito.spy(new ArrayList())의 차이점은 무엇입니까?),0.2114,0.1367
Java,Convert android Android Icon to Bitmap in Android(Android Android 아이콘을 Android에서 비트맵으로 변환),0.1554,0.1367
Java,Error connecting to Azure Blob Storage Service with Java(Java를 사용하여 Azure Blob Storage 서비스에 연결하는 동안 오류가 발생했습니다.),0.1698,0.1367
Java,Serial communication between arduino and java 'fatal error detected'(arduino와 Java 간의 직렬 통신 '치명적인 오류가 감지되었습니다'),0.1748,0.1367
Java,SQLite Delete function working but not deleting entry(SQLite 삭제 기능이 작동하지만 항목을 삭제하지 않음),0.1388,0.1367
Java,"Authenticate Gradle to Azure Artifacts Maven I want to authenticate an Azure pipeline to Azure DevOps Artifacts, for which I have the vsts Feed Id handy(Azure Artifacts Maven에 대한 Gradle 인증 Azure DevOps Artifacts에 대한 Azure 파이프라인을 인증하고 싶습니다.)",0.3154,0.1367
Java,Java Discord4j how to send message to channel REST API?(Java Discord4j 채널 REST API에 메시지를 보내는 방법은 무엇입니까?),0.153,0.1367
Java,How to pass object in url for controller?(컨트롤러의 URL에 객체를 전달하는 방법은 무엇입니까?),0.1117,0.1367
Java,why exception throw excute before thread finished sleep in kotlin(or java)thread(isDaemon = true)(스레드가 kotlin(또는 java)thread(isDaemon = true)에서 절전을 완료하기 전에 예외가 발생하는 이유),0.2292,0.1367
Java,Java cannot find imports in Class URL Connection.java(Java가 클래스 URL Connection.java에서 가져오기를 찾을 수 없습니다.),0.1568,0.1367
Java,how do I add JRE to Spring Tool Suite(Spring Tool Suite에 JRE를 어떻게 추가합니까?),0.1078,0.1367
Java,QueryDSL Java Mongo SubQuery matching all condition returns incorrect result(모든 조건과 일치하는 QueryDSL Java Mongo 하위 쿼리가 잘못된 결과를 반환함),0.192,0.1367
Java,Correct way to execute a Runnable after focus transfer(포커스 전송 후 Runnable을 실행하는 올바른 방법),0.1329,0.1367
Java,Expression to capture only 1 occurrence for a single character but multiple for others(단일 문자에 대해 한 번만 캡처하고 다른 문자에 대해 여러 번 캡처하는 표현식),0.1794,0.1367
Java,Java code refactor with stream Collectors.groupingby()(스트림 Collectors.groupingby()를 사용한 Java 코드 리팩터링),0.1683,0.1367
Java,How to mock static method calls from multiple classes in a single try block using Mockito?(Mockito를 사용하여 단일 try 블록에서 여러 클래스의 정적 메서드 호출을 조롱하는 방법은 무엇입니까?),0.207,0.1367
Java,How to bypass spring security on an authenticated endpoint for specific domain?(특정 도메인의 인증된 엔드포인트에서 스프링 보안을 우회하는 방법은 무엇입니까?),0.1825,0.1367
Java,Can I serialize subclasses based on an external key with jackson?(jackson을 사용하여 외부 키를 기반으로 서브클래스를 직렬화할 수 있습니까?),0.1623,0.1367
Java,Flink how to compute over aggregated output of a keyed window(Flink 키가 있는 창의 집계된 출력을 계산하는 방법),0.1339,0.1367
Java,Apache Jena : convert json into json-ld 1.1 format(Apache Jena : json을 json-ld 1.1 형식으로 변환),0.1252,0.1367
Java,Spring Integration: Mapping - a default branch(Spring 통합: 매핑 - 기본 분기),0.1169,0.1367
Java,How to update a location in a map in android studio(Android Studio에서 지도의 위치를 ​​업데이트하는 방법),0.1315,0.1367
Java,Java 8 edit stream elements I need to filter and modify the values of the filtered object.(Java 8 편집 스트림 요소 필터링된 개체의 값을 필터링하고 수정해야 합니다.),0.1839,0.1367
Java,Find out which class/instance holds a reference to an open file(열린 파일에 대한 참조를 보유하는 클래스/인스턴스 찾기),0.1344,0.1367
Java,Java Comparing Two Arrays for Login(로그인을 위해 두 개의 배열을 비교하는 Java),0.0968,0.1367
Java,Is this the correct way of testing the avalanche effect of a hash function?(이것이 해시 함수의 눈사태 효과를 테스트하는 올바른 방법입니까?),0.1573,0.1367
Java,Adding XML Element in specific position JAVA(특정 위치에 XML 요소 추가하기 JAVA),0.1119,0.1367
Java,Auto Complete Text View does not work in View Holder(자동 완성 텍스트 보기가 보기 홀더에서 작동하지 않습니다.),0.1225,0.1367
Java,how to compare each element in array?(배열의 각 요소를 비교하는 방법은 무엇입니까?),0.0958,0.1367
Java,Java Getters and Setters are not working inside swing Action Listner(Java Getter 및 Setter가 스윙 액션 리스너 내에서 작동하지 않음),0.1645,0.1367
Java,I want the parquet file data to be into the below string format(쪽모이 세공 마루 파일 데이터를 아래 문자열 형식으로 만들고 싶습니다.),0.1417,0.1367
Java,java.lang.reflect.InaccessibleObjectException: Unable to make field private final byte[] java.lang.String.value accessible: 568 I am trying to test some API's using jbehave. While trying to configure my Jbehave stories i am running into the following error(java.lang.reflect.InaccessibleObjectException: 필드 비공개 final byte[]를 만들 수 없음 java.lang.String.value 액세스 가능: 568 jbehave를 사용하여 일부 API를 테스트하려고 합니다. 내 Jbehave 스토리를 구성하는 동안 다음 오류가 발생합니다.),0.5376,0.1367
Java,Vaadin 8 to 14 migration: .cache.js file not found when running in eclipse(Vaadin 8에서 14로 마이그레이션: eclipse에서 실행할 때 .cache.js 파일을 찾을 수 없음),0.184,0.1367
Java,Iterate Over Every Object Summary In Active S3 Bucket(활성 S3 버킷의 모든 객체 요약에 대해 반복),0.1154,0.1367
Java,How to map exception to response status code without explicit controller advice method?(명시적 컨트롤러 조언 방법 없이 예외를 응답 상태 코드에 매핑하는 방법은 무엇입니까?),0.1903,0.1367
Java,Error when connecting to MongoDB URI even though i can do with compass db or robot t3 tools(나침반 db 또는 로봇 t3 도구로 할 수 있지만 MongoDB URI에 연결할 때 오류),0.1895,0.1367
Java,Private members in Java inheritance I was told that for a Java subclass it can inherit all members of its superclass,0.1711,0.1367
Java,Device not showing Android studio device preview even after changing style parent(스타일 부모를 변경한 후에도 Android 스튜디오 기기 미리보기를 표시하지 않는 기기),0.1897,0.1367
Java,"GraphQLResolver throws ""Value already present: Pojo.class""(GraphQLResolver에서 ""값이 이미 존재함: Pojo.class""가 발생함)",0.1766,0.1367
Java,Junit test cases for private reference and maps I am trying to learn junit testing and mockito.(개인 참조 및 지도에 대한 Junit 테스트 케이스 junit 테스트 및 mockito를 배우려고 합니다.),0.2098,0.1367
Java,It shows error in import org.apache.catalina.authenticator.SpnegoAuthenticator.AuthenticateAction;enter image description here(가져오기 org.apache.catalina.authenticator.SpnegoAuthenticator.AuthenticateAction에 오류가 표시됩니다. 여기에 이미지 설명을 입력하세요.),0.3402,0.1367
Java,"Why can't I instantiate new objects using a for loop, to fill an array?(배열을 채우기 위해 for 루프를 사용하여 새 개체를 인스턴스화할 수 없는 이유는 무엇입니까?)",0.1659,0.1367
Java,expandable recycler view implementation I'm trying to add expandable recy clerview to my app.(확장 가능한 재활용 보기 구현 내 앱에 확장 가능한 재활용 보기를 추가하려고 합니다.),0.1933,0.1367
Java,"Exception in thread ""main"" java.lang.NoClassDefFoundError: org/hibernate/service/ServiceRegistry(스레드 ""main""의 예외 java.lang.NoClassDefFoundError: org/hibernate/service/ServiceRegistry)",0.2792,0.1367
Java,How could one draw a semibreve (whole note) in Java Swing?(Java Swing에서 어떻게 반음(전체 음표)을 그릴 수 있습니까?),0.1326,0.1367
Java,Merging Java Applications resources(Java 애플리케이션 리소스 병합),0.1258,0.1367
Java,How do i get the result of all the radio button from recycler and pass that to check the answers(리사이클러에서 모든 라디오 버튼의 결과를 얻고 답을 확인하기 위해 전달하는 방법),0.1905,0.1367
Java,"Dependency 'org.springframework.boot:spring-boot-starter-validation:2.5.1' not found(종속성 'org.springframework.boot:spring-boot-starter-validation:2.5.1'을 찾을 수 없습니다.)How can I solve the issue of ""Dependency 'org.springframework.boot:spring-boot-starter-validation:2.5.1' not found"" ?(""Dependency 'org.springframework.boot:spring-boot-starter-validation:2.5.1' not found"" 문제를 어떻게 해결할 수 있습니까?)",0.4802,0.1367
Java,Find missing negative element from array java(배열 자바에서 누락된 음수 요소 찾기),0.1068,0.1367
Java,Gradle tasks have no actions available in Eclipse(Gradle 작업에는 Eclipse에서 사용할 수 있는 작업이 없습니다.),0.1423,0.1367
Java,Java OpenGL rotate text from center point(Java OpenGL은 중심점에서 텍스트를 회전합니다.),0.1284,0.1367
Java,Spring boot how to write a specific get i can only describe with an example(스프링 부트 특정 get을 작성하는 방법은 예제로만 설명할 수 있습니다.),0.1596,0.1367
Java,"Get absolute position of all shapes in XWPFDocumentGiven a XWPFDocument, how does one extract absolute coordinates of all shapes contained within that document?(XWPFDocument에서 모든 모양의 절대 위치 가져오기XWPFDocument가 주어지면 해당 문서에 포함된 모든 모양의 절대 좌표를 어떻게 추출합니까?)",0.3267,0.1367
Java,Element not interactable exception is thrown even after Expected Conditions.(예상 조건 이후에도 상호 작용할 수 없는 요소 예외가 발생합니다.),0.168,0.1367
Java,maven Failed to collect dependencies spark commons-codeSeeing maven build errors but I don't see commons-codec:jar:1.15 in jests3t as a dependency.(maven 종속성을 수집하지 못했습니다. spark commons-codeSeeing maven 빌드 오류이지만 jests3t에서 commons-codec:jar:1.15가 종속성으로 표시되지 않습니다.),0.3387,0.1367
Java,Spring Boot jar file reuseable (local maven repository)(재사용 가능한 Spring Boot jar 파일(로컬 maven 저장소)),0.1469,0.1367
Java,Why is this Worker being triggered twice on first trigger?(이 작업자가 첫 번째 트리거에서 두 번 트리거되는 이유는 무엇입니까?),0.1378,0.1367
Java,"In playstore, showing open button the first time.(Playstore에서 처음으로 열기 버튼을 표시합니다.)",0.1366,0.1367
Java,Java JSoup get every image from page(Java JSoup은 페이지에서 모든 이미지를 가져옵니다.),0.1126,0.1367
Java,Dealing with incorrect correlation ID in Camel via WMQ(WMQ를 통해 Camel에서 잘못된 상관 ID 처리),0.1285,0.1367
Java,Reference - What does this regex mean?(참조 - 이 정규식은 무엇을 의미합니까?),0.0972,0.1367
Java,Why is my validation function not working(유효성 검사 기능이 작동하지 않는 이유),0.0993,0.1367
Java,Why am I getting a NoClassDefFoundError in Java?(Java에서 NoClassDefFoundError가 발생하는 이유는 무엇입니까?),0.1709,0.1367
Java,Spring boot oauth2 response with redirect url as underlying service instead of proxy (Gateway)(프록시 대신 기본 서비스로 리디렉션 URL을 사용하는 스프링 부트 oauth2 응답(게이트웨이)),0.2081,0.1367
Java,receive Message not retrieving requested message Attributes(수신 메시지가 요청한 메시지를 검색하지 않음 속성),0.1506,0.1367
Java,Not adhering to All files access permission policy I am using Room database with external storage db.(모든 파일 액세스 권한 정책을 준수하지 않습니다. 외부 저장소 db와 함께 Room 데이터베이스를 사용하고 있습니다.),0.2254,0.1367
Java,zxing-android-embedded error message on every first app launch(모든 첫 번째 앱 실행 시 zxing-android-embedded 오류 메시지),0.1553,0.1367
Java,How Do I Assign a input to a variable?(변수에 입력을 어떻게 할당합니까?),0.0808,0.1367
Java,"Java.util.zip.DataFormat Exception: incorrect header check First post, usually I find what I am looking for in other threads but not this time:(Java.util.zip.DataFormat 예외: 잘못된 헤더 확인 첫 번째 게시물, 일반적으로 다른 스레드에서 찾고 있는 것을 찾았지만 이번에는 찾지 못했습니다.)",0.3055,0.1367
Java,Loading Queue implementation that loads entries if empty(비어 있는 경우 항목을 로드하는 로드 대기열 구현),0.1307,0.1367
Java,How can I raw post using Http URL Connection(Http URL 연결을 사용하여 원시 게시물을 작성하는 방법),0.1133,0.1367
Java,While loop doesn't exit after file download(파일 다운로드 후 루프가 종료되지 않음),0.0983,0.1367
Java,Compile File' and most other buttons are greyed out on NetBeans during java programming(Java 프로그래밍 중에 NetBeans에서 '파일 컴파일' 및 대부분의 다른 버튼이 회색으로 표시됨),0.2016,0.1367
Java,How to convert Ascii to Unicode in java?(Java에서 ASCII를 유니코드로 변환하는 방법은 무엇입니까?),0.1212,0.1367
Java,How do I add bearer token to a form data using retrofit to POST to a web API(웹 API에 대한 POST로의 개조를 사용하여 양식 데이터에 무기명 토큰을 어떻게 추가합니까?),0.1729,0.1367
Java,blueprint-maven-plugin JDK compatibility(blueprint-maven-plugin JDK 호환성),0.1505,0.1367
Java,"Basic Lookup Strategy using incorrect query I am using spring-acl for expression based, fine-grained access control.(잘못된 쿼리를 사용한 기본 조회 전략 표현식 기반의 세분화된 액세스 제어를 위해 spring-acl을 사용하고 있습니다.)",0.2471,0.1367
Java,Are mappings subdirectories supported in wiremock?(wiremock에서 매핑 하위 디렉토리가 지원됩니까?),0.1591,0.1367
Java,why lombok doesnt create construct with args(lombok이 args로 구문을 생성하지 않는 이유),0.1244,0.1367
Java,Gradle bootrun complains Web server failed to start.(Gradle 부트런이 웹 서버 시작에 실패했다고 불평합니다.),0.138,0.1367
Java,android swipe and avoid refreshing recycler view items(안드로이드 스와이프 및 리사이클러 보기 항목 새로 고침 방지),0.1342,0.1367
Java,Need Help converting JavaObject To Json in Generic Pattern(일반 패턴에서 JavaObject를 Json으로 변환하는 데 도움이 필요합니다.),0.1642,0.1367
Java,How can we implement initial capacity and load factor for Hash table in our code(코드에서 해시 테이블에 대한 초기 용량 및 로드 팩터를 구현하는 방법),0.1636,0.1367
Java,How to Sign Just a part of XML File - Java XMLSignature - But was well-up error(XML 파일의 일부만 서명하는 방법 - Java XMLSignature - 하지만 오류가 발생했습니다.),0.1849,0.1367
Java,Null Pointer Exception when using unProject in Libgdx(Libgdx에서 unProject를 사용할 때 Null 포인터 예외),0.1524,0.1367
Java,If i am converting a entity to a DTO where this conversion code should exist?(엔티티를 이 변환 코드가 있어야 하는 DTO로 변환하는 경우?),0.154,0.1367
Java,How to use Text Input Layout in Android Studio(Android Studio에서 텍스트 입력 레이아웃을 사용하는 방법),0.1307,0.1367
Java,How to filter recyclerview items with speech to text(음성을 텍스트로 변환하여 재활용 보기 항목을 필터링하는 방법),0.13,0.1367
Java,Auto-renderer runs perfectly fine from commandline but not from Java,0.1286,0.1367
Java,how to get an input from user from telegram bot in java?,0.0852,0.1367
Java,No Such Job Exception: No job configuration with the name [] was registered,0.1299,0.1367
Java,Tomcat log4j.xml and log4j2.xml rolling logs configured to delete old,0.1216,0.1367
Java,Non-Atomic Treatment of double and long,0.0851,0.1367
Java,CaptainCasa WebSockets,0.1931,0.1367
Java,How do I update MySQL database using a button's onclick event?(버튼의 onclick 이벤트를 사용하여 MySQL 데이터베이스를 어떻게 업데이트합니까?),0.1642,0.1367
Java,Map markers and geocoding problems Hey guys I'm currently trying to retrieve multiple documents from firebase get an address and geocode it and add a marker on each address.(지도 마커 및 지오코딩 문제 안녕하세요 여러분 저는 현재 Firebase에서 여러 문서를 검색하고 주소를 가져와 지오코딩하고 각 주소에 마커를 추가하려고 합니다.),0.3408,0.1367
Java,Vaccination center example(multithreading)(예방접종센터 사례(멀티스레딩)),0.1595,0.1367
Java,Convert Gradle Project To Maven (Mini2Dx)(Gradle 프로젝트를 Maven으로 변환(Mini2Dx)),0.1401,0.1367
Java,JPA: How to not commit an Entity Transaction(JPA: 엔티티 트랜잭션을 커밋하지 않는 방법),0.107,0.1367
Java,Convert OffsetDateTime to LocalDateTime with correct offset in java 8,0.1437,0.1367
Java,"I am trying to create custom modal bottom sheet with line on the top, how can I achieve that?",0.1327,0.1367
Java,Repl. it Console on Coloring strange characters I recently did a project in reply for java that can read a buffered image and print it out in the console.,0.2108,0.1367
Java,"Type org.pitest.maven.PitMojo not present I am using java 1.7, maven 3.6.3, I have added the PIT plugin to do some mutation testing.",0.1777,0.1367
Java,"io.grpc.Status Runtime Exception: UNIMPLEMENTED: unknown service manipula.core2.core.proto.Centrifugo I have a hard time to compile the right way this proto file for JAVA since up to 2 days now,",0.2605,0.1367
Java,Fetching data of a sub Object with hibernate 3 criteria and complex projections,0.1386,0.1367
Java,Simple Date Format cannot parse the source formatted by itself,0.1225,0.1367
Java,Can I choose a certificate from Windows Key Store in Java application for mutal authentication?,0.1592,0.1367
Java,RawDatagramSocket Dart similar implementation in Java Android,0.1733,0.1367
Java,Android: How to programatically change the width of an Image View without resizing its image?,0.1532,0.1367
Java,Null Pointer exception to a button in a Dialog -- Android -- JAVA,0.1077,0.1367
Java,Why do I keep getting java.lang.reflect.InvocationTargetException [duplicate],0.1634,0.1367
Java,JavaFX: Display image in List View without breaking selection modelIssue,0.1505,0.1367
Java,Java container cant connect to MYSQL container with docker-compose I was given a multy-steps task and im stuck,0.1639,0.1367
Java,java.rmi.ServerException: Remote Exception occurred in server thread (Class Not Found Exception),0.1759,0.1367
Java,vscode java: Add source folder ignored,0.0962,0.1367
Java,Java regex to extract host name and domain name from a URL,0.0924,0.1367
Java,How do I handle question marks or asterisks ('?' or '*') in JFileChooser save dialog?,0.1344,0.1367
Java,lost the session data after redirecting to stripe,0.1071,0.1367
Java,Convolution produces a very dark image,0.1001,0.1367
Java,How to persist a List<Object> I've got a construct like this and need to persist the List of Objects,0.1407,0.1367
Java,Secret Key Spec AES Equivalency of Java Code for C# Create SecretKey instance using Base64 decoded value and AES algorithm.,0.1861,0.1367
Java,How to determine if a pdf annotation will be visible or not in PDFBox?,0.1078,0.1367
Java,"JavaFX Grid Pane Incorrect Node Bounds After Setting Column/Row When setting new row and column positions of a node contained in a GridPane, the bounds do not update until sometime later (My guess is that JavaFX calculates these at the end of the loop). I was wondering if there was a way to force these bounds to be re-calculated so that bounds",0.4343,0.1367
Java,How to delete file or directory from root directory of external storage (...removable sdcard root directory),0.175,0.1367
Java,Getting : Correct classpath for reactor.netty.resources.ConnectionProvider$Builder while running spring project Description:,0.233,0.1367
Java,Java Agent not running when packaged into jar file,0.0968,0.1367
Java,Alert Dialog button that doesn't close the pop-up until edit Text is filled,0.1154,0.1367
Java,Spring boot SOAP web service throw custom exception with status code,0.1286,0.1367
Java,How right to send Flux or Mono to template (Free maker),0.0878,0.1367
Java,Spring kstreams cannot get processor to work - The class '[B' is not in the trusted packages,0.1402,0.1367
Java,java Http Exchange create a UR I redirect URL link I am trying to create a URI redirect link.,0.1339,0.1367
Java,Sorting Algorithm Explanation Complexity and Type This is a sorting algorithm in Java.,0.1544,0.1367
Java,How to check used AWS SDK version supported by a region or not?,0.0968,0.1367
Java,Finding the point with the highest sum of values for three 2D arrays,0.1111,0.1367
Java,How does SonarQube line coverage analysis work?,0.1139,0.1367
Java,Retrieving Base64 encoded Image from Firebase and show it on Android App,0.1295,0.1367
Java,How to not pull module (dependency) from settings.xml servers?,0.1156,0.1367
Java,"Force Vibration even when energy saver is on / vibration disabledIs there any way to force vibrations even when it is ""semi-disabled"" in the Settings?",0.2117,0.1367
Java,WAVE file unexpected behaviour I am currently trying to make a .wav file that will play sos in morse.,0.1483,0.1367
Java,Why do I get a SQL Exception even if I don't commit?,0.0693,0.1367
Java,How to globally configure spring-ws / spring-boot-starter-web-services to serialize also empty (null) elements without modifying the serialized class?,0.2231,0.1367
Java,spring data neo4j fail to update relationship entitySpring Data Neo4j Version: 4.2.23.RELEASE,0.1547,0.1367
Java,Difference in declaring a variable with?,0.1053,0.1367
Java,Character-encoding not preserved when dealing with Input Stream Reader even after using UTF8,0.1618,0.1367
Java,Making Google Direct Carrier Billing (DCB) the default payment method,0.1391,0.1367
Java,"How can I implement a number of attempts here I ask the user if he has a promo code, if there is I give him the opportunity to enter it, I want to make him have 3 attempts for correct entry.",0.2491,0.1367
Java,Java AWT Graphics2D draw String method does not work with arabic text,0.1216,0.1367
Java,how can I make jackson in a swagger context throw an exception instead of accepting an integer for a boolean field?,0.1682,0.1367
Java,"Java spring boot JPA DLL-auto: update selectively I’m using java spring boot jpa, connect to mysql.",0.1474,0.1367
Java,how to create a combat method based in a text-based adventure in java?,0.1078,0.1367
Java,"Java Hibernate mapping exception The scenario is following: I'm implementing a shopping cart, where a Customer can choose products from a product catalog, using Hibernate.",0.2438,0.1367
Java,Response Entity Api add custom error message in rest API,0.1043,0.1367
Java,"Java - Converting to Lambda with a boolean to return I haven't used much of Lambda and I have the following method that I'd like to rewrite as Lambda, so it still maintains the functionality, but in a more compact way. The method gets a map out of a map by an id. Then looks for 2 conditions in the map to return true. My current issue is that I'm not finding a proper syntax to do a ""return true;"" statement from my Lambda. That was part #1. Part #2 question is about using nested maps. The nested map represent static data from a small csv file - under 100 rows. The inner map contains between 1 to 3 records. Is there a better way storing this in memory besides using a nested map?",0.8387,0.1367
Java,Replace certain words in a 2D array The method plant() takes a String and a 2D array of String[][] as its inputs. The strings within the array should not be replaced by the inputted word.,0.246,0.1367
Java,java.lang.NullPointerException while calling a bean readonly property,0.1592,0.1367
Java,Calling old version Elastic Search exp :6.8.8 with a recent client Rest High Level Client 7.12.1,0.1363,0.1367
Java,How to add lombok logging to gradle project?,0.0862,0.1367
Java,How to combine two attribute from a json to create json predicate with in clause in Java?,0.1342,0.1367
Java,Websocket not receiving more than2 messages We have a Backend Java application which publishes Messages on a quartz job at intervals.,0.2012,0.1367
Java,saving information that does not need to be registered Each line in the txt file stores information about a village.,0.174,0.1367
Java,How can I test root array for related key value pairs with REST-Assured?,0.1126,0.1367
Java,How do you handle the principal in microservice and REST API?,0.1068,0.1367
Java,How to get Bearer Token from DOM structure in Network tab- Using Selenium?,0.1226,0.1367
Java,why data is not inserting in db any thing wrong in code,0.0845,0.1367
Java,Unable to use @Autowired in a unit test in a spring project I have a spring project in Java.,0.1308,0.1367
Java,How can we upload a file in salesforce through the windows GUI file upload window (selenium automation)?,0.1629,0.1367
Java,"PSQL Exception: ERROR: null value in column ""idRoom"" of relation ""Bed"" violates not-null constraint i'm working using spring boot , and i'm trying to add beds to database(postgresql) but i'm facing this error",0.2723,0.1367
Java,How to filter a group with a precondition?,0.079,0.1367
Java,How to run a scheduled task on a single openshift pod only?,0.0932,0.1367
Java,dynamic object creation and function call,0.1137,0.1367
Java,"Fisheye distortion while raycasting I've made a raycaster in java, and I'm getting the fisheye distortion that I've gotten before in javascript",0.2037,0.1367
Java,Need help for creating use case diagram of Mandarin Square Capturing,0.1286,0.1367
Java,Create an alertdialog which include a list How can I make a list on Alert Dialog which include some radiobuttons in that,0.1747,0.1367
Java,"Hallo , how can I convert a hex String to int. I have ""F3A4"" and i want to write a method or use Java_API to get the int. How code I do it please?",0.1903,0.1367
Java,the line based file processing and scanner methods,0.1107,0.1367
Java,How to get the index of this element in an Array?,0.0729,0.1367
Java,How to get value by Java enum class name and field name,0.0845,0.1367
Java,CdiUnit: Deployment Exception: WELD-001408: Unsatisfied dependencies for type Appeal Repository Api with qualifiers @Named,0.2159,0.1367
Java,How to retrieve the value of an element in an Array List if it is not null by using a for loop?,0.129,0.1367
Java,Minimum number of circles with radius r to cover n points,0.0976,0.1367
Java,What is the efficient way to compare two large datasets using java,0.1136,0.1367
Java,Custom Validator in Spring bootIs there a way to implement a custom validator for @Request Header and move the if-else  statement from controller?,0.2101,0.1367
Java,org.springframework.ws.soap.client.Soap Fault Client Exception when using Spring WS WebService Template Faced the following problem: I have a wsdl file for communicating my service and CRM via SOAP.,0.2706,0.1367
Java,Short.MAX_VALUE +1 error: incompatible types: possible lossy conversion from int to short,0.1584,0.1367
Java,JavaFX scaling does not resize the component in parent container,0.1285,0.1367
Java,How to make a sync call with Mono/FluxI have this part of code,0.0904,0.1367
Java,How to retrieve ongoing voice call codec in Android?,0.1008,0.1367
Java,Spark read csv - multiple S3 paths in Java I am trying to read multiple s3 directories (each directory will have multiple files in it) using spark's read csv method however I get error as s3 path has some illegal character's.,0.293,0.1367
Java,"how to extract all integers from an array of random characters and transfer them to the array, i do not know how to correctly write this code.",0.1961,0.1367
Java,How to call a SigV4 authroized API Gateway from Java Lambda,0.1032,0.1367
Java,How to mix and sort different dataseries on Stacked Bar Chart in JavaFX How do I mix and sort the 4 dataseries I added to the chart?,0.181,0.1367
Java,Class not found even though it is clearly visible in Web App LibrariesSimilar question exists but none of the answers helped.,0.1865,0.1367
Java,Java data storage in CSV I tried to writting my user input in java to csv file but i dont know how to my username and password in a cell,0.1834,0.1367
Java,Android: UsageStats returning 0 on get Total Time In Foreground() for certain apps,0.1409,0.1367
Java,How to retrieve data from fire base for if else condition in java,0.1036,0.1367
Java,Parallel multiplication of two square matrices,0.1364,0.1367
Java,Calling Get method dynamically based on name of property,0.1165,0.1367
Java,Retrieve last level directory name from path,0.1052,0.1367
Java,What would be the best approach to overwrite multiple Selenium Jupiter configuration parameters?,0.1794,0.1367
Java,"Invalid argument: 'handle' must be a string error for Microsoft Edge and how to add ""w3c: false"" capability?",0.1605,0.1367
Java,How to unit test methods that are using streams?,0.0877,0.1367
Java,Spring Boot not starting after upgrade,0.1001,0.1367
Java,Grouping phrases in a string in Java,0.0731,0.1367
Java,Integrating Camunda webapps in spring framework I setup Camunda in my Spring 3 project (Tomcat server) using this guide.,0.1841,0.1367
Java,ERR_CONNECTION_TIMED_OUT using Selenium and Cucumber in Azure I am running a selenium cucumber application.,0.1958,0.1367
Java,How can I set a Component focused whenever the JFrame is focused (e.g. by clicking or with Alt+Tab)?,0.1404,0.1367
Java,Fragment is auto scrolling to somewhere else | android studioFragment is auto scrolling to bottom.,0.1712,0.1367
Java,The use of a reference variable in this java code Why is the reference variable ‚Input inside‘ necessary?,0.1595,0.1367
Java,How do I replace spaces with \n in java?,0.0589,0.1367
Java,Is there any script for Automating Pop ups while downloading Files using Chrome Driver1. How to Download the files Multiple times using Chrome Driver in selenium...?,0.2332,0.1367
Java,"<attribute name=""org.eclipse.jst.component.dependency"" value=""/WEB-INF/lib""/> is getting overriden in .classpath file when project imported",0.2084,0.1367
Java,Spring Prototype scoped bean. Do I need to make fields in it as threadLocal?,0.1205,0.1367
Java,apache poi disable default footer for the first page I am trying to create a word document in which I will have no footer only in the first page and a footer for the rest of the pages.,0.2437,0.1367
Java,"How to write a BST to a text file I'm trying to write a binary Search tree to a text file in sorted order, my write method is in my BST class.",0.188,0.1367
Java,Humble Video take snapshot of given time,0.0891,0.1367
Java,Why does my MCreate Java Minecraft mod not compile?,0.0975,0.1367
Java,Returning hashmap keys in order of value in Java?,0.091,0.1367
Java,Notification Big Java Android I would like to make an expandable notification display.,0.1544,0.1367
Java,How do I cover all the edges of a graph with the minimum amount of nodes?,0.1046,0.1367
Java,Unable to concat mp4 files using ffmpeg I am using ffmpeg to combine two mp4 files without including their audio;,0.1684,0.1367
Java,"Vaadin 14 Combobox error: ""Server connection lost, trying to reconnect ...""In my application installed on a remote server (Integrator) there is a ComboBox that shows a list of 1334 items. When the user starts typing, the following error occurs: ""Server connection lost, trying to reconnect ..."". After some processing time, the list appears. How do I resolve this error message?",0.4635,0.1367
Java,java.lang.NoSuchMethodError: 'void org.springframework.transaction.annotation.AnnotationTransactionAttributeSource.<init>(boolean)',0.2939,0.1367
Java,"JButton not showing the Text in it This is my code I am Having Problem with the text in Jbutton, I'm new to Gui.",0.1513,0.1367
Java,Failed to execute goal org.apache.maven.plugins:maven-javadoc-plugin Java 16 with pattern matching I was playing around with new Java 16 features and when I wanted to build a local maven install I get this error:,0.2805,0.1367
Java,Removing whitespaces at the beginning of the string with Regex gives null Java I would like to get groups from a string that is loaded from txt file.,0.2059,0.1367
Java,Multi-document Properties and profiles in spring boot 2.4.0 or greater version,0.1285,0.1367
Java,How to write unit test for this log filter that uses wrappers,0.1004,0.1367
Java,"The operator < is undefined for the argument type(s) String, int ?",0.1105,0.1367
Java,Why does java allow for overriding methods with subclass return types but not subclass parameters?,0.166,0.1367
Java,How to return or get response value from Volley onResponse method?,0.1209,0.1367
Java,Obfuscating specific packages in a fat jar (maven project) with yGuard I'm trying to create an obfuscated fat jar for my tool.,0.179,0.1367
Java,"cascade deletion problem with eclipse link I cannot make the cascade delete work (using EclipseLink, JPA), when I delete a user, its passwords are not deleted. An exception is throwed warining me of a foreign key constraint violation.",0.3075,0.1367
Java,How to get Path variable in spring filter or java,0.0831,0.1367
Java,Spring boot WebSocket Stomp Client not receiving messages,0.1359,0.1367
Java,Android - File Not found exception permission denied for copied files,0.1391,0.1367
Java,Caused by: java.lang.UnsupportedClassVersionError in the gradle intellij plug-in I try to create IntelliJ plug-in build on Gradle.,0.1946,0.1367
Java,"403 Forbidden Error - Java , java.net.HttpURLConnection not working on aws-ec2 machine but works fine in local workstationtried with USER-AGENT property and also added all the headers as below to establish connection to a SSL url. 403 error code return back in server but working fine in local workstation.",0.3885,0.1367
Java,How to exit from Flutter after calling flutter activity from android?,0.1293,0.1367
Java,Eclipse Java - Application Event,0.1196,0.1367
Java,Multiple overlapping squares in Java How can we make multiple overlapping squares (of different lengths) with the same top left corner using a single method in Java?,0.2319,0.1367
Java,Java: interrupt accept method without close the server socket,0.1304,0.1367
Java,How to access Variable or function from one to other class java?,0.1064,0.1367
Java,Jackson version conflict with open api code generation,0.1251,0.1367
Java,MediaPlayer shows wrong durations for some MP3 files I'm developing an app that plays every verse of the Quran.,0.1646,0.1367
Java,How is it possible to fix this error in this circular linked list?,0.1043,0.1367
Java,Java spark using expr from column value,0.0851,0.1367
Java,Replacing an image once through timer,0.0955,0.1367
Java,Request processing failed; nested exception is java.lang.IllegalStateExceptionRequest processing failed; nested exception is java.lang.IllegalStateException: No primary or single public constructor found for interface javax.enterprise.inject.Model - and no default constructor found either,0.3879,0.1367
Java,Merge Kafka record Values from single stream I have a topic which receives JSON records with possible partial data.,0.1768,0.1367
Java,Working of this non-static method (being supposedly called without an object?),0.1397,0.1367
Java,How do I define and initialize a variable that generates random integers from 2 to 20 inclusive?,0.1488,0.1367
Java,Shared Element Transition with Material Motion?,0.1372,0.1367
Java,Create a random UUID and use it in two different Java methods,0.1004,0.1367
Java,How to enforce child class behavior/methods when the return types of these methods depends on the child class?,0.1671,0.1367
Java,creating a runnable JAR file _ missing VM arguments _ only runs with the IDE,0.1176,0.1367
Java,Gson streaming api not reading the whole document,0.1071,0.1367
Java,How to retrieve local object value using powermockito,0.1215,0.1367
Java,How to use this library it has only .java files in it,0.0773,0.1367
Java,Is it possible to disable eureka client level cache?,0.1008,0.1367
Java,Illegal Argument Exception in Java live speech recognizer using CMU Sphinx I have write the following java code in Intellij IDE.,0.192,0.1367
Java,Method tab Layout.setup With View Pager(viewPager) crashes app I recently update my code from android to andoidx.,0.1717,0.1367
Java,Tomcat does use driver configured on context.xmlI give support to a legacy Java Web Application(Struts + Jsp) that runs in a Tomcat 9.0.10.,0.1918,0.1367
Java,I try all solution but it does not work.,0.0614,0.1367
Java,Database for Android,0.0912,0.1367
Java,Multiple Spinner in a Recyclerview item I have a recycler view with 11-row data items.,0.1329,0.1367
Java,"How to display 0.05 as 0.0, 0.05 and 0.050 How to display 0.05 as 0.0, 0.05 and 0.050?",0.1065,0.1367
Java,Spring Webflux Websocket session management I've been trying to do a reactive Websocket using Spring Webflux.,0.176,0.1367
Java,sorting list of files by size is taking too much timesorting list of folders is working well but it's take too much time and makes the phone freezes until the method finish.,0.2333,0.1367
Java,"WebTest Client returning IllegalStateException: block()/blockFirst()/blockLast() are blocking, which is not supported in threadThe following function:",0.251,0.1367
Java,Method tab Layout.setup With ViewPager(viewPager) causes app crashes Recently I changed from andoroid to androidx.,0.1851,0.1367
Java,Dependency management not working with multi level inheritance,0.1539,0.1367
Java,"How to write unit test for a WebFilter that is writing a Reactor Context? Specifically, what and how do I mock?",0.1587,0.1367
Java,find Fragment By Tag() returns null on existing fragment Tag I have an Activity with a Fragment Container that will show only one of two Fragments.,0.2057,0.1367
Java,"kafka streams example throws a class cast exception, serde windowed -> string. How to set the proper Serde?",0.1651,0.1367
Java,how to get specific image url from google in java I want to get the image address of first result from google and save into excel sheet.,0.1874,0.1367
Java,Spring JPA : Validation failed for query for method public abstract method,0.1414,0.1367
Java,"Data structures: map, Collectors, grouping By Can somebody help with Map, Collectors and grouping By?",0.1667,0.1367
Java,Set a Default Value for a dropdown in ADF,0.0673,0.1367
Java,Apply Try with Resources correctly in Java 7?,0.0898,0.1367
Java,Print out seasons and three pointers side by side not one below the other in Java with Selenium. How can i do that?,0.1608,0.1367
Java,"Hibernate: Limit result size of child objects I've got a parent entity which has many child objects, most of which are collections.",0.1877,0.1367
Java,Problem migrating from Aspect J to Byte Buddy Plugin,0.1034,0.1367
Java,"How to create a new, unique RMI registry on some free port?",0.0913,0.1367
Java,Elastic Search created documents cannot be viewed in the index i'm using liferay 7.3.5 und try to creat an elastic Search.,0.1712,0.1367
Java,Programmatically change color of shape in Clip Drawable I have a layer list to implement custom progressbar in my application.,0.1929,0.1367
Java,can I deploy maven project in a non-maven server?,0.0808,0.1367
Java,JavaFX Check Box Table Cell refuses to bind to value,0.0922,0.1367
Java,allow user to edit student info from a binary file in Java I am working on a school project.,0.132,0.1367
Java,Is it possible to create array of suppliers in Java?,0.0899,0.1367
Java,Can there be an optimised approach to this question?,0.1008,0.1367
Java,Tomcat charset encoding wrongI transferred .war package from my local windows system to the Linux server.,0.1728,0.1367
Java,How to evaluate if a date field is filled or empty in a form correctly?,0.1048,0.1367
Java,"Saving ""String[][] gameState=new String[10][10] "" into sql I am working on spring boot project TICTACTOE game where I have to save Game state, and I have used a 2d string array its was working fine because I m was using the h2 database, But now I have to shift from the h2 database to MySQL but nowhere a problem occurs when creating table.",0.4264,0.1367
Java,How do I use BigDecimal to increase the accuracy of this method?,0.1064,0.1367
Java,Get columns of a two-dimensional array and place them in a one-dimensional?,0.1197,0.1367
Java,Is there a way to fix the styling for my custom themed buttons?,0.0968,0.1367
Java,Cucumber and masterthought plugin - how to modify the scenario.write default title,0.1522,0.1367
Java,"How to write data correctly in Local Storage through selenium, based on another local storage?",0.1554,0.1367
Java,When to use private interface methods over private static methods?,0.1323,0.1367
Java,J label not updating when setText is called While building a simple currency converter app set Text is not setting the value in JLabel.,0.1933,0.1367
Java,Spring application java.lang.Unsatisfied Link Error on Netbeans run,0.1376,0.1367
Java,Android in-app update keeps asking to update,0.0891,0.1367
Java,building a binary tree from its preOrder and inOrder in java,0.106,0.1367
Java,What is the data type of the on Click Listener Obj field in the below code?,0.109,0.1367
Java,how to run a java file from a parent directory?,0.0748,0.1367
Java,How to (de)serialize immutable object with custom name for list name?,0.1178,0.1367
Java,i am receiving error: type Stack does not take parameters and my code is right what will i do,0.1339,0.1367
Java,Connecting to firestore from spring boot application throws a null pointer exception,0.1613,0.1367
Java,Set Output Stream of specific J Shell,0.0771,0.1367
Java,nutch-1.18 error java.lang.NoClassDefFoundError: org/apache/nutch/storage/WebPage$Field,0.1569,0.1367
Java,Increment floating point numbers with the precision of the input with Java,0.1348,0.1367
Java,Mouse Pressed / Mouse Released events for user resizing (dragging) J Dialog border,0.1484,0.1367
Java,How to hide title when not scrolled in coordinator layout I was using Coordinator Layout.,0.1456,0.1367
Java,r2dbc validate if id exists and then insert row,0.0869,0.1367
Java,"Alpha animation works, then does not work",0.0899,0.1367
Java,Java spring / spring boot Application : Web logic to Tomcat conversion,0.1376,0.1367
Java,Can Eclipse render Java curly braces without changing underlying code?,0.1444,0.1367
Java,"Issue when rendering fonts with libGDX at small (<0.5) scalesI have created a Bitmap Font for my libGDX game and want to render it in front of the player (in a constant position in space, i.e. like a sign and not like a HUD). Sadly the rendering behaves weird at small scales, so much that the text becomes unreadable. What's going on and is there any way to prevent this?",0.466,0.1367
Java,"JavaFX: Exception in thread ""JavaFX Application Thread"" java.lang.NullPointerException: Cannot invoke ""com.sun.prism.GraphicsPipeline.is3DSupported()""I am programming a JavaFX Application which shows an undecorated stage.",0.3127,0.1367
Java,What is the purpose behind these three very similar methods of a LinkedList?,0.1294,0.1367
Java,Frequency of a string in an arraylist of strings in java,0.0947,0.1367
Java,Is Jetty org.eclipse.jetty.client.HttpClient thread safe in version 11,0.1242,0.1367
Java,"Graphics 2D not drawing images in Java I'm following a Java course, and the current idea is to draw an image using Java Graphics 2D.",0.1822,0.1367
Java,CompletableFuture on ParallelStream gets batched and runs slower than sequential stream?,0.183,0.1367
Java,Get screenshots of Specific windows not whole screen,0.1179,0.1367
Java,Why I am getting this error in my java program of file input/output?,0.1031,0.1367
Java,ThreadLocal get() returning null sometimes after spring boot upgrade from 2.1.4 to 3.4.3,0.1308,0.1367
Java,I don't have the access to my server Tomcat 9 externally,0.0871,0.1367
Java,How to add subcategories to given categories in the spinner?,0.1141,0.1367
Java,Best method of converting hex string to rgba integers (Color)? Which method for getting rgba int values from a hex string is preferable?,0.1954,0.1367
Java,Inverse Discrete Fourier Transform,0.1439,0.1367
Java,Meaning of different timeouts in SSHJ I am trying to use SSHJ to connect to a SFTP from my Java application.,0.1553,0.1367
Java,Android reuse attributes inside <declare-styleabe> with different names,0.1607,0.1367
Java,how can pass getattrbute value in other input box in selenium?,0.1096,0.1367
Java,"Enums VS Objects I am creating a ""mock-dictionary"" using a Hash",0.1019,0.1367
Java,Not able to access the driver Globally The below code I was running and I have declared my webdriver globally but it is continuously displaying the null pointer error i.e the driver is not accessible to the other method in the same class.,0.3106,0.1367
Java,How to compare Mono error to a String in Java,0.071,0.1367
Java,SAST Issue - Improper Resource Access Authorization I am using Checkmarx security tool to scan my code.,0.167,0.1367
Java,Java - Populating List by Building Different Types of Objects with Data from File,0.1401,0.1367
Java,Looping a collection with generics in java,0.0972,0.1367
Java,Runnable callbacks not repeating,0.131,0.1367
Java,Cannot return html when using post method in spring boot,0.1043,0.1367
Java,Problem override handle Method Argument Not Valid from Response Entity Exception Handler,0.1719,0.1367
Java,Need to access the simple list in Thymleafcontroller,0.1179,0.1367
Java,Request Context contains older authorization token I added the Container Request Context in my exception mapper.,0.1894,0.1367
Java,Log4j2 not logging when starting spring as linux service,0.1165,0.1367
Java,"Wrong mapping, can not find mistake",0.0826,0.1367
Java,"App.java is not on the classpath of project ss_d36b3017, it will not be compiled to a .class fileJava(32) I am constantly facing this error and I have no idea how to fix it.",0.229,0.1367
Java,"How to fix ""ExceptionInInitializerError"" with Selenium when trying to connect to Firefox in a nodejs project I have a nodejs project running in localhost, and i'm trying to make some tests with Selenium 3.141 in Java project.",0.296,0.1367
Java,Is there any option in order to get more than 10 twitter trending topics with twitter 4j?,0.1342,0.1367
Java,How many objects Java Virtual Machine creates?,0.1099,0.1367
Java,How to Use Scanner close in this Prorgram?,0.079,0.1367
Java,How to Crop Image from outside Intent TLDR,0.0819,0.1367
Java,How can I solve the inability to achieve fragment jump through onclick?,0.125,0.1367
Java,How to make sort and search methods interact with a Mysql database in Java,0.119,0.1367
Java,How to check if a coordinate is adjacent to another?,0.0899,0.1367
Java,What is Double Brace initialization in Java? What is Double Brace initialization syntax ({{ ... }}) in Java?,0.1689,0.1367
Java,Eclipse: Gradle source folder migration breaks J Unit test resources,0.1384,0.1367
Java,VSCode Java Debugger throwing error 'org.eclipse.jdi.internal.connect.ConnectImpl$String Argument Impl.,0.1847,0.1367
Java,How to configure swagger with Jetty 11 running with jakarta EE 9 namespace?,0.1269,0.1367
Java,IntelliJ Resolution Exception on Java modules - contains package/exports package,0.1724,0.1367
Java,Adding message pattern to log payload Do you know how I could add the message pattern along with actual message in log4j?,0.1755,0.1367
Java,Overlaping when using .setText() for some reason I have a Jlabel called status that is empty.,0.1438,0.1367
Java,"Convert the flat Java Object that was created from the DB read, into nested Json object",0.1351,0.1367
Java,Set chunksize dynamically after fetching from db,0.1212,0.1367
Java,Not able to read request body in HandlerInterceptor post Handle() method,0.1357,0.1367
Java,Why does ldaptemplate(ldapcontextsource) use the base instead of the URLs provided for connection?,0.1728,0.1367
Java,"How to fix jittery movement (of a player which is a square)Currently, I'm coding this 2D game in Java.",0.1421,0.1367
Java,Start j meter distributed testing from clouds,0.1092,0.1367
Java,Updating value in MongoDB for value plus 1 I need to update a collection on MongoDB (terminal) and replace one of the elements of the collection by adding 1.5 to its value.,0.2305,0.1367
Java,"Springboot integration tests are failing when adding multiple service I have a spring boot application with one controller class, one Service and one repository working perfectly fine.",0.263,0.1367
Java,"Can I force .xsd to make ""java.time"" field instead of ""java.util.date""?",0.1021,0.1367
Java,Spring Data MongoDB - Find millions of data with Pageable - Memory overload?,0.1408,0.1367
Java,"How to find, read and display a line from a text file with Java I have a text file entailing fake airplane records.",0.1608,0.1367
Java,"Using the following code The Nested else if statement, not printing please help what is the reason this code is not executed",0.1808,0.1367
Java,How to see the contents of a text file while debugging (Netbeans) I'm familiar with Netbeans and the debugger.,0.1604,0.1367
Java,Rx Java: process imperative task using reactive approach,0.1294,0.1367
Java,Order in column a N number of number rows on a txt file with java,0.0927,0.1367
Java,How to set n features of a spark Dataset using the Vector Assembler?,0.1093,0.1367
Java,"Persist Map <Integer, Integer> in androidI tried this weekend with different approaches to store data of a map <Integer, Integer> in android.",0.2049,0.1367
Java,"Intent Redirection from Google Playour Application has been rejected repeatedly in recent weak because of ""intent redirection"".",0.2109,0.1367
Java,JSP for gives the same repetitive value in list retrieval,0.1073,0.1367
Java,How to apply DynamoDB Bean annotations to a different project's POJOs by using generics?,0.1433,0.1367
Java,How do I add text views to my images?,0.0516,0.1367
Java,design problem with starting foreground service from other foreground service,0.1679,0.1367
Java,How to change final HTML output using pdf2dom with Java?,0.102,0.1367
Java,How to get internet connection latency/ping?,0.1019,0.1367
Java,Java: Unreported exception Exception; must be caught or declared to be thrown,0.139,0.1367
Java,Java simplifying a repetitive code snippet to a function within Action Listener I am wondering what is an elegant and effective way of simplifying the following snippet of code.,0.2469,0.1367
Java,Itext7 throwing error when i trying to convert html to pdf,0.1004,0.1367
Java,Javamail send sign email and add a file as attatchement I want to send email using javamail API.,0.1439,0.1367
Java,"Insert removed row into another xls file@AxelRichter had helped me how to delete row in WorkBook, but now i need to insert this removed row at another xls file.",0.2181,0.1367
Java,"When reading an encrypted file I get ""No matching key found for the cipher text in the stream.",0.1386,0.1367
Java,Jenkins pipeline with pure Java code producing compilation issues I have a Jenkins pipeline as shown below.,0.1718,0.1367
Java,"Android Studio error - groovy.lang.MissingMethodException: No signature of method: build_8sqj**q9.android() is applicable for argument types: ***I prepared an android app in android studio then I copied my whole code manually from one sys to another. But after that, getting this error.",0.3647,0.1367
Java,Project runs on Heroku but doesnt run locally,0.0927,0.1367
Java,Is there anything wrong with reassigning a reactor Publisher Mono like this? Is there anything wrong with this?,0.1729,0.1367
Java,JAXB Define XML elements with dots,0.0819,0.1367
Java,How to call a class of instance variables through a method of another class,0.1214,0.1367
Java,How to handle non-success responses with Keycloak's admin API?,0.1096,0.1367
Java,Android Studio SQLite error that no column in database named name. Please Help I am stuck with this error,0.1573,0.1367
Java,"Working on Test Driven Development project (Virtual Pet Shelter in Java), but I can not get the Test to pass.",0.1574,0.1367
Java,Method Calls from Child Class objects in arraylist of parent class Java,0.1269,0.1367
Java,Text in J Label is displayed layered In a bigger project I need to display single words in a JLabe l filling the entire screen.,0.1771,0.1367
Java,Is there any solution to remove messages from redis stream 1 by 1 from backend & frontend while maxmemory reached,0.1717,0.1367
Java,Dynamically Modify JNLP via Servlet and sending it to client,0.1164,0.1367
Java,How to copy textfields to another page?,0.0819,0.1367
Java,com.sun Http Context handler called multiple times I am trying to make a simple Http Server which serves dynamically created webpages.,0.1987,0.1367
Java,How to apply Indent to array json in java,0.0673,0.1367
Java,Call DB Function on Java Entity I've try using @Formula but the result is null in the db. So my question is how we can use some function in the @PrePersist or @Formula?,0.2223,0.1367
Java,Spring OAuth2 : how to configure column size?,0.0994,0.1367
Java,Java thread-dump: not all active threads are printed,0.1008,0.1367
Java,"Reading xml File with DOCTYPE SYSTEM "".dtd"" error",0.0985,0.1367
Java,Enteries in Maven Project POM with <systemPath> tag does not get included in the generated war file WEB-INF\lib folder,0.1726,0.1367
Java,How to create an instance of a Java class in Processing?,0.0927,0.1367
Java,How to return ID of Db saved JSON in Spring I am building a sample app for JSON tutorial.,0.1261,0.1367
Java,Java Scanner Asks For The Input Twice,0.0771,0.1367
Java,"Aspect J weaver gives me ""incompatible return type applying to constructor-execution"" when using @Around advice for constructor",0.2039,0.1367
Java,Validate a SSL certificate using apache Http client tool I'm using java and  Apache Http client to access a Public Rest API.,0.1765,0.1367
Java,"Not understanding Biginteger prime constructor arguments I am writing some kotlin, and would like to use the Prime constructor for BigIntegers.",0.2185,0.1367
Java,How can I pass data via a Word document from a Java-Server to a JS Add-In?,0.0996,0.1367
Java,spring batch: conditions in processing,0.1229,0.1367
Java,swapping elements in matrices a and b above main diagona,0.1043,0.1367
Java,Why ResponseEntity<T> is generic?,0.0918,0.1367
Java,Error 500 when use axios call service on Linux enviroment but working on local on Windows,0.1408,0.1367
Java,J Table isn't updating when adding to Array list?,0.0808,0.1367
Java,Error: Could not find or load main class org.codehaus.groovy.tools.GroovyStarter (groovy-3.0.7),0.144,0.1367
Java,"Android Studio - Layout Elements differ in size on the physical device, compared to the preview and emulator I'm relativly new to android.",0.1989,0.1367
Java,Unable to connect Kafka producer written in Java to remote cluster nodeKafka Producer written in Spring boot with defined properties as,0.2059,0.1367
Java,Do I need to check the null for optional object itself before use?,0.1043,0.1367
Java,Need help: AppCenter Test Run Encountering java.lang.IllegalArgumentException: path must exist: src/main/java/features,0.1996,0.1367
Java,I'm having problem with More than one file was found with OS independent path 'META-INF/NOTICE.mdbuild.gradle(:app),0.166,0.1367
Java,How do I do a HEAD operation on an AWS Presigned URL?,0.0773,0.1367
Java,Getting a Sum to print out from a user defined array summed recursively,0.1186,0.1367
Java,"Exception in thread ""main"" core.ops.SignatureUnificationException: could not find a class named: ClassName. cannot find a nonmain class",0.211,0.1367
Java,Java - (273 IBM) charset returns \n when decoding 21,0.0907,0.1367
Java,How to handle multiple radio button using MVVM (Android) How to add multiple radio buttons and get the value of that radio button?,0.1859,0.1367
Java,Value type org.json.JSON Object cannot be converted to JSON Array Not sure where I make a mistake.,0.1437,0.1367
Java,knapsack problem with dp getting my answer wrongimport java.io.*;,0.1247,0.1367
Java,Difference between connecting to a database using Driver Manager and SpringBoot(Hibernate),0.1753,0.1367
Java,Kotlin refresh imageview Tornado FX,0.1115,0.1367
Java,How can this linked list reversal with recursion work?,0.1074,0.1367
Java,"Daily Notification in Android not workingI wanted my Application to send notification everyday to the user, following this link and doing everything as described.",0.2382,0.1367
Java,Insert line break in docx4j with variable replacement,0.1215,0.1367
Java,Can we inject properties of a class with certain pre-define values in spring using autowire?,0.1459,0.1367
Java,maven sure fire plugin is not picking class from dependent project,0.123,0.1367
Java,PDF corruption sending it by Email in Java,0.0819,0.1367
Java,Cannot properly link C++ project with Gradle (exception during working with external system),0.1642,0.1367
Java,I cannot get sum of the firebase data values in android studio I am making an android app using android studio.,0.1608,0.1367
Java,"Why are my duplicate entries not filtered out with HashSet, but with TreeSet they are?",0.1373,0.1367
Java,Kotlin: How to map a field from list to a new list and group it,0.0866,0.1367
Java,JSTL path variable not working with foreign key,0.0999,0.1367
Java,how to call java function from jsp being called by ajax in javascript,0.1136,0.1367
Java,Java webclient client response memory issue,0.1228,0.1367
Java,PKIX path building failed in OAuth Authentication in Java,0.1198,0.1367
Java,Schedule Spring Batch Job based on Event Trigger,0.1035,0.1367
Java,How can I throw an exception within an execution of a reactive pipeline that contains the stack trace of the creator of the reactive pipeline?,0.2021,0.1367
Java,What's wrong with this Java decorator generic class?,0.1008,0.1367
Java,Use Hibernate Registered Function in Formula Field,0.1292,0.1367
Java,"Docking an undecorated Stage in Windows 10 In Windows 10, you have got the possibility to dock a window by dragging it to the border of your Screen.",0.2035,0.1367
Java,How can I remove the child node name from the metrics sent to Cloud watch?,0.1116,0.1367
Java,Spring Boot @Schedular not running after first execution,0.1294,0.1367
Java,How much performance does passing a canvas cost?,0.1006,0.1367
Java,Recover a message from http Eception Code,0.0931,0.1367
Java,OptaPlanner Custom Employee Rostering - Issues with Weekly Hours Limit in the Constraint Provider,0.1802,0.1367
Java,Trouble using Path Matching Resource Pattern Resolver to get src/main/resources in WAR file,0.1517,0.1367
Java,Using lambda comparator with long return type,0.1092,0.1367
Java,"Connected Pixels Using Recursion- endpoints, junctionsi need to find junctions, endpoints and longer lines.",0.1909,0.1367
Java,I received below error when converting JSON object having property of json array to a java object,0.1523,0.1367
Java,WSDL parsing causes outboudn internet connection to w3.org on weblogic 12the problem,0.1511,0.1367
Java,Shutdown Hook is not being called uppon pressing Ctrl+C if programm was started via gradle,0.143,0.1367
Java,Android Studio Java passing data through intents,0.1212,0.1367
Java,Java generic collection to set This has been confusing be quite a bit! Sorry if the explanation is bad.,0.1522,0.1367
Java,Processing Python Mode jar not found,0.091,0.1367
Java,Problem in download Imageuri in Firebase Storage Android,0.1323,0.1367
Java,"What's wrong with my program, I keep getting error ""arrow.java:42: error: cannot find symbol""",0.1372,0.1367
Java,Warning: Do not place Android context classes in static fields; this is a memory leak (and also breaks Instant Run)Android Studio,0.1877,0.1367
Java,sessionFactory.get Current Session() update was not update my oracle table in java hql,0.1442,0.1367
Java,Why do I have this error when trying to switch scenes in JavaFX using ScenBuilder?,0.1297,0.1367
Java,Spring AOP @Pointcut and @Before yields Illegal Argument Exception: error at ::0 formal unbound in pointcutI am doing a springboot project that includes login and accounts.,0.2437,0.1367
Java,JACoCo/surefire-plugin does not find tests to run All my tests are located in src/test/java/... with java marked as a test source folder.,0.1877,0.1367
Java,Content Resolver is null when called by second Application,0.1231,0.1367
Java,Java: Counting Char Occurance in a Arraylist,0.1019,0.1367
Java,LibGDX use java.util.stream.Stream in core folder?,0.0943,0.1367
Java,Cannot create story in Intellij for j behave I am trying to create a project for BDD in which I am using Jbehave and Serenity.,0.1755,0.1367
Java,Calling a local variable in a class from another class,0.0982,0.1367
Java,Invalid Query. 'in' filters support a maximum of 10 elements in the value array,0.126,0.1367
Java,Single quotation marks as arguments to a Java program,0.1066,0.1367
Java,2 Dimensional Linked List,0.0858,0.1367
Java,How to navigate to a different page depending on who is logged in,0.1036,0.1367
Java,How to differentiate a parent class which is casted into different child class objects?,0.1483,0.1367
Java,Complex loop For - Trying sequence lines,0.1015,0.1367
Java,Merging two foreign key columns into Embedded ID I have two tables (Product and Supermarket).,0.1516,0.1367
Java,Deleting File/Directory and Recreating Before Download Manager Makes File/Directory Appear Non-ExistentI am downloading font files from a direct download link and saving it to my device.,0.2607,0.1367
Java,Why do i have an error when trying to start apache drill in embedded mode?,0.1116,0.1367
Java,How to use Google Drive API using AWS Lambda with Java(Springboot),0.1117,0.1367
Java,Read list of type parameter values using Scanner.next X that matches the type parameter,0.1426,0.1367
Java,"Exception in thread ""main"" java.lang.IndexOutOfBoundsException: Index: 8, Size: 0 at java.util.ArrayList.rangeCheckForAdd(ArrayList.java:665)",0.2203,0.1367
Java,JERSEY Project Maven Configuration Problem with pom.xml,0.1287,0.1367
Java,JPA : Re-use Id generated from a sequence for a new version of the same object having composite PK (ID + VERSION),0.1591,0.1367
Java,Change default input and output streams in Java,0.0999,0.1367
Java,Icon on the Label makes the program not running,0.0869,0.1367
Java,Is there a way to emit the event from SSE Spring user wise Java?,0.0936,0.1367
Java,"How to solve Java ""Nested Loops"" problem?",0.0834,0.1367
Java,Progress Bar Styling on Mac,0.069,0.1367
Java,How does injecting of EntityManager in Spring bean work?,0.114,0.1367
Java,Minecraft Forge modification not working on dedicated server for non-OP playerstoday,0.1613,0.1367
Java,How to solve Redis Connection Failure Exception?,0.1179,0.1367
Java,How to remove space between numbers and avoid if there is non-numeric value before number?,0.1416,0.1367
Java,Parallel counting - JavaI do not have a background in CS.,0.1005,0.1367
Java,Why is on Create(Bundle savedInstanceState) not accessing the on Save Instance State() Bundle?,0.16,0.1367
Java,Image J plugins with dependencies or uberjar assembly are not available in FiJi plugins,0.1499,0.1367
Java,How to turn off Gdx.gl.gl Clear in android?,0.0626,0.1367
Java,how to query by date and aggregate mongodb java driver,0.0982,0.1367
Java,Java 3d - Pick Translate Behavior - object is not moving i made an Sphere Object in Java,0.1329,0.1367
Java,Why am I getting error creating object in Minio?,0.0877,0.1367
Java,Cannot be resolved to a variable in Java,0.0747,0.1367
Java,Why does Java expose Error and Java SE API callback methods accept Throwable instead of Exception?,0.159,0.1367
Java,"Why is JGit Push always returning ""auth falied""",0.0942,0.1367
Java,XSL Style sheet Path with Quartz Job I have an action that turns XML data into an XSL based report that is viewed on a web page.,0.1747,0.1367
Java,Elastic search java api correct way of query building,0.1066,0.1367
Java,In PHP we have santize to ensure String is safe. What is the similar thing for Java,0.1217,0.1367
Java,trying to convert a String like 2/1/2021 0:09(i am getting this string from csv file) to Local Date Time,0.1427,0.1367
Java,Spring Boot Override Wildcard Request Mapping I am building a URL Shorter app (like Bitly).,0.1471,0.1367
Java,Retry tests that failed in @BeforeMethod using testng,0.1186,0.1367
Java,Change value of specific annotated fields of an object which is used as a type for multiple fields in some object - Jackson Object Mapper Serialize,0.2094,0.1367
Java,"what can i use instead of hbaseTemplate.find(TableName,Scan,ROwMapper)?",0.1329,0.1367
Java,java.lang.Exeption In Initializer Error: null after trying to register a custom model block,0.1501,0.1367
Java,EDIT TEXT Android : Need to control the cursor position (prevent or allow),0.1272,0.1367
Java,How can I check email address in java,0.0639,0.1367
Java,How to show a buffered image or float Array Image in Image,0.0924,0.1367
Java,Separate a for loop into multithreaded - Java,0.1027,0.1367
Java,Web View doesnt appear when compiling for API 29I developed a JAVA app for Android 9 (API 28).,0.1374,0.1367
Java,Deserialization of xml based on object type jackson,0.1143,0.1367
Java,Example input for AWS CDK load Nested Stacks,0.0891,0.1367
Java,How to save book marks in documents with a variable font size?,0.1011,0.1367
Java,How to insert a table inside Word's column?,0.0713,0.1367
Java,Where is the location of the dependency?,0.0859,0.1367
Java,Is it possible to use the kafka-console-producer to send messages via a transactional client?,0.1481,0.1367
Java,How to Write Backspace code for textfield in java application?,0.1202,0.1367
Java,Automation of desktop using winium Javahow to close tab automatically if there are more than 5 tabs open.,0.1621,0.1367
Java,How to handling bad request in REST service,0.0855,0.1367
Java,How to use JaVers with Map?,0.0462,0.1367
Java,How to enable and disable a button when entering and exiting a geofence,0.1186,0.1367
Java,"video streaming on Fragment of an android appi want to stream a video from the firebase storage, in a fragment of my android app.",0.1822,0.1367
Java,"Required to calculate the number of minutes as an int, then the seconds as a double.",0.1271,0.1367
Java,Rabbit MQ: Is it possible to have multiple channels associated with the same queue?,0.1371,0.1367
Java,"Android Studio App works on real device, but not on virtual device emulator?",0.1276,0.1367
Java,Solr returns multiple (incorrect) values instead of one correct one,0.1331,0.1367
Java,How to exclude modules in JBPM 7.48I am using Jbpm 7.48 for some buisness process implementation.,0.1459,0.1367
Java,Out Of Memory Error when downloading large files with JDK Http Client,0.1216,0.1367
Java,"Read Excel sheet, store a column data in an array, iterate through each value in array and compare it with data on web portal",0.1754,0.1367
Java,Spring MVC @ModelAttribute seems to behave asynchronously (using jpa) and need it to be synchronous,0.1653,0.1367
Java,Failed to deploy application at context pathant,0.1172,0.1367
Java,Isolating fat jar dependencies in a classloader What's the best way to isolate dependencies from a loaded fat jar from the application that loads it?,0.2107,0.1367
Java,"Getting ""Can't open the specified file: ......xlsx "" while trying to access a file through java",0.1396,0.1367
Java,how to solve tables metadatalock in realtime database application,0.146,0.1367
Java,Convert Mono to CompletableFuture Java Reactive,0.141,0.1367
Java,Managing resource in Java multithreading,0.1381,0.1367
Java,Question about strange behavior of Atomic boolean while concurrent access is done,0.1534,0.1367
Java,"Failed convert value of type 'java.lang.String' to required type 'java.lang.Long' nested excep java.lang.NumberFormatException For input string ""null""I have this error and not sure what what else to trouble shoot. I am just trying to have a user click an ""rsvp"" button and have it register to the database along with the user id that hit the button.",0.4369,0.1367
Java,How to persistent headers or properties in came l route in multicast()?,0.1212,0.1367
Java,Is something like Microsoft.Extensions.Configuration available in Java?,0.1632,0.1367
Java,Closest number to average in array Java,0.0851,0.1367
Java,How to import binance-java-api into an Android Studio project,0.1088,0.1367
Java,Is it possible to control the player's actions in Minecraft using the fabric API?,0.1274,0.1367
Java,Write unit test for getting stream response with rest template,0.1225,0.1367
Java,system Design: service to request data for N users in M different data sources,0.1269,0.1367
Java,"How to set transparent icon background in JButton ""unclickable"" I created a J Button in java and I set a png logo icon to it.",0.172,0.1367
Java,Change OneToOne link into another entity with another id,0.1165,0.1367
Java,"I using BpNN to fit some data, but only get the results like the average",0.107,0.1367
Java,find the prime numbers between bounds using list method in Java,0.1145,0.1367
Java,Call a servlet method from a jsp,0.0571,0.1367
Java,Testing a method which calls another method,0.1012,0.1367
Java,C3P0 Pool is Full than getting Checkout Timeout C3P0 Connection Pool is Full than getting SQL Checkout Timeout,0.1734,0.1367
Java,How do i get the value of a certain child node in spinner when i select value from previous spinner?,0.1438,0.1367
Java,How to force a JPanel size to size of Graphic?,0.0717,0.1367
Java,Button inside Recycler View I have a problem with my android app.,0.1091,0.1367
Java,Android Studio Emulator Cannot Launch: VT-X Not working although it is enabled,0.1344,0.1367
Java,Jenkins unable to run the kill process command,0.0963,0.1367
Java,`Error: Could not find or load main class meka.gui.guichooser.GUI Chooser`,0.1209,0.1367
Java,How to force close a database connection in java before quit,0.106,0.1367
Java,How to write a sql query which matches the listed strings with before and after spaces,0.1343,0.1367
Java,android Bottom app bar is not taking full width even after setting width to match parent,0.1387,0.1367
Java,how to solve a.io.InvalidClassException: org.ejml.data.DMatrixRMaj; local class incompatible: stream classdesc serialVersionUIDenter image description here,0.2524,0.1367
Java,Eclipse projects no longer exporting runnable jar files,0.1287,0.1367
Java,Image and J Button don't come out at the same time,0.0713,0.1367
Java,Hide class name from Allure report I am trying to tune an allure report so that it looks perfect for my needs.,0.1558,0.1367
Java,PdfBox - change font or font Name in pdf file?,0.0761,0.1367
Java,How to get sender app detail while receiving file through intent in android,0.1286,0.1367
Java,How do I make a variable to count the number of tiles through the program,0.1108,0.1367
Java,Eclipse Kepler won't start - Java error message,0.0942,0.1367
Java,"Snake case in request body using JAX-RS I have an API REST service, developed using JAX-RS.",0.1326,0.1367
Java,Get Name spaces from an XML file,0.0571,0.1367
Java,convert a Workbook to a Resource,0.0728,0.1367
Java,Animate (zoomin and zoomout) images draw on canvas,0.105,0.1367
Java,Java Swing `GridBagLayout` alignment issue,0.1396,0.1367
Java,POST form data with Spring Rest Template,0.0891,0.1367
Java,Image from Google Drive Android Studio API gets rotated,0.1132,0.1367
Java,Failed to load Application Context Spring Boot,0.1132,0.1367
Java,Tomcat is running in eclipe but can't access http://localhost:8080/ or can't run my webapp,0.1293,0.1367
Java,Close the Websocket connection using STOMP,0.1182,0.1367
Java,Soap Request XML. from WSDL Hi i am unable to generate soap request xml to use in soap client.,0.1347,0.1367
Java,Can I pass a variable from my javascript to a jsp file?,0.0826,0.1367
Java,Generic Postgre SQL Exception with Android Studio,0.1252,0.1367
Java,"Why does only the class with the static method have the error: ""Add a private constructor to hide the implicit public one.""?",0.1767,0.1367
Java,test-failed.xml is not generated when executing test cases using build file,0.1286,0.1367
Java,Primary key not returned correctly in sqlite database,0.1215,0.1367
Java,how to add voice search in search view,0.0675,0.1367
Java,Number shaping for Bengali and Marathi in ibm icu library,0.1073,0.1367
Java,Java Eclipse accessing xml document,0.1115,0.1367
Java,Filter joined table using Criteria Builder,0.1182,0.1367
Java,High level method for java RMI client communication to multiple servers,0.1371,0.1367
Java,i could not play sound file from project resourcesbuilding project fail i get error i use sound files from resources but i get the following error,0.2067,0.1367
Java,SnakeYAML\Jackson objects lists in Java,0.1046,0.1367
Java,Index of first distinct character between two strings using a recursive method,0.1454,0.1367
Java,Run parallel test methods which are dependent with different parameter using Data Provider in TestNg,0.1721,0.1367
Java,how spring native run without jvm,0.0773,0.1367
Java,How does the difference in length between two for loops affect performance?,0.1356,0.1367
Java,Executable jar with dependencies and dll dependency using maven,0.1395,0.1367
Java,Run multiple curl commands sequentially using java,0.1292,0.1367
Java,Regex to split coordinates string Java,0.1001,0.1367
Java,"Delete Cookie Spring Boot I'm passing some information at login inside a cookie, information which I need to remove at logout.",0.1833,0.1367
Java,"For java.sql.Date AND java.sql.timestamp, can both be converted to datetime in sql server?",0.1349,0.1367
Java,Invoke Method from other Class on JSP,0.0771,0.1367
Java,Java regex for pattern replace - special char and case change to whitespace,0.1337,0.1367
Java,Having signle instance Http client apacheI would like to have a class that initializes and handles httpclient calls (https).,0.1919,0.1367
Java,What type should I call Response Entity with?,0.0898,0.1367
Java,How to find a value in a stack and put it on top using recursion? How could I use recursion to search for a value in a stack and put it on top?,0.1894,0.1367
Java,Convert an ASCII numeric value into a character,0.0999,0.1367
Java,In Android Studio How to make Validation for imageview?,0.1107,0.1367
Java,Find Sum From String of Numbers,0.0682,0.1367
Java,@On Connect is not working with namespace in spring boot and Netty server io,0.1221,0.1367
Java,Saxon 10 HE - Do I need one namespace per Java Extension Class?,0.1,0.1367
Java,Flutter - Platform Exception: Cannot add a null child view to a View Group,0.1209,0.1367
Java,Spring Scheduler with shed Lock stop triggering next calls after sometime,0.1427,0.1367
Java,java.lang.Illegal State Exception: at android.os.Parcel.read Exception,0.1322,0.1367
Java,android.widget.AbsListView$RecycleBin.getScrapView NullPointerException: Attempt to get length of null array,0.2095,0.1367
Java,Configuring openCSV instead of Flat File Item Reader in spring batch step,0.1322,0.1367
Java,Java swing best way to manage button enabled / disable states by criteria I have a swing application with many buttons.,0.1774,0.1367
Java,How to implement Viewerfilter for a Combo Viewer?,0.1042,0.1367
Java,Android Search Bar Like Google Play Store,0.0931,0.1367
Java,Read a specific line form file in Java,0.0675,0.1367
Java,Javassist get underlying object I am using Javassist proxy and I want to get fields from the original objects.,0.1671,0.1367
Java,On Sensor Changed stops collecting data randomly,0.1212,0.1367
Java,GUI click button to display shape Java,0.0811,0.1367
Java,Testing array length in j Unit5 I have this problem where I have to test if an array has a length of 3.,0.1409,0.1367
Java,Why is matrix transformation different on different devices when applying matrix transformation on views in android?,0.1981,0.1367
Java,@SubscribeMapping is not running,0.1253,0.1367
Java,How to retrieve values from a node in firebase and display in a recycler view?,0.1206,0.1367
Java,Java final static field is null at first usage,0.0837,0.1367
Java,Java Fitnesse Slim flexible data generator that returns ID,0.1231,0.1367
Java,Quick Union Algorithm in Java,0.0797,0.1367
Java,Recursion on linkedlist : how to compare?,0.1023,0.1367
Java,GC overhead limit exceeded while multiple threads trying to fetch data from database,0.1511,0.1367
Java,Assume Role Result not returning anything,0.1137,0.1367
Java,JAXB java class generation from schema: how to get a custom XML element name (keep class name),0.142,0.1367
Java,Finding sum of subarrays using Java,0.0864,0.1367
Java,Generate google wrapper class for proto definition (pulsar native protobuf),0.1573,0.1367
Java,"Action Event in Override can't find J Frame I want the ""Login"" button to close the symbol frame and open a new J Frame.",0.162,0.1367
Java,Most efficient way to find two integers that sum up to target value with specific conditions,0.1473,0.1367
Java,Does a static method synchronization delay creation of object of the class?,0.1356,0.1367
Java,Jackson Ignores Parent Class properties sent via JSON,0.1215,0.1367
Java,Constructor logic to throw Illegal Argument Exception,0.1412,0.1367
Java,JavaFX Vertical Tabs with Horizontal Text,0.1137,0.1367
Java,Spring Boot Request Header ValidationI am using Spring Boot 2.3.8 for creating rest services.,0.1481,0.1367
Java,How to convert UTC to EST in Java,0.0495,0.1367
Java,Inconsistent logfile size with SizeBasedTriggerPolicy in logback [duplicate],0.1986,0.1367
Java,"Current method ""evaluatePostfix"" running but printing out false results (java) I have written my code that is a linked list using stacks.",0.1999,0.1367
Java,JPA good practices mapping table,0.0956,0.1367
Java,Seek Tool - what can that be?,0.0477,0.1367
Java,Rest calls fail when adding spring-boot-starter-data-elasticsearch,0.1346,0.1367
Java,Android Studio; Bottom Navigation View = null despite reorganizing code,0.1581,0.1367
Java,Is there a way to read the delimiter in Scanner class java?,0.0932,0.1367
Java,can we optimize below code using generics,0.0931,0.1367
Java,Search path property with AWS S3 Repository in Spring Cloud Config Server,0.1322,0.1367
Java,ProGuard Maven not finding jar,0.085,0.1367
Java,"Future Task get vs run, task never finishes I am learning Callables and decided to make a very simple program.",0.1616,0.1367
Java,Casting Java functional interface I have a functional interface Test and an object (test) implemented it.,0.1713,0.1367
Java,Should I use several streams o a single loop?,0.0778,0.1367
Java,packaging program for win7 /32 / java8,0.0886,0.1367
Java,How to initialize entities fields representing their datetime of insertion into database using JPA?,0.1768,0.1367
Java,auto wired doesn't work in spring.factories Spring Factories Loader initialized bean,0.1511,0.1367
Java,J Tabbed Pane not showing until I minimize the window,0.0952,0.1367
Java,shared Preference arraylist getting index out of bound sexception in for loop in thread,0.1499,0.1367
Java,How to Find Prime Number in Java?,0.0578,0.1367
Java,Best way to observe concurrentmap in java,0.0931,0.1367
Java,Using IKVM with Tomcat and intelle j I have converted a C# file into jar.,0.1078,0.1367
Java,Start activity or full screen intent from background in android,0.1255,0.1367
Java,Why can I not enter large values (e.x. n = 100000) in this program that calculates all prime numbers from 0 to n inclusive?,0.1682,0.1367
Java,Default value for a particular value retrieved from Hibernate,0.1329,0.1367
Java,"Fruit extends Healthy Food which extends Food, yet neither Fruit nor Healthy",0.1382,0.1367
Java,TLS Connection with no Keystore,0.0903,0.1367
Java,Android - on Request Permissions Result() is deprecated. Are there any alternatives?,0.1613,0.1367
Java,VS Code Java Debugger Making a Lot of Untracked Files,0.0952,0.1367
Java,sensor types in android studio,0.085,0.1367
Java,Can't run uiautomator viewer,0.0743,0.1367
Java,Is it possible to pass arithmetic operators to a method in java?,0.1064,0.1367
Java,JNI system loadlibrary I am developing an app on Android using JNI.,0.1144,0.1367
Java,Java/Libgdx Shadow Cast Rendering After following a tutorial,0.1296,0.1367
Java,Javafx: Bind Image View to Anchorpane or VBox and scale the ImageView by resizing the scene,0.1437,0.1367
Java,How do I code my own SMTP Server using Java?,0.0657,0.1367
Java,Obtain the ancestor node based on the text of a node,0.0835,0.1367
Java,No converter found capable of converting from type [java.math.BigInteger] to type [org.club.entities.Depense],0.172,0.1367
Java,Java Stdin and Stdout II why is it necessary to give scan.nextLine(),0.1076,0.1367
Java,How to set value for Property Getter Sub Classer map Object in ATGIn ATG Property Getter Sub Classer concepts,0.1663,0.1367
Java,"Managing Application connections with couchbase secondary cluster, during complete failover of primary cluster",0.2145,0.1367
Java,How to expose data to watch face manually triggered I'm new to Android Wear OS.,0.1177,0.1367
Java,Text View click listener not being called,0.0931,0.1367
Java,Hashmap concurrency issues,0.1413,0.1367
Java,Hibernate JPA Integration Test issue ISSUE,0.1182,0.1367
Java,Payara Micro ignoring connection url in persistence.xml,0.1287,0.1367
Java,Problem connect Android Studio-MySQL using JDBC,0.1172,0.1367
Java,reading folder directory content on android java processing,0.1431,0.1367
Java,Andorid studio add a C++ function and library I am trying to add a C++ using android ndk.,0.1247,0.1367
Java,How to add spacing between JPanel and J Frame's content Pane?,0.0985,0.1367
Java,How to setup HTTPS with jetty embedded 8.1.16.v20140903,0.0919,0.1367
Java,Iterating through array throws Null Pointer Exception Sorry if the question sound stupid.,0.1619,0.1367
Java,finding the number of occurence of a substring in a string,0.1004,0.1367
Java,Creating mp4 file doesn't remove tmp files,0.0819,0.1367
Java,Passing Filepath to second activity in andriod studio,0.1215,0.1367
Java,Tensorflow Lite Android Object Detection,0.1381,0.1367
Java,Changing the endpoint displayed in browser for Spring Security I am using Spring Security in my Spring Boot application.,0.1866,0.1367
Java,How to find out what kind of dependencies I can use from local repository in maven?,0.1264,0.1367
Java,Assigning 2 string values into one variable in Java,0.1001,0.1367
Java,How to add images on J Frame?,0.0418,0.1367
Java,"My input here need to be not case-sensitive. I'll show you my code please help, I have zero idea how to do it",0.1463,0.1367
Java,Use Kafka Prod metrics such that metrics are calculated for a window of time,0.1237,0.1367
Java,Read out nested JSON Object with Java.,0.0779,0.1367
Java,What is my error in making method to call an array?,0.0786,0.1367
Java,How to prevent page reload after JavaScript function is executed?,0.1293,0.1367
Java,How do I import this API Java?,0.0458,0.1367
Java,Open Api Generator: Use Long as Numeric default?,0.0978,0.1367
Java,How to get the data stored inside the hashmap from another class,0.1083,0.1367
Java,Eclipse IDE Java compiling issues I am new to use Eclipse IDE for Java coding.,0.1206,0.1367
Java,Auto wired abstract Configuration with Configuration Properties,0.1813,0.1367
Java,File's status is set to CHECKED without calling isInvalid method in java,0.1211,0.1367
Java,Is session pool of the cloud spanner library for Java FIFO?,0.1011,0.1367
Java,Read Emails from Outlook 365 using Java I am trying to read emails from outlook 365.,0.1285,0.1367
Java,How best to utilize a junit test for classes that expect ThrreadLocal variables to have been setup?,0.1551,0.1367
Java,Mockito: @InjectMocks (OK) vs constructor of mocked objects (NPE),0.1308,0.1367
Java,Tomcat 9 class loading issue with Jaxb-impl& jaxb-runtimeJaxb-api and jaxb-runtime has the same package with the same class name called,0.1933,0.1367
Java,How to get a link in a structure of multiple <div id> and <div class> elements in java,0.12,0.1367
Java,How can I count with index Of in Java?,0.0549,0.1367
Java,com.fasterxml.jackson.databind.exc.MismatchedInputException: Cannot deserialize instance of `double` out of START_OBJECT token,0.2265,0.1367
Java,DB2 connection issue while upgrading to Java 11,0.0999,0.1367
Java,Url link handling I started working on my first java servlet project.,0.1197,0.1367
Java,Java - Iterate through a Result Set till find the correct file,0.1075,0.1367
Java,Java: Get all possible matches of RegExp / top-level backtracking,0.1247,0.1367
Java,Parse json in javascript,0.0794,0.1367
Java,Nested JSON response from SQL View I have a SQL view (IdView) and it is having below values.,0.1333,0.1367
Java,afterTextChanged() event callback of TextWatcher gets invoked even when the user does not tap on the EditText field [duplicate],0.1966,0.1367
Java,Is Loader Manager class in Android deprecated for API 30?,0.105,0.1367
Java,Hyperledge gateway v2 failure - gRPC Failure: UNIMPLEMENTED,0.1555,0.1367
Java,Scanner next Int() vs next Line() reading from console .... why can I use next Int() without next Line()?,0.1456,0.1367
Java,Jython registering class with kryonet I want to register a python/jython class with kryonet.,0.1524,0.1367
Java,"Spring boot build I have a system built over Spring boot framework which runs two services, as shown",0.152,0.1367
Java,Can someone help me to solve 'org.openqa.selenium.StaleElementReferenceException:' in my case?,0.1692,0.1367
Java,Why am I not able to access a child method in from an parent object in Java?,0.107,0.1367
Java,Theme is not set by pressing Switch.,0.0699,0.1367
Java,Change date picker theme android java,0.0955,0.1367
Java,Unit test DAO classes with JUnit using a Connection Pool,0.1043,0.1367
Java,using query in android studio for retrieving data from fire base,0.1173,0.1367
Java,"Hello ,my app crashes every time",0.069,0.1367
Java,"File.delete() is failing I'm trying to delete some files with .delete() method, but the method seems to be not working.",0.1657,0.1367
Java,Get a fields maximum length,0.069,0.1367
Java,Setter in Recycler View Adapter not working?,0.1019,0.1367
Java,How do I collect all the οbjects created from abstract class in a array list How do I collect all the οbjects created from abstract class in a array list?,0.2098,0.1367
Java,B module can't depend A module's dependency that declare provided scope in IDEA multi-module maven project?,0.1612,0.1367
Java,Using Gstreamer for Android with JNA & gst1-java-core?,0.1023,0.1367
Java,implementing One To Many and One To One usage for an order with multiple line items Java 1.8,0.1332,0.1367
Java,apache ignite local cache events not sent to java listener class,0.1173,0.1367
Java,How to Destroy Ads Every X Minute in Java?,0.068,0.1367
Java,"How to use ""if else"" or ""case when"" in JPQL",0.0558,0.1367
Java,How to pass enum in Sprinboot backend using api call?,0.0929,0.1367
Java,How to rate limit our application to call only particular number of requests in Spring Boot?,0.1459,0.1367
Java,Ubuntu tells me my init.d Service of spring boot application not found and can not to run it,0.1332,0.1367
Java,How to serialize a Date as LocalDate in Jackson?,0.0877,0.1367
Java,Letter case permutation without using BFS/DFS approach,0.1251,0.1367
Java,how to remove specific element from stack?,0.0939,0.1367
Java,Embedding Executable (.exe) files into php,0.1068,0.1367
Java,Java List<V_prod_monitor> SQL delivers List<Object> as result?,0.1286,0.1367
Java,Jenkin build Unsatisfied Dependency Exception: Error creating bean with name I'm working on a project which is based on Spring Boot ( 2.3.8 ).,0.1975,0.1367
Java,Selenium Java not persisting final modifications with --headless option,0.1607,0.1367
Java,I want to convert HTML to pdf using Itext.,0.068,0.1367
Java,app:compile Debug Java With Java c error in vscode using react-native,0.1136,0.1367
Java,Async update child brings deleted parent back,0.1092,0.1367
Java,Processing image with Tensorflow failing when using java on Android,0.1376,0.1367
Java,"The constructor Candidate(String, int[]) is undefined error I have this code typed up but for some reason",0.1583,0.1367
Java,How do nested loop communicate with each other?,0.097,0.1367
Java,Is there a way to get the headers from Github csv raw data in java?,0.0957,0.1367
Java,Decrement by a certain amount on java,0.0771,0.1367
Java,Is there any way to check password hash sync status in Java code?,0.1018,0.1367
Java,Updating Jackson to 2.10 breaks Jetty 9.,0.0718,0.1367
Java,Proguard method optimization,0.158,0.1367
Java,How to send a SOAP response of Client to Requested party,0.0947,0.1367
Java,Spring doesn't work with cucumber @ScenarioScope (IllegalStateException: No Scope registered for scope name 'cucumber-glue'),0.2084,0.1367
Java,Checking divisor checking in Array using streams,0.1212,0.1367
Java,CI/CD Junit tests: should I build the package first or I can run the test firsts?,0.1161,0.1367
Java,Spring MVC Restful Multipart Form Not Working I've created a Restful service with Spring MVC as shown below.,0.1632,0.1367
Java,How to ignore 'duplicate entry' exceptions with spring-data/jpa,0.1209,0.1367
Java,How can I add two images inside the print area?,0.0748,0.1367
Java,Content Provider returning null as result in other app,0.1099,0.1367
Java,How to add a element to the end of a array?,0.056,0.1367
Java,Disable error message: Access Denied Exception: Access is denied,0.1377,0.1367
Java,Feature toggle overriding in header,0.1115,0.1367
Java,Thread-safe locking/sychronizing to one permit per resource with multiple resources,0.1587,0.1367
Java,"How do I determine the correct path for FXML files, CSS files, Images, and other resources needed by my JavaFX Application?",0.1796,0.1367
Java,"Cannot invoke ""java.sql.Connection.prepare Statement(String)"" because ""db Connection"" is null (Mysql connection)",0.1887,0.1367
Java,Combining methods to TAR + LZ4 in a single run in Java,0.0849,0.1367
Java,J Table and J Scroll Pane not shown as they should,0.0778,0.1367
Java,JHipster OpenAPI Model Package,0.1181,0.1367
Java,Populating column dynamically from key value pair I am working with an xslt file for styling.,0.1481,0.1367
Java,Add Form X object content from resources to content stream using PDF Box?,0.1219,0.1367
Java,I wanted to create a gif but got an error,0.0589,0.1367
Java,How to use dynamic programming for a backtracking problem,0.1198,0.1367
Java,Preventing fetching the same file from FTP server using multiple FTP clients in Java,0.1428,0.1367
Java,Push resource file to maven repository using Maven Publication plugin,0.1437,0.1367
Java,Elastic script update with Java code in it,0.0819,0.1367
Java,"Get Enum constant by value I want to create a method, which returns enum constants by it's value.",0.1405,0.1367
Java,Deadlock in Java AWT's event queue As far as I know AWT is considered thread-safe.,0.1196,0.1367
Java,How to delete child from a node in Firebase in Android?,0.0898,0.1367
Java,Clojure float is not being recognized,0.0955,0.1367
Java,Can someone enlighten me on where there needs to be a parenthesis?,0.1117,0.1367
Java,Dynamic Programmatically Topic Name / Quarkus Smallrye Reactive Messaging Kafka,0.1869,0.1367
Java,No suitable driver found when exporting to a JAR-file?,0.096,0.1367
Java,Why `Regex` has different behavior in src/test and src/androidTest?,0.1196,0.1367
Java,What's the best way to concatenate Stream instances in Java,0.1032,0.1367
Java,Loading external resource Bundle from dependency,0.1455,0.1367
Java,Show multiple way point with coloured marker with sequence number on it on mapbox navigation view android app,0.1714,0.1367
Java,Explain step by step how does Collections sort function in my code,0.1136,0.1367
Java,Spring boot custom properties for junit test,0.1052,0.1367
Java,Why do rs.get String and getInt not give me any value when i use them with setters,0.117,0.1367
Java,Adding next json data in json array using button click in recycler view explaination,0.1428,0.1367
Java,Regex pattern to split string,0.0797,0.1367
Java,Feign encoder/decoder for Google Protocol Buffers I am using Feign as a HTTP client.,0.1343,0.1367
Java,methods with state Groovy / Java I have a bit of a long winded question.,0.1093,0.1367
Java,How to create a Object by clicking on a button (with diffrent names),0.1076,0.1367
Java,Spring MVC validation form attribute name problem,0.1252,0.1367
Java,how to have gson expect an array of arrays of objects?,0.087,0.1367
Java,Change Imagen View´s image of custom control in Java FX,0.0919,0.1367
Java,"Put associated classes in separate source files I have two classes, User and Wallet.",0.1395,0.1367
Java,Table Print pdf size issue i'm trying to print a table to pdf but it does not fit to page size.,0.129,0.1367
Java,How to run unit tests only for a class in a Hybris project through Command line?,0.1198,0.1367
Java,How to extract zip archive with sub directories using SAF / Document File?,0.1291,0.1367
Java,Superclass overriding Subclass with default values from constructor in Java,0.1619,0.1367
Java,return the number of times is state of bulb changed?,0.0899,0.1367
Java,Hibernate One to Many relation- Child table not updating Here I am adding a list of new orders to a specific user.,0.1619,0.1367
Java,Capture duplicates from array without using any inbuilt functions,0.146,0.1367
Java,Unable to create an instance of View Model,0.0819,0.1367
Java,Where i can find a jar of play service ads?,0.0626,0.1367
Java,How to get image format from a image file which is saved as a jpg file but don't know exactly what type it is,0.1482,0.1367
Java,Java multithreading purpose of synchronized keyword From the book Java in Nut shell 6th edition one can read,0.1694,0.1367
Java,Converting a C++ threading program to a Java threading program,0.1179,0.1367
Java,"java: class Profile is public, should be declared in a file named Profile.java error for unstructured data model and pojo",0.1781,0.1367
Java,How to use a Double Dispatch with compare To in JAVA?,0.0842,0.1367
Java,using idea to compile spring source code with 5.2.7-RELEASE can not find log4j and slf4j packages,0.1429,0.1367
Java,How to take Time Input in a line in Java?,0.0566,0.1367
Java,Track of consumed messages in Spark structured streaming,0.1323,0.1367
Java,Docker - Run Wildfly standalone,0.1131,0.1367
Java,Executing a terminal command from Java without any change,0.1198,0.1367
Java,Return a variable from inside a lambda,0.0811,0.1367
Java,how to add new line in java How do you add a new line in java.,0.0807,0.1367
Java,Does consumer of web service needs to change if the webservice is migrated to https from http?,0.1446,0.1367
Java,Pass list of data (object) between activites in Andriod,0.1081,0.1367
Java,If the String has number inside then square the number and return as a String.,0.1206,0.1367
Java,java.lang.Illegal Argument Exception Parameter value,0.1372,0.1367
Java,"There are ""x"" numbers of files (**.txt) that contain two specific characters, how can I select them?",0.1465,0.1367
Java,Is there a way I can set specific subclasses to have specific values relative to a variable in the parent class?,0.1627,0.1367
Java,ERROR [org.hibernate.util.JDBCExceptionReporter] - <Communications link failure Docker + Spring + MysqlI am new to docker and when I run my docker-compose file I got this error: ERROR [org.hibernate.util.JDBCExceptionReporter] - <Communications link failure. Somehow my app cannot connect to the database.,0.3884,0.1367
Java,How can I get invocations per method from a Mockito mock?,0.0955,0.1367
Java,Does Intell i J support remote deployment to Websphere Liberty?,0.1232,0.1367
Java,"Data is not stored in file in JAVA I was trying to store Name and CGPA of student in a file, but it store only name can somebody help me?",0.1834,0.1367
Java,Is there a way to update Server about the SSL Hand shake exception from client?,0.1229,0.1367
Java,Restricting values in parameters via annotations Kotlin,0.1492,0.1367
Java,I can't truncate a number to be compared,0.064,0.1367
Java,Initialize Java Components in HTML How do I create/initialize a Java variable in HTML?,0.1388,0.1367
Java,Java has hicorp vault import self signed certificate,0.1179,0.1367
Java,"Java Object Array - Create a method with empty parameter, returns object array of class Book?",0.1501,0.1367
Java,Is try-with-resource not safe when declaring multiple effectively final resources?,0.1541,0.1367
Java,Spring Security encrypted password problem,0.1487,0.1367
Java,Android ExoPlayer crashes on unstable networkIn our project we use Android exoPLayer version 2.,0.1673,0.1367
Java,Is there any NOT operator in Regex,0.0651,0.1367
Java,JAVA Store Program isn't outputting the correct numbers I was creating a Java program for my OOP class.,0.1534,0.1367
Java,Shuffle an array multiple times in Java,0.0851,0.1367
Java,@PostFilter on Optional I would like to use @PostFilter on method returning Optional.,0.1484,0.1367
Java,How do I get/create a hyperlink in only part of a cell?,0.0768,0.1367
Java,Beacon and Eddystone detection issue,0.1168,0.1367
Java,IDK why my code keeps crashing taking the input only one time in this loop,0.1131,0.1367
Java,Google oauth client exception on wildfly I tried to integrate google calendar API with my project.,0.159,0.1367
Java,How to convert string to unix epoch milliseconds without creating local date time objects,0.1546,0.1367
Java,"I got strange symbols in Eclipse tabssmth is wrong with my Eclipse and now i have such strange symbols like that, does anyone know how to fix it?",0.1988,0.1367
Java,Getting referential integrity constraint violation while trying to delete from One To Many relation with cascade Type.,0.1948,0.1367
Java,Large JSON array data passing as a parameter is coming null in Java servlet POST,0.1267,0.1367
Java,how to change the dns adrress via an android app,0.0801,0.1367
Java,"String format in form $XX.XX,",0.0515,0.1367
Java,Duplicate Value when parameter names are different and constructor chaining only giving zeros as output,0.1789,0.1367
Java,How to use Microsoft Edge with Selinum Java hope that you're fine.,0.1043,0.1367
Java,What does the error Sharing is only supported for boot loader classes mean?,0.1269,0.1367
Java,How to output a long string from Scanner input in Java,0.0891,0.1367
Java,Java onclick event open new popup,0.0773,0.1367
Java,How to fix Java http mulitpart file upload that does not return?,0.1064,0.1367
Java,Configuring Azure AD as IDP in Spring Security,0.0963,0.1367
Java,How to load data into an ArrayList after it's finished loading How to load data into an ArrayList after it's finished loading?,0.178,0.1367
Java,Apache Ignite throws Failed to deserialize object with given class loader on startup ( Client - Server ),0.172,0.1367
Java,Use Structural design pattern to choose been dynamically,0.1323,0.1367
Java,Calculations for the volume of a sphere is incorrect,0.1034,0.1367
Java,"What is reason of ""Already had dead JAR"" error?",0.0793,0.1367
Java,Spring authentication Entry Point wont show default Spring Session Defaul Forms (404 error) I have a Spting boot app 2.4.2.,0.177,0.1367
Java,"How to fix my Java ""unsatisfied link"" error?",0.0805,0.1367
Java,"Java compare two sub objects I have a class - it has a field ""id"", which is an int. Let's call this class ""Author"".",0.1517,0.1367
Java,Creating a method inside the arguments list of a java method,0.106,0.1367
Java,Agora.io Video call stops after some minutes of lock screen in android,0.1161,0.1367
Java,Peer to Peer communication in Java I am trying to develop a simple Peer to Peer chat using Java.,0.1398,0.1367
Java,"Java, getting data and passing it into another class method",0.1111,0.1367
Java,Problem with Maven in POM Don't copy file,0.0673,0.1367
Java,Accessing a file in src/main/resources while using docker I am just learning how to use docker with java so I am very open to advice.,0.1826,0.1367
Java,Save and retrieve data from firebase database Android,0.1215,0.1367
Java,instrumentation.retransform Classes() throwing fatal error I am trying to develop a javaagent.,0.1709,0.1367
Java,How to get the content length(aka file size) from the Media Http Downloader?,0.1205,0.1367
Java,"Invalid instruction ""targetApi"", valid instructions are Remove replace Stricttt I get this error",0.1759,0.1367
Java,How to fold away all variables to improve code readabillity?,0.1141,0.1367
Java,Avoid duplicate mapping in Map Struct,0.0955,0.1367
Java,Getting a Class Not Found exception when using mongotemplate,0.1296,0.1367
Java,Executing shell commands,0.1246,0.1367
Java,JBOSS EAP 7.3 : How to override jboss.as.jpa.provider Module for all server or server group?,0.1333,0.1367
Java,Slow spring/hibernate web application on a tomcat production server,0.1376,0.1367
Java,Why does the `insecure` option not work in maven?,0.0859,0.1367
Java,Java listen on entity's child collection change,0.0999,0.1367
Java,Are the Methods described in the Documentation of Mock Server static imports or am i supposed to pass my own methods?,0.1718,0.1367
Java,Copy value from one hashmap to another,0.0811,0.1367
Java,Generic gRPC Java Client - existing implementation,0.147,0.1367
Java,showing highest and lowest value of a series of objects in java,0.1057,0.1367
Java,Filter data on array,0.0536,0.1367
Java,How to pass integer vales from one java file to other java file after clicking button,0.1321,0.1367
Java,"J Table position (x,y) location in J Panel",0.0655,0.1367
Java,"Get Authentication key, Mi band 5In the earlier versions of Mi Band such as Mi Band 3, pairing with third-party standalone was pretty easy.",0.1952,0.1367
Java,Tomcat 8.5.50 the Error Report Valve is not working,0.0806,0.1367
Java,how to save only the minute and second hour in mysql annotation springboot @@ Json Format,0.1426,0.1367
Java,Soot not finding class without a main for call graph,0.0922,0.1367
Java,Java Inheritance: method in subclass overrides method in superclass,0.1501,0.1367
Java,Getting Access denied if call API without call the official website,0.1258,0.1367
Java,Directly Enable Permission Like Location,0.1381,0.1367
Java,FCM without Including Server Key I use FCM as my engine to allow users to send messages to each other.,0.1476,0.1367
Java,background image size for Androidd I'll make a picture for the Android background.,0.1364,0.1367
Java,Android Handler in thread?,0.0866,0.1367
Java,How does Gson serialize and deserialize inherited POJOs generated by Lombok?,0.1491,0.1367
Java,non-static method has NextLine() cannot be referenced from a static context without having a static keyword,0.1705,0.1367
Java,Stop a Source Data Line from user input I want to make a music player in Java using Source Data Line.,0.1425,0.1367
Java,Spring Boot Security: How to skip login for localhost?,0.1049,0.1367
Java,Rebalance Apache Helix Manager when an instance in the cluster comes down,0.1322,0.1367
Java,Using generics with @Named in mapstruct 1.4.1,0.0778,0.1367
Java,parse tims tamp in offset format,0.0728,0.1367
Java,Unable to capture text inside new window in Java Selenium Headless browser,0.1348,0.1367
Java,Rendering Complex Bodies in Libgdx I am trying to render the bodies that I made in the open-source tool using ShapeRenderer.,0.1808,0.1367
Java,I am reciving a bean creation error with my security config class for spring security these are the errors i am getting.,0.1737,0.1367
Java,docker commit does not include manually copied file inside the container,0.1399,0.1367
Java,Java - How do I decrypt Chrome cookies?,0.0754,0.1367
Java,Remove SQL logs hibernate (Sql Statement Logger),0.1147,0.1367
Java,How to set preferred width of a column in JX Tree Table in swing,0.0952,0.1367
Java,Adding a java class (as a webservice) to the Apache Tomcat server to call it from another java client class running on my PC,0.1737,0.1367
Java,"Missing grant type error, When generating new Token from Refresh Token using Spring Security Oauth2",0.1683,0.1367
Java,How to find maximum date for every product in a list in Drools,0.0961,0.1367
Java,How to test Comparator for JUnit test? I need to test the compare() method and i am confused on how. Can I see how to do this?,0.1681,0.1367
Java,Exception handling Help (Java) simple banking application,0.1507,0.1367
Java,Disable web service addressing attributes in axis2 (v 1.5.6) generated stub,0.1251,0.1367
Java,"SSHJ When executing instructions that need to be input, reading input Stream after writing to output Stream will always block",0.191,0.1367
Java,Set maximum Pool Size and minimumIdle based on processor and memory server,0.1348,0.1367
Java,Is POSSIBLE to Spoof Bytes?,0.0645,0.1367
Java,my after method does not work everything seems normal to me but it is skipping. Any suggestion?,0.1454,0.1367
Java,Using ssl certificate with feign,0.0956,0.1367
Java,Java&Selenium&Firefox/Chrome: unable to press CTRL + F5 for page hard refresh,0.1284,0.1367
Java,Exercise With array list input with scannermy exercise is with collect soccer cards inside an array list.,0.1676,0.1367
Java,how to draw a rectangle around faces in an image in android studio,0.1061,0.1367
Java,X path contains text() doesnt work with comments Can someone please explain why i cant find h2 which contains text?,0.1699,0.1367
Java,How to understand JDK9 memory model?,0.0872,0.1367
Java,X509 Cerificate check if is issued from some CA,0.0869,0.1367
Java,How to auto restart my Spring Boot JAR application after shutdown due of Low Memory,0.1335,0.1367
Java,How to access external camera using camera2 android I'm trying to access external usb camera in android(java).,0.1659,0.1367
Java,How to insert HTML form data into a Cassandra database with REST web service using Java,0.1365,0.1367
Java,Web.xml file does not have auto complete I'm using apache netbeans 12,0.1071,0.1367
Java,how to wright Adobe Illustrator Script changes special words text style to Bold,0.1386,0.1367
Java,"How to add generic Set to Map (Map<String, Set<String>> map = new TreeMap<>())?",0.1113,0.1367
Java,"java list.remove work well for first element, but not the others it was known that can't use list.remove in foreach.",0.1626,0.1367
Java,Hibernate n+1 issue with 3 entities I have 3 entities.,0.087,0.1367
Java,Why aren't there compatible JREs for JavaSE12+?,0.0942,0.1367
Java,How to read a specific value from a JCo Table objectI successfully got the Table entries from a SAP system via RFC_GET_TABLE_ENTRIES.,0.1969,0.1367
Java,What is the 10001st prime number?,0.0735,0.1367
Java,Is file overwriting in Java safe?,0.0735,0.1367
Java,How to get the request metrics with Web Client or Http Client,0.1004,0.1367
Java,Cannot understand response returned by OpenSmpp on Java I have never implemented an smpp connection this is the first time I am doing it.,0.1967,0.1367
Java,Android resource linking failed instant_run_merged_manifests\debug\AndroidManifest.xml:18: error: unexpected element <queries> found in <manifest>I have build an Android app in which I am using Facebook ads but now I won't to add Google admob ads as well but when ever I am adding admob dependency and run the app it is showing this error.,0.4257,0.1367
Java,"IntelliJ change default scopeIn IntelliJ there's this shortcut ""cmd + shift + o"" to go to a certain file that you can type.",0.1728,0.1367
Java,Desktop.getDesktop().open(file) on Ubuntu not working,0.1129,0.1367
Java,"Is thread safe to inject an aop:scoped-proxy with scope=""request"" bean in a singleton bean like a Servlet or a Filter?",0.1651,0.1367
Java,"I want to build a PDF doc, using Glen K. Peterson's Pdf Layout Manager, but I'm stuck at building a table",0.1424,0.1367
Java,How to grant the client application access to the requested scope in microsoft azure I'm getting this error,0.1624,0.1367
Java,creating hive table using gcloud dataproc not working for unicode delimiter,0.1484,0.1367
Java,Cucumber variable parameter store separately,0.1593,0.1367
Java,How to map a stream of class objects into a stream of properties of said class?,0.1177,0.1367
Java,Downloading same excel file in other wicket pages,0.1071,0.1367
Java,Andriod chat-head not launching main Activity,0.1092,0.1367
Java,How to filter based on list returned by map param using Java 8 streams,0.1095,0.1367
Java,Calculate position with distance and coordinates in Java,0.1323,0.1367
Java,Android studio java object get property Object,0.1132,0.1367
Java,Exception handling using log4j2 I'm new to java.,0.0877,0.1367
Java,Unable to load class 'org.gradle.internal.impldep.com.google.common.collect.,0.1363,0.1367
Java,How to set a Flash Message in Spring Boot with Thymeleaf,0.0947,0.1367
Java,Spring boot actuator not start with the port specified,0.1099,0.1367
Java,A chicken and egg problem with Spring Cloud Config Client and Server when BOTH are mTLS enabled?,0.1488,0.1367
Java,Log4j2 logging to console instead of files,0.0972,0.1367
Java,Deploy a web app developed for Heroku to Azure,0.0837,0.1367
Java,In Subarray with given sum I'm stuck on how to return an ArrayList in Javastatic ArrayList<Integer> subarray,0.1632,0.1367
Java,Trying to update multi images.,0.0804,0.1367
Java,How to log only part of an exception?,0.0611,0.1367
Java,Android version check pop-up window,0.0864,0.1367
Java,How to set baseUrl in Retrofit?,0.0644,0.1367
Java,how to make gradle codestyle check to use intellij's code style file,0.1111,0.1367
Java,How to make fields in type class mandatory based on the parent class during deserialization,0.1517,0.1367
Java,Soap envelope with ws-security contains two Digest Value in a response,0.1242,0.1367
Java,Efficiently execute multiple commands that depend on another long running command on Unix host with JSch,0.1734,0.1367
Java,Tomcat error 404 not found while running a REST API,0.0892,0.1367
Java,"Java - intelliJ - generate test files with an extra line after the closing ""}""?",0.131,0.1367
Java,How should I serialize JPA entity to JSON format,0.0902,0.1367
Java,How to detect that there is string in an input in Java?,0.0826,0.1367
Java,How to send HTTP request from Java i'm creating java module to parse JSON file.,0.1177,0.1367
Java,How to make Hibernate automatically delete orphaned entity association records,0.1709,0.1367
Java,Is there a possible way JMenuBar can be clickable? I was doing a system and came up with a JmenuBar I would like to ask is JmenuBar not clickable?,0.1986,0.1367
Java,"Changes in Live Data<List<Obj>> aren't shown in recycler View, which is subscrived on the Live Data<List>",0.1498,0.1367
Java,install opencv on centos for java I'm trying to install opencv on my centos 8 server to be used by java program.,0.1566,0.1367
Java,File Writer is not writing anything into the file,0.0935,0.1367
Java,How can I add an associated value to a map that already has a key?,0.0934,0.1367
Java,How to convert Future to Stream without calling Future.get?,0.1111,0.1367
Java,Construction tree I wrote a tree construction method.,0.1186,0.1367
Java,Android Downloader to download file using WP auth cookies & WP REST API token,0.1301,0.1367
Java,Spring boot with javaFx I'm working on a java desktop app using spring boot and javaFx.,0.13,0.1367
Java,Java TCP: Buffer underflow when reading an input stream from the network,0.1276,0.1367
Java,How to run Java benchmark on remote machine I have jmh set locally on my machine.,0.122,0.1367
Java,VSCode debugging Quarkus application using a profile,0.1372,0.1367
Java,What services can be used to give my webapp's users their own email inbox under my domain?,0.1318,0.1367
Java,Redis Http Session is creating different sessionIds for requests from the same browser,0.1562,0.1367
Java,Correct Use of Spring Boot Hazelcast Auto-Configuration with @SpringAware MapLoader,0.1689,0.1367
Java,How can I parse the JSON response and could get value from known key as output?,0.1177,0.1367
Java,"IBatis Cache Error : 'SERIALIZABLE_NULL_OBJECT' I have implemented ibatis cache in my code's sql statement, It works fine mostly.",0.1981,0.1367
Java,Android: TFLite giving giving wrong predictions compared to Python for same model,0.1515,0.1367
Java,Symmetric 2D array of random numbers,0.091,0.1367
Java,"Accumulo init : ERROR: Unable to find Hadoop Configuration class on classpath, check configuration",0.1792,0.1367
Java,Understanding and exploring how JAAS-GSSAPI-JND,0.1172,0.1367
Java,how to use sort.and() in spring,0.0466,0.1367
Java,Array Objects & Methods I really need some help with my assignment in school.,0.1284,0.1367
Java,Does REST doc have to contains all possible values of each request parameter?,0.1319,0.1367
Java,simplifying THIS fibonacci method,0.1374,0.1367
Java,How to remove spring boot permission to do database structural changes,0.1342,0.1367
Java,Java 1.4- Unable to solve XXE vulnerability while using Document Builder Factory and Transformer Factory,0.172,0.1367
Java,"Unable to Run my Spring Security MVC Web App Spring Chain Filter throwing exception, raw Password cannot be null",0.171,0.1367
Java,How to fetch data from SQLite in the background with callback without Room?,0.1269,0.1367
Java,How to sort a 2-D Array according to the highest value in row,0.0881,0.1367
Java,How to address Array Index Out Of Bounds Exception without using try-catch?,0.1269,0.1367
Java,Unable to find Custom Gradle Plugin in Maven Local repository,0.1194,0.1367
Java,spring-data-jpa many to many find By ID,0.0607,0.1367
Java,Generate RAML file for existing API in Java,0.0855,0.1367
Java,Set a bool variable if program is running from Eclipse IDE or compiled binary java,0.1312,0.1367
Java,Can I map to a non default constructor with Model Mapper without defining any custom Type Maps or so?,0.1495,0.1367
Java,"Using j Query to close alert, get alert's text I am working on a Java project and I need to use j Query (it is my task).",0.1581,0.1367
Java,Spring Boot Maven plugin: deploy two jars; one repackaged and one not,0.1178,0.1367
Java,Samsung phone camera screen lock,0.0956,0.1367
Java,Java handle invalid request Mapping urls including decodingsin my api Controller,0.1625,0.1367
Java,How to formulate a binary differentiation problem recursively?,0.151,0.1367
Java,Is there a way with a vaadin 8 custom layout to modify the element class attribute on a parent element?,0.1495,0.1367
Java,"map(From)' in 'Mapper' clashes with 'map(Object)' in 'Cursor To Message Imp l'; both methods have same erasure, yet neither overrides the other",0.1974,0.1367
Java,Anychart Android Java export chart as SVG or PNG in specific local folder,0.1236,0.1367
Java,Java Google API authentication - Is there any way to omit step where app asks for visiting the URL,0.1467,0.1367
Java,Mocking an interface with nested static class I have an interface and its implementation which I can't change.,0.1671,0.1367
Java,back button goes to confirm form resubmission,0.1092,0.1367
Java,Fabric API getting the color of a grass block,0.0804,0.1367
Java,What are switch expressions and how are they different from switch statements?,0.1435,0.1367
Java,Is there a function to count iterations of for each loops in Java?,0.1043,0.1367
Java,JFugue - Pattern Output of MIDI file clarification,0.1227,0.1367
Java,"Why my fore Ground service stop if i press button ""Clear all"" my permission in manifest",0.1336,0.1367
Java,Java REST api authorization issue,0.1009,0.1367
Java,"Android Studio, define a JAVA_HOME variable I saw a video on Youtube for enhancing the performance of Android Studio.",0.1795,0.1367
Java,Accessing weights and raw activations of all layers in deeplearning4j My goal is to visualize a model classifying an image.,0.1873,0.1367
Java,Text View height changing automatically with different text in android,0.1467,0.1367
Java,How do I serialize a list of objects with Jackson?,0.0838,0.1367
Java,Finalization of object fields I'm having difficulty understanding the implications of sections 12.6.1 and 12.6.2 of the Java SE 8 Language specification.,0.2145,0.1367
Java,Lambda expression with Double Comparator,0.1381,0.1367
Java,PKIX path building failed: Sun Cert Path Builder Exception: unable to find valid certification path to requested,0.1809,0.1367
Java,How i supposed to show list View in fragment class with adapter from another class,0.1312,0.1367
Java,Android: How to solve a bitmap smoothing problem?,0.1014,0.1367
Java,Calling stored procedure using spring data jpa where SP is operating on multiple tables and return a resultset,0.1734,0.1367
Java,Java synchronized on another class object,0.1137,0.1367
Java,Decimal separator in long (Java/Spring),0.097,0.1367
Java,"Cannot use Apache Commons-IO in Kotlin I'm writing a CLI application, using the default template from IntelliJ IDEA.",0.1729,0.1367
Java,Spring Cloud Data Flow using launch task after new file in AWS S3 Bucket source,0.1244,0.1367
Java,Try with resources using a connection pool and single connection,0.1285,0.1367
Java,How can i access spring remote service via non-spring java application,0.1242,0.1367
Java,If condition in repeated count down Hi I am making boxing count down timer.,0.1197,0.1367
Java,@Autowired fields null for beans created in a loop (second bean onwards) I am creating beans by calling the method get Action in a loop.,0.1893,0.1367
Java,"While passing an attribute typed class as a parameter to a method, is it possible to access it without setters?",0.1635,0.1367
Java,How to enable caching in a Spring boot application by using Mongo as database and Redis as cache,0.1452,0.1367
Java,"What is a secure way to implement ""recover password"" feature on a Java desktop app?",0.1289,0.1367
Java,Android: Stopping java main method without closing the activity,0.1369,0.1367
Java,Open telemetry Java auto-instrumentation data to Jaeger,0.1287,0.1367
Java,java.lang.Null Pointer Exception when setting text to Label Every time I try to set the text to the label 'lblTaskName',0.1709,0.1367
Java,Can we invoke service provider URL from Java backend using Rest Ful API in SAML 2.0?,0.1237,0.1367
Java,Properties file not getting read by Spring I've spent hours on this.,0.1093,0.1367
Java,Files come with .icould extension in Android studio I've been working on a project on Android Studio for long time.,0.1671,0.1367
Java,How to set the Timezone for i Calendar in Java?,0.0748,0.1367
Java,Disabling high dpi settings for java swing when building an exe,0.1145,0.1367
Java,Connectivity issue with Postgre sql using JDBC I have a legacy Java based web application which used Oracle 7.,0.1671,0.1367
Java,How to get Date Time Picker value and could throw true if its value will be empty in java,0.1273,0.1367
Java,Get RAW-Response from Rest Template,0.0864,0.1367
Java,Is Concurrent Hash Map's forEach method thread-safe?,0.1008,0.1367
Java,How to play music on Android while activities are on fore ground,0.1083,0.1367
Java,Error to send a file to AWS S3 from Java/Spring,0.0693,0.1367
Java,How to create maps intent in such a way that if maps app is not installed on user's device than it should open the maps in a browser?,0.1794,0.1367
Java,How to mock AWSIot Data.update Thing Shadow(updatething Shadow Request),0.135,0.1367
Java,Is there java function that split string this way?,0.0943,0.1367
Java,How to filter multiple data within a single API path?,0.0929,0.1367
Java,How to fix static/non-static conflict between .this and .set On Item Click Listener?,0.1312,0.1367
Java,Java Swing: Syntax Highlighting in J Text Pane,0.0934,0.1367
Java,Error inflating class androidx.appcompat.widget.Toolbar android,0.1575,0.1367
Java,Why do arrays in Java need to have a pre-defined length when Objects don't?,0.109,0.1367
Java,What is a StringIndexOutOfBoundsException? How can I fix it?,0.1246,0.1367
Java,Java opening file form actual user home with ~/Is there a way in java to open file form actual user home using ~/ operator?,0.1708,0.1367
Java,Does singleton bean shares data with all the users in Spring?,0.1068,0.1367
Java,Getting Cannot load null bitmap when loading images from gallery,0.1285,0.1367
Java,Is there a way to set mobs to target a player no matter if they are passive or aggressive?,0.1281,0.1367
Java,Smartcard readers not detected by Java in redhat 8.3 environment,0.1173,0.1367
Java,Can we map char[] to VARCHAR in Hibernate entity?,0.0859,0.1367
Java,not able to launch the app on android studio is it showing java.lang.Null Pointer Exception : app is not launching.,0.166,0.1367
Java,how can I select date from text in java?,0.0614,0.1367
Java,Python: turn java for loop to python how to do flowing for in python : I am interested to do the code below which is in java for python.,0.1831,0.1367
Java,How do I access a field from a class that is created using @Json Sub Types?,0.1075,0.1367
Java,Shuffling Obser vable List fires incorrect change notification Method FXCollections.shuffle() fires only wasRemoved change notification.,0.2387,0.1367
Java,Log into one page then grab that login and automatically log into other pages without having to type user/pass again,0.1711,0.1367
Java,Why is Maven generating method with 5 parameters instead of one from wsdl?,0.1244,0.1367
Java,"intellj IDEA doesnt build jar properly I followed this ""tutorial"" to build a jar from a project in intellj.",0.1588,0.1367
Java,Herms Weblogic 12c discover option throwing java.lang.ClassNotFoundException: weblogic.management.Web Logic Object Name error,0.2177,0.1367
Java,Is there any best practice on java Super.call?,0.0811,0.1367
Java,Mocking Save Method using JUnit/Mockito,0.1046,0.1367
Java,"Eclipse OpenJ9, -XX:+CompactStrings and Trademark symbol in Path name",0.1368,0.1367
Java,Can't make button visible in Java Swing,0.0711,0.1367
Java,How to set up SOAPMessage boundary?,0.0826,0.1367
Java,Recycler View only shown on minimized,0.0955,0.1367
Java,How to create java.lang.reflect.Method using method stored in String,0.1189,0.1367
Java,How to use name pattern in Basic Thread Factory?,0.0877,0.1367
Java,Bindings not updating properly Yet another binding issue from me.,0.1293,0.1367
Java,When using Time Limiter along with Circuit,0.0972,0.1367
Java,Why is my application not updating when I rerun it?,0.0869,0.1367
Java,How to update JSONArray with new values?,0.0859,0.1367
Java,"Ksoap2 Library to android studio Error message, how to fix?",0.1088,0.1367
Java,Setting JAVA_HOME in .bash_profile not returning correct path I'm on a MacOS Catalina 10.15.1.,0.1433,0.1367
Java,Duplicate field error while converting a class to generic in Java,0.1201,0.1367
Java,On-the-fly comparator that works correctly with Concurrent Skip List Set,0.1295,0.1367
Java,How to prevent bottom navigation from hiding when scrolling a Coordinator Layout,0.1507,0.1367
Java,"How to fix ""specify a valid range of job id's for Work",0.0743,0.1367
Java,Parse database not logging in users,0.0864,0.1367
Java,Lag when displaying many images in JavaFX Grid Pane,0.1001,0.1367
Java,How to recall the attributes of the specific agents that are stored in a collection in Anylogic 8.7?,0.1476,0.1367
Java,Java delete lines in a file?,0.0508,0.1367
Java,Can I get Mock Mvc to generate unique session ids across test runs?,0.1068,0.1367
Java,Log4j2 logs changed to debug and logging in jvm logs instead of app logs We changed the log4j version from 2.8.2 to 2.13.1.,0.1667,0.1367
Java,App freezes when Coroutine Dispatcher is called inside a Coroutine Dispatcher,0.154,0.1367
Java,What is a stable way to perform command line operations with multiple parameters from Java?,0.1501,0.1367
Java,Wildfly query string contains // replacing with single slash (/) where servlet uses send redirect(302 code),0.1758,0.1367
Java,"J Label Text not Showing, J Frame Freezing on Wait",0.0838,0.1367
Java,set JSON serializer to use single-quotes rather than double-quotes to flank values I am using flex json.,0.1554,0.1367
Java,Why is kotlin not creating a Required empty public constructor for the fragment as required by android?,0.1635,0.1367
Java,Java TCP Server is not reading the file content The Java program for TCP Server and TCP Client are below.,0.1533,0.1367
Java,"TreeMap<String,(new TreeMap<String,Integer>()) Treemap With Object",0.1366,0.1367
Java,Android Studio Java - How do I use a random array without repeating?,0.1132,0.1367
Java,"Cannot run program ""cmd"" in Net Beans",0.0706,0.1367
Java,File Net P8 conection with ecrypted password from Java app,0.1104,0.1367
Java,Mismatched Input Exception when usin Object mapper to convert JSON data into Java class,0.1499,0.1367
Java,"Open Api generator for nested resources (sub-resources) (JAVA, JAX-RS)",0.1239,0.1367
Java,OAuth 1.0 keeps on throwing Unauthorised,0.0891,0.1367
Java,Formatting data and inputting to a database in Java,0.1001,0.1367
Java,Having trouble with java animations,0.1115,0.1367
Java,Exception when clicking J Tree (null pointer exception),0.123,0.1367
Java,"IntStream leads to array elements being wrongly set to 0 (JVM Bug, Java 11)",0.1165,0.1367
Java,Changing colour of substring in Thymeleaf table cell not working,0.1285,0.1367
Java,how to place the logs under src/main/resources/ in maven project I have a maven project.,0.1308,0.1367
Java,what to do is it says:- Manifest merger failed with multiple errors,0.1125,0.1367
Java,How to query Dynamo DB with multiple Indexes?,0.0898,0.1367
Java,Clarification on how character encodings work,0.1319,0.1367
Java,Number comma separator for String numbers in Java,0.1071,0.1367
Java,Java Servlet Null attributes,0.1052,0.1367
Java,how to make animation of the last item only in Recyler view,0.0951,0.1367
Java,Send Java array as JavaScript parameter Problem,0.1172,0.1367
Java,null object from Model.addAttribute in Spring MVC Framework,0.1263,0.1367
Java,Do session objects take resources in my application? Won't garbage collector remove them?,0.1514,0.1367
Java,Printing an array in a pattern in java,0.0675,0.1367
Java,Find step to divide sum of two very big ints on equal chunks I have two limits - start and end which are long values.,0.1608,0.1367
Java,My jsp and html page code are not similar,0.0673,0.1367
Java,Intro URL Parser usage on Eclipse I develop an eclipse based application.,0.1303,0.1367
Java,How to detect duplicates in Array List Java,0.0855,0.1367
Java,Getting unwanted characters when reading command output from SSH server using JSch,0.156,0.1367
Java,"How can i make use of two methods, one from Java Servlet and other from js file on Input button",0.1344,0.1367
Java,How to include origin and destination UI window - Google Maps app,0.116,0.1367
Java,How to add opentrace interceptor to rest Template?,0.1078,0.1367
Java,"How to programmatically invoke ""Add all ambiguous imports"" action/quick fix I have a custom action which changes the text of a file.",0.1894,0.1367
Java,How to get the path of a running JAR file? Want to improve this post?,0.0987,0.1367
Java,How to select options from 3 inter linked dropdowns with the same class name and different values using Selenium and Java,0.1803,0.1367
Java,"Group by, sort and sort the group in java",0.0647,0.1367
Java,Android Nearby Connections cannot connect to device.,0.134,0.1367
Java,How to open Instagram and other social media apps from webview in android I've created a simple app with webview.,0.1645,0.1367
Java,Keyboard not showing up when Edit Text is clicked,0.0935,0.1367
Java,How to compare the values with a 2D array elements?,0.0869,0.1367
Java,How can I access a variable that is out of a class' scope?,0.0826,0.1367
Java,Apache Commons: Unsupported Zip Feature Exception (LZMA),0.1435,0.1367
Java,Purpose of JPA native named queries,0.0864,0.1367
Java,Selenium Chrome Webdriver gets 408 time out error The problem is getting an HTTP 408 error every time when we execute the test.,0.1827,0.1367
Java,How to find this check sum using Java,0.0639,0.1367
Java,is it possible to attach the certificate without store in trust store in ssl context,0.1358,0.1367
Java,Java Executing one thread and make others on waiting mode,0.1073,0.1367
Java,Invoke exe file from spring boot application,0.1052,0.1367
Java,Split String from the last iteration,0.091,0.1367
Java,Handling exception using exceptionally on a Comple table Future,0.1395,0.1367
Java,How Process Builder and Runtime.getRuntime().exec(cmd) depends on Bash and Sh command?,0.141,0.1367
Java,java.lang.Class Not Found Exception: org.springframework.web.servlet.view.Internal Resourse View Resolver I am a newbie in spring.,0.1946,0.1367
Java,"Java Audio Streaming isn't Working, keep running into an error",0.1096,0.1367
Java,how to verify certificate attached in rest template or not in spring application,0.1411,0.1367
Java,Error in android studio please resolve Dependent features configured but no package ID was set,0.1585,0.1367
Java,Can a thread lose control after calling a method but before the first instruction of the method?,0.1488,0.1367
Java,Java : check for null in setter using ternary,0.087,0.1367
Java,Should resilience4j failure predicate cater for Errors like Out Of Memory Error?,0.1488,0.1367
Java,How to add additional param in maven dependencies pom.xml file,0.1117,0.1367
Java,Spring Boot - having all auto wired config variables in one class,0.116,0.1367
Java,Spring Boot with AWS Cognito Hosting issues,0.1012,0.1367
Java,Canvas Paint: Draw shadow only on the left and right side,0.0955,0.1367
Java,Why does an empty Java String have hash code zero?,0.0838,0.1367
Java,"Map Struct and Groovy ""object is not an instance of declaring class"" Illegal Argument Exception when accessing property",0.189,0.1367
Java,App Crash Stuck on Splash Screen- Back Button shows error,0.105,0.1367
Java,Application chat Client Server - cant send the second message I'm writing a Client-Server chat application.,0.1691,0.1367
Java,How to stop Audio System while exiting J Frame?,0.0844,0.1367
Java,"How to concatenate this two json array option, from two different API in Android or How to get id, from recycler view without click",0.1856,0.1367
Java,How can I create a function to determine the current video Url from youtube?,0.1221,0.1367
Java,Running Java in VS Code on Windows 10 Education Edition,0.1013,0.1367
Java,how spring Web Client can receive stream data from spring web flux server that is using http/1.1,0.141,0.1367
Java,How to retrieve ids of all elements matching criteria from Elasticsearch using Elasticsearch Repository?,0.1887,0.1367
Java,Not allowed to manipulate Tree Set in for-loop I have a TreeSet that contains integers.,0.1351,0.1367
Java,Where to put another method in Swing UI thread I'm making a 2-player Tic-Tac-Toe game in Java using Swing.,0.1462,0.1367
Java,"Mapping POJO into Map<String,Comparable>",0.1053,0.1367
Java,mybatis spring framework Database call using stuck at java.net.SocketInputStream.socketRead0(Native Method),0.1958,0.1367
Java,How to position Java swing components when there is a J Scroll Pane,0.1086,0.1367
Java,Archaius logs a warning on no spring.application.name found,0.1134,0.1367
Java,Mapping entity to dto with business logic I'm mapping entities to DTOs in controllers layer.,0.1459,0.1367
Java,Spring Cloud Function - Form Data/Multipart File?,0.1154,0.1367
Java,How to intercept raw sql with spring Jdbc Template,0.0968,0.1367
Java,Why use a blank @Document for MongoDB domain objects?,0.1016,0.1367
Java,"How to print map with list as value, which grows as every list element will have their own values and furthermore?",0.1652,0.1367
Java,Getting individual values from an Array List<Integer> I'm trying to get the individual values from an Array List but I haven't had any luck.,0.1929,0.1367
Java,"Why the ""PKIX path building failed"" happens if the spring-boot application added root and intermediate certs as trusted certs?",0.1907,0.1367
Java,Find prime numbers using Array list I want to find prime numbers given range using Array List.,0.1446,0.1367
Java,Pass user input from one class to another in java?,0.0838,0.1367
Java,"How to configure surefire plugin, so it could run non-public test classes?",0.1226,0.1367
Java,Java NIO Selector dosen't wake Up Got some questions about java non nonblocking socket.,0.1411,0.1367
Java,htm page is not returned while using JavaScript and Spring I have a Spring Controller with Post method below.,0.1651,0.1367
Java,android cannot make a static reference to the non-static field,0.1117,0.1367
Java,spring boot exception controller example,0.1381,0.1367
Java,Exception (stacktrace) not available in spring boot unit test,0.1278,0.1367
Java,Selenium will not find element by xpath I am using selenium webdriver to automate a process to update call records in a CRM.,0.1775,0.1367
Java,Serializing enum with name() and value,0.0924,0.1367
Java,Are J Component objects serialized / deserialized by the JVM during runtime?,0.145,0.1367
Java,Java pattern \p{InBasicLatin} allows characters other than ASCII like from Korean and Tamil,0.1561,0.1367
Java,View added items on reopening the app?,0.0779,0.1367
Java,How to convert ppt/pptx to json in java,0.0607,0.1367
Java,is 'ClassName.class' in Java same as '[ClassName::class]' in Kotlin?,0.112,0.1367
Java,"Java, change somehow -[[Ljava.lang.String;@1786f9d5] to a regular String in function?",0.1414,0.1367
Java,How to use a toggle to Start/Stop recording on Sensor Changed data to SQLite?,0.1184,0.1367
Java,WELD - exclude application scoped bean from scanning / beans.xml,0.1326,0.1367
Java,How to collapse duplicates in search results We use Hibernate Search 6 CR2 with Elasticsearch and Spring Boot 2.4.0.,0.17,0.1367
Java,Html C:Foreach trying to create table with number of ages I am trying to create a table of users ages if they have a positive test result.,0.1887,0.1367
Java,how to get feign client name and url both dynamically in spring boot Java,0.1166,0.1367
Java,Remove all items from list of strings that exist in 2nd list of strings,0.1118,0.1367
Java,Android stop playing ringtone when connected to channel (AGORA SDK),0.1331,0.1367
Java,How to run a Java Gradle project from VSCodium with the Redhat plugin?,0.1144,0.1367
Java,Spring boot how to set value of raise click?,0.0746,0.1367
Java,How to represent a number that longer than long and print it,0.0977,0.1367
Java,docker compose with services and mongo databases throws error opening socket,0.1512,0.1367
Java,How do I randomly pick elements from an Array that satisfy a condition?,0.1169,0.1367
Java,Unable to retrieve database objects using Room Database in Androidguys.,0.1475,0.1367
Java,How can I create a transparent panel for shadows in sceneform?,0.1096,0.1367
Java,NoSuchMethodError: com.google.common.collect.MapMaker.make Computing Map Atmosphere is throwing this error,0.1934,0.1367
Java,Make a 2D array of Objects in Java,0.0531,0.1367
Java,Azure Access Token - Invalid Signature in Jwt.ioIt has been a nightmare.,0.1238,0.1367
Java,Java Singleton bean method with @PreDestroy annotation doesn't finish execution,0.1576,0.1367
Java,Problem when adding to an Array List its remplace all the previous data,0.1186,0.1367
Java,How to calculate any power of a base 2 number in Java by not using Big Integer?,0.1133,0.1367
Java,how to combine code for media in android studio I created a ringt one app.,0.1116,0.1367
Java,Most secure way of storing credentials in a desktop software,0.1164,0.1367
Java,generating pact contract: how to create PactDsl Json Body that matches anything,0.1462,0.1367
Java,Spring Data Elasticsearch 4 - Override Object Mapper?,0.1315,0.1367
Java,How to loop back to the beginning of a table,0.068,0.1367
Java,How to send post request in java with a JSON body I am confused as to how to send a post request in Java with JSON parameters.,0.1715,0.1367
Java,How to specify output to an xml file using saxon with xslt? How can I get the output as xml?,0.1276,0.1367
Java,"com.atlassian.jira.rest.client.api.RestClientException: org.codehaus.jettison.json.JSONException: JSONObject[""self""] not found",0.2141,0.1367
Java,Same query provides different results in SQL Server client and JDBC client,0.1348,0.1367
Java,Azure AD Single sign on with Open SAML2 APIWe are using Open SAML2 API in our Service Provider.,0.1419,0.1367
Java,How to re-order fragment in backstack to front instead of adding or replacing with same instance of that fragment,0.1695,0.1367
Java,Set timeout on Vertx Execute Blocking,0.0955,0.1367
Java,how can I find which day is it by entering a number between 1 and 7 using only one if statement?,0.1333,0.1367
Java,Conflicting answers on converting int to byte array of length 2 in java,0.1186,0.1367
Java,Cannot be cast to Model in Recycler View adater in on Bind View Holder,0.1095,0.1367
Java,Spring boot JPA function with In and Contains,0.0927,0.1367
Java,Java Http URL Connection Digest Authentication getting 401,0.1395,0.1367
Java,Spring Request processing failed; nested exception is java,0.1366,0.1367
Java,Want to run mysql from Docker and connect with spring boot,0.1004,0.1367
Java,Azure DevOps Java Tool Installer - Can't get jdk Destination Directory Right,0.1363,0.1367
Java,no goals specified exception when installing maven,0.1292,0.1367
Java,Lombok not working with IntelliJ 2020.3 Community Edition,0.1198,0.1367
Java,javaFx and version netbeans and java 8 i have netbeans 8 and openjdk8 installed in my machine.,0.1446,0.1367
Java,Why does adding an element in an IF block work while iterating over Hash Map?,0.1184,0.1367
Java,"Is Java ""pass-by-reference"" or ""pass-by-value""?",0.0743,0.1367
Java,Tomcat V Marguments refer application properties file path,0.1395,0.1367
Java,Any way to Externalize microprofile-config.properties file in Helidon MP,0.1399,0.1367
Java,<simplejavamail> Mailer.sendMail(email); never returns after successfully both sending emails and receiving them,0.2028,0.1367
Java,Joining a semi-related entity in JPQLOk,0.0851,0.1367
Java,How to use has Next Int in Java to check if the entered value is integer or not?,0.1117,0.1367
Java,Why can a java nullable returned value be assigned to a Kotlin Non-Nullable variable?,0.1365,0.1367
Java,App Compat Delegate.set Default Night Mode doesn't work on physical device,0.1261,0.1367
Java,Pause video playback when user sends activity to background when intentions button is touched,0.1642,0.1367
Java,Applock login problem. login works strange,0.1144,0.1367
Java,Function that reads elements of a 2D array,0.0819,0.1367
Java,Get all subgraphs in JGraphT How can I get all possible subgraphs of a graph in JGraphT in a List<MyGraph> or Set<MyGraph> collection?,0.1869,0.1367
Java,Failed to execute goal org.apache.maven.plugins:maven-compiler-plugin:3.8.1:compile,0.1335,0.1367
Java,Get Access Token as a Response through Web Portal (OAuth2),0.1058,0.1367
Java,display image in a splash screenI am a novice android developer.,0.1152,0.1367
Java,javaFX: MediaPlayer's seek method hangs the player without error message oder Status change,0.1578,0.1367
Java,"Default constructor is deprecated, I can't find the fragment problem in Adroid Studio",0.1435,0.1367
Java,Why does the button say as an invalid button type?,0.0838,0.1367
Java,Logging separately from Spring app into Elastic stack,0.1215,0.1367
Java,web View.get Hit Test Result(); doesnt return image in facebook and instagram,0.1284,0.1367
Java,Reverse Engineering - What's Kind of Algorithm In This Code? Someone can help me to discover what type of algorithm is this?,0.1777,0.1367
Java,Micronaut JSON serialization - use getters instead of fields,0.141,0.1367
Java,Regex for dividing mathematical function,0.1381,0.1367
Java,Deserializing JSON to Java using GSON results in empty fieldsI use Gson to parse my JSON response from an API.,0.1627,0.1367
Java,"what does the {0} in this line, double [] array = new double[] {0} , do in java?",0.1039,0.1367
Java,How to select the jtable row using EclipseI am beginner of Eclipse.,0.1144,0.1367
Java,How does the value of an object get passed from a Receiver to MainActivity(or the calling class)?,0.1447,0.1367
Java,ZeroMQ(JeroMQ) receive calls cause java gc cycles I am evaluating ZeroMQ as a candidate for a low latency project.,0.1691,0.1367
Java,Oracle database change notification is not working as expected while using QRCN I am running a java application.,0.1762,0.1367
Java,Quarkus Panache OneToMany relation is not persisted in database I'm currently tinkering with a simple HTTP resource.,0.1842,0.1367
Java,How to pass variable inside method of MongoDB,0.0927,0.1367
Java,"Get this ""RSA/ECB/OAEP With SHA-256 And MGF1 Padding"" combination for ruby",0.1157,0.1367
Java,javax.servlet.Servlet Exception: Could not resolve view with name 'login' in servlet with name 'dispatcher',0.1728,0.1367
Java,Remove row in csv format containing cell 'NULL' in Java,0.0967,0.1367
Java,Printing additional output from jmh benchmarks,0.1364,0.1367
Java,How to send a value from Text View to Recycler View in another Activity,0.1118,0.1367
Java,JMS transaction model with send and receive operations in Spring,0.1285,0.1367
Java,Why am I getting a unreported exception java.net.Mal formed URL Exception when I'm throwing it already?,0.1534,0.1367
Java,Exception parsing string to Date,0.0956,0.1367
Java,Maven doesn't see Spring dependencies I have a problem with Maven refusing to recognize any Spring dependencies.,0.1762,0.1367
Java,Connection with sockets between Java and C,0.0972,0.1367
Java,How to calculate checksum of XML header and body using sha-256 in java,0.1095,0.1367
Java,Hibernate throws Not Writable Property Exception when saving entity,0.1526,0.1367
Java,"How to replace deprecated STRUCT(StructDescriptor type, Connection conn, Map attrList)?",0.1739,0.1367
Java,Remove white spaces from the Java string,0.0891,0.1367
Java,"Table line characters are replacing with ""?"" after mvn package",0.126,0.1367
Java,"Try to find a substring of a timestamp I currently have a small issue that I'm trying to resolve, if possible, without affecting too much of the codebase.",0.2101,0.1367
Java,Java Pattern single line mode I am trying to read a multiline console input from a user with a custom end of line char sequence.,0.1788,0.1367
Java,Java nested loop. Trying to reiterate the inside loop,0.1041,0.1367
Java,How do I return the second instance of a substring in Java?,0.0932,0.1367
Java,How Dynamic insert jsp body to tiles 1.1 I use struts 1 and tiles 1.1 in project.,0.1105,0.1367
Java,How to pass multi dimensional array as a parameter to function in java,0.1161,0.1367
Java,cannot be cast to androidx.appcompat.widget.Toolbar,0.1143,0.1367
Java,JVM Tuning on Container (Java 8),0.0652,0.1367
Java,Spring Boot war file deployment on Tomcat 10 [duplicate],0.1114,0.1367
Java,"When the @Async method that does not receive the return value throws an exception, the exception information that appears cannot be captured",0.2083,0.1367
Java,How to decouple a Java application from the console during runtime,0.123,0.1367
Java,Map Struct: How to convert a POJO into multiple entities according to a array fieldPOJO,0.1411,0.1367
Java,returning a string from the string array lengths equal to the input integer,0.1286,0.1367
Java,g.set Color(Color.black); not working doesn't display error,0.0991,0.1367
Java,Project 'org.springframework.boot:spring-boot-starter-parent:2.4.0' not found,0.1301,0.1367
Java,Adding spot color (PDColor) (PDSeparation) to PDF 0 SCN,0.1031,0.1367
Java,"Change selected icon color of bottom navigation color, based on App theme (Android)",0.1434,0.1367
Java,method to play music within javafx project does not cause music to play,0.1186,0.1367
Java,Packaging is missing in the Project Properties in Netbeans I wanted to build a jar from a project I just finished.,0.1663,0.1367
Java,Find Bugs - Boxed value is unboxed and then immediately reboxed,0.1209,0.1367
Java,How to generate unique channel name for every user in agora.io Java?,0.1093,0.1367
Java,"Which java package or module does the control flow statements(for, while, do while) belong to?",0.146,0.1367
Java,Why does ahadot+asarot in the print line add up while ahadot1 and asarot1 don't?,0.1198,0.1367
Java,Converting xml to json does not print xml in same form,0.0891,0.1367
Java,Can't start local stack on Gitlab runner with Local stack Test Runner,0.1136,0.1367
Java,java modules: provides. uses don't work in webapp I'm working on a project based on Java modules.,0.1393,0.1367
Java,I want to save an object with dynamic attributes as byte[] or raw data in Sqlite and load it as an Object from Sqlite,0.1618,0.1367
Java,The method when(int) is undefined for the type Cart,0.0869,0.1367
Java,Spring - Http Message Not Readable Exception: JSON parse error: The input was too large.,0.1441,0.1367
Java,Performing Full Text Search on Results of JPA Query Using Hibernate Search,0.1348,0.1367
Java,Printing linkedlist class with one node fails,0.1092,0.1367
Java,IntStream irregular behavious dropping first element,0.1637,0.1367
Java,How to create a user by API or Programmatically in jbpm rhpam BPMN kie-server,0.1199,0.1367
Java,Call logic after /patch/request in Spring Data REST,0.0975,0.1367
Java,"Exception in thread ""main"" java.lang.NullPointerException at com.collinskandie.Main.main(Main.java:27) [duplicate]",0.188,0.1367
Java,Android Studio Java Wifi Proxy Ok Http Client return error during request.,0.1329,0.1367
Java,How to use Sql server 'FREETEXT' in Spring Data JPA @Query using JPQL?,0.1091,0.1367
Java,Java sound sampler does not finish getting buffer,0.1071,0.1367
Java,How to get the role from the current user?,0.068,0.1367
Java,Set the Data Types for Dynamic Report,0.0771,0.1367
Java,Cannot access java application outside compute engine but its running on localhost I have a dropwizard application.,0.1885,0.1367
Java,DeadLock/Startvation (wait and notify-All) I was implementing 1 - Persistent in CSMA/CD using Java.,0.1554,0.1367
Java,Using Glide to add image to toolbar I'm creating an app where the user can pick a profile image from a selection of avatars.,0.1722,0.1367
Java,Set Input image file type value from URL or Local storage programmatically I am trying to autofill form on Depop in Android Webview.,0.1914,0.1367
Java,Wildfly - Can't get Max Connections greater than 256,0.0983,0.1367
Java,Cannot resolve file 'home' Inspection info: Highlights unresolved file references in XML,0.1662,0.1367
Java,Incorect Java bytecode when using Groovy trait from imported java library using Gradle (Annotation enum params are missing),0.1971,0.1367
Java,Hibernate Update Index or Constraint after DB has been created,0.1225,0.1367
Java,Query generated by Hibernate is incorrect for JSON type,0.1132,0.1367
Java,How to avoid 'Private field is never assigned' which is caused by using My Batis and Immutable POJO?,0.1495,0.1367
Java,How to assign primitive type value to a method args using Java reflection?,0.1244,0.1367
Java,Avoid @Auto wired fields are nullI am migrating project to Spring Boot and I have Subscription,0.1503,0.1367
Java,Java 'while loop' variable declared in parameter list,0.1158,0.1367
Java,How can I print these two string objects horizontally,0.1066,0.1367
Java,Elastic Beans talk issue reading resource path - Not Found The error,0.1245,0.1367
Java,Set Path Gateway Filter not working when using in conjunction with custom Gateway Filter,0.1523,0.1367
Java,Will having a lot of classes to process each command separately lag my pc?,0.1173,0.1367
Java,parsing a london stock exchange page using jsoup,0.1035,0.1367
Java,Why is javac compiling this code with bounded type generics on the return type of a method? Is it an invalid type inference?,0.1765,0.1367
Java,Vaadin 8 - The Designer editor failed to load system browser,0.1119,0.1367
Java,"Itext converting PDF to PDF-A-1A, Vera PDF validation Am using Itext 5.5.13.1 version and am trying to convert PDF to PDF-A-1A.",0.1707,0.1367
Java,How do I deserialize a JSON representation containing array of objects using jackson?,0.1519,0.1367
Java,Groovy traits doesn't have generated default getters and setters as documented,0.1454,0.1367
Java,Getting Class Not Found Exception for javax.persistence.Persistence even thought I have added all the maven dependencies,0.1936,0.1367
Java,Process unexpectedly exit when running android application on my phone from Android Studio,0.1662,0.1367
Java,How to get the size of an index in an array list?,0.0667,0.1367
Java,re arrage an array so even values come before odds using recursion in java,0.119,0.1367
Java,How to implement Login Activity in Android?,0.0979,0.1367
Java,One string contains another without one character containing,0.1467,0.1367
Java,Read scanner input java Having problem to read input with the scanner function.,0.1369,0.1367
Java,How do I save instance of List<Fragments> I have a Array List of Fragments :  ArrayList<Fragment> array List,0.1584,0.1367
Java,Your are given the root nodes of two binary search trees.,0.0955,0.1367
Java,Setting Trust Store location in Windows NetBeans Platform Application,0.1592,0.1367
Java,Is there a way to handle the sent of thousand messages in Rabbitmq without losting any message,0.146,0.1367
Java,Unique index or primary key violation error despite data being inserted,0.1371,0.1367
Java,Is there a better way of comparing dates,0.0747,0.1367
Java,Can't build a relationship Many-To-Many There are two entities: Inventory List and Parameter.,0.1467,0.1367
Java,Method references in Java Sorry this is a training question.,0.1141,0.1367
Java,How can Spring have problems with args setting for a bean that has no args?,0.1138,0.1367
Java,Text View lost after onPause() I'm learning how to add elements to Layout Param.,0.1221,0.1367
Java,Invocation Target Exception when writing an Object to Firebase Database after removing Item from Array List-Member,0.1878,0.1367
Java,How to configure a file upload Java RestAPI in Spring Boot with Sharepoint?,0.1269,0.1367
Java,Delaying messages from queue rabbitmq spring I have a problem with delaying messages when sending them to rabbitmq consumer.,0.1943,0.1367
Java,Spring Boot REST App. You can't link bean with service in MVC controller,0.1126,0.1367
Java,Native library working incorrectly on some JVMs I'm trying to use a native library in java using JNA.,0.1495,0.1367
Java,Migration of persisted spring state machine,0.1228,0.1367
Java,REST API Creation of Multiple Resources,0.1046,0.1367
Java,"Search View not updating items, only text I'm using Search View to filter music items.",0.1315,0.1367
Java,Push Notifications are not showing on android I'm implementing push notifications on my application.,0.1706,0.1367
Java,Seperate one array into two arrays based on the class's values.,0.1038,0.1367
Java,How to implement add Registry(Registry registry) method in apache camel 3.4.0?,0.1252,0.1367
Java,Random Http Host Connect Exception connection refused,0.1412,0.1367
Java,Is there a mongodb query to merge fields in a specific mongodb document,0.1186,0.1367
Java,How could we locate lambda position at the source file by there `getClass().getName()`?,0.1385,0.1367
Java,Right pattern to use to parse 2020-02-29T18:21:13.2627230Z using Simple DateFormat Class,0.1387,0.1367
Java,logging hibernate events in a separate file than stdout console appender,0.1399,0.1367
Java,Duplicate check via Unique constraint in DB not working,0.1132,0.1367
Java,How to convert a Mongo Object to an Array,0.0673,0.1367
Java,Java Client-Server: Stream audio files in real time I am making a client-server based music applicationn like spotify.,0.1767,0.1367
Java,java f xml print a Text flow I am building a billing application.,0.1018,0.1367
Java,Implementing Spring Data Repositories Interface throws an Exception,0.1719,0.1367
Java,Using info from two arrays to calculate contents of third array,0.1145,0.1367
Java,Uploaded images not showing up on web page,0.0819,0.1367
Java,"Hibernate - Rollback list of entities if one entity fails i am just working on a project to create, change user in my mysql database.",0.1871,0.1367
Java,opencv3.3.1 with jdk 1.8 FaceDetect error,0.0673,0.1367
Java,"Why auto wired Environment bean is null if I register AmazonS3 bean with name ""amazonS3""?",0.1426,0.1367
Java,Installing Dialog OS won't work because of error code 20 this morning I tried installing Dialog OS an it always shows this error.,0.1831,0.1367
Java,How do I create a mysql dump file in kubernetes pod with java,0.0936,0.1367
Java,Java Runtime Issue: Array Index Out Of Bounds Exception: Index 130 out of bounds for length 130,0.1454,0.1367
Java,CKJM analysis tool using Apache BCEL can't find .class file I am analyzing a java project using CKJM tool which looks into compile (.class) files.,0.2023,0.1367
Java,Search for words with telephone numbers from 2-3-4 tree I have a dictionary of words put in an 2-3-4 tree.,0.144,0.1367
Java,How to implement a filtered Set<Object> collection as a method in my main programm,0.1297,0.1367
Java,Save downloaded video from url to storage not working on real devices (Path not supported),0.1463,0.1367
Java,I am not able to use get Download Uri() at line no 181.,0.0733,0.1367
Java,Why is my random number generator becoming an unused assignment when using it to input values for 2d array?,0.1612,0.1367
Java,Retrieve an existing VPC from Java program (AWS CDK),0.0983,0.1367
Java,"Optimized solution for traversing list of objects (groups) and each object has list of objects, and I need to apply inheritance",0.188,0.1367
Java,Listing all shared drives from Google drive,0.1012,0.1367
Java,"How to have a list of sockets Java Basically, I want a 'listen' thread to create a vector of sockets that the main thread can access.",0.1821,0.1367
Java,Recycler view adapter with buttons didn't work I want to create recycle view with 2 buttons.,0.1405,0.1367
Java,TCP Server and Client in JavaI tried building a TCP server and client using Java.,0.1274,0.1367
Java,Why Tomcat is using different threads when request url is same and handled with Comple table Future?,0.1572,0.1367
Java,Update same object with collection in multiple sessions?,0.1294,0.1367
Java,Linking Java Appender Configuration to Java Logger class,0.1323,0.1367
Java,java process consumes more memory over time but no memory leak,0.1117,0.1367
Java,Array Value Passing from a Scanner Object instance,0.1107,0.1367
Java,How to calculate remaining days of the month?,0.0898,0.1367
Java,Apple ecies Encryption Cofactor Variable IVX963SHA256AESGCM vs Bouncy Castle ECCDH with SHA256KDF,0.1958,0.1367
Java,Java: .mp3 audio file streaming from server to client gives Unsupported Audio File Exception,0.1585,0.1367
Java,How could I get the code coverage of Hotspot after executing one java command?,0.1269,0.1367
Java,App is crashing when trying to check radio button status,0.1043,0.1367
Java,"JavaFX RunTime Exception I just designed an interface using Scene Builder and f xml When I run the program, it gave me error.",0.1782,0.1367
Java,"React Native, failed for task ':app: compile Debug Java With Javac' I'm trying to run my app in my device but when I run react-native run-android it's showing me this error",0.227,0.1367
Java,cloning an object some of whose properties are objects,0.1099,0.1367
Java,Group calls using WiFiP2P in Android I have created an android application where two devices can connect through a socket and talk with each other.,0.2104,0.1367
Java,mock an interface with Mockito and access the parameters in the mock implementation,0.1486,0.1367
Java,No variants found for 'app'. Check build files to ensure at least one variant exists: Android Studio,0.1532,0.1367
Java,"count number of level in Binary Tree I'm trying to count number of node in specific level using recursive ""Java"".",0.1623,0.1367
Java,"How to select check box in selenium java, if we have two preceding check boxes",0.1206,0.1367
Java,Feature files discovery in cucumber-junit-platform-engine,0.1359,0.1367
Java,How to change j Button text from j Text Field text?,0.0786,0.1367
Java,Trying to understand the logic of touch handling in Android I've got a basic understanding of Java but I admit interfaces still confuse me a little bit.,0.2106,0.1367
Java,How to implement the Accumulator interface Task: Create class Integer,0.1414,0.1367
Java,How to add button on view page 2 layout?,0.0614,0.1367
Java,broadcast receiver stop working when app is closed I want to send notification every day at 16 : 21 every morning.,0.168,0.1367
Java,Cannot clear an Array Adapter I have a filter panel and I get a data from it and from my Firebase Realtime Database using a callback.,0.1847,0.1367
Java,Account for Basic Authentication info with spring-cloud-gate way,0.1285,0.1367
Java,"Java Http Request Hebrew encoding I'm doing an HTTP request to Facebook's graph API, and the response is in JSON.",0.1601,0.1367
Java,Ambiguous constructors found error when there more than one constructor when using Map Struct I'm new to mapstruct.,0.1768,0.1367
Java,SSL Handshake Exception while parse data from url in a loop Good evening together.,0.1364,0.1367
Java,Spring Boot Application not starting from J Unit Suite class,0.1164,0.1367
Java,Test for the efficiency of a minimum spanning tree algorithm experimentally?,0.1491,0.1367
Java,Elastic search what is preferred way to move java SDK queries to rest API,0.1166,0.1367
Java,Getting data From a java DB with SQL Using Result Set,0.0863,0.1367
Java,Send Parameters weird behavior in jSS7,0.1001,0.1367
Java,Centering J Buttons in a JFrame - Java I want to manually center multiple J Button in a J Pane l but my pixe l count does not add up.,0.1778,0.1367
Java,Trying to get this loop to end after 20 lines,0.071,0.1367
Java,"@PrePersist is triggered, @PostLoad is not i'm trying to use JPA Entity",0.1133,0.1367
Java,some devices give error mistake (invalid double value),0.1194,0.1367
Java,broad leaf commerce 404 on index page,0.0771,0.1367
Java,"Datagram Socket, how to clear the input and output buffers?",0.1088,0.1367
Java,Java runnable object expected but passed in a method,0.1034,0.1367
Java,Runtime Exception .<init> in Basic Java Application web with JSP and Glass fish,0.1334,0.1367
Java,"Netty: Best way to create stateful, synchronous outbound pipeline?",0.1417,0.1367
Java,How can I get java to tell me the correct amount of lines and words in a file?,0.1076,0.1367
Java,"Tinylog: Combination of logger, tagged logger and slf4j behaves strange",0.1452,0.1367
Java,How do I return a serialized response for field data not stored in ES,0.1071,0.1367
Java,JavaFX default onAction effect Can someone tell me how can i disable the default effect that occurs when clicking a button?,0.1828,0.1367
Java,Java regex matches to array list,0.0728,0.1367
Java,Method reference to property setter How could I get method reference to property setter without using kotlin-reflect?,0.1863,0.1367
Java,Aggregate objects into collections in Java using streams,0.1323,0.1367
Java,How i can force JSON dates to not accept integer in java,0.0871,0.1367
Java,Java Sequence Generation without repetition I have a specific requirement to generate a unique sequence number for the day.,0.1924,0.1367
Java,Implicit polymorphism vs Explicit polymorphism in Hibernate,0.1653,0.1367
Java,& escaping as &amp; when hitting Java end point,0.0885,0.1367
Java,Not able to view data in JSP file I am trying to fetch records from my database using Jpa repository and show it in a jsp file.,0.1731,0.1367
Java,Call Java Class in Thymeleaf How do you reference a Java class using Thymeleaf?,0.1292,0.1367
Java,java.lang.Verify Error: Exception on Java Time Module class of faster xml,0.1219,0.1367
Java,Get response Body from Http Servlet Response Java,0.1071,0.1367
Java,Order of elements in a List when serialized over the wire,0.0976,0.1367
Java,Regular expression to match optional patterns,0.1319,0.1367
Java,Load many-to-many relationship and map to entity,0.0902,0.1367
Java,how does multithreading work in spring boot with tomcat if we use @Enable Async and configure bean named task Executor?,0.1786,0.1367
Java,Is there a good way to make Piano Graphics in Java?,0.0786,0.1367
Java,How disable Gson deserilization from Number to String,0.1215,0.1367
Java,Ajax call does not receive response of previous session hit I am requesting an ajax call and a java method runs in loop.,0.1705,0.1367
Java,No type attribute provided for component property in log4j2 with Spring Boot,0.1401,0.1367
Java,"When using bean Map to convert the nested Map into an entity class, it is only superficially successful",0.158,0.1367
Java,How do i split a string every five characters using loops?,0.0983,0.1367
Java,for Each loop in java8 or streams,0.0611,0.1367
Java,How do I convert java cron expressions into a 'number of times per day' value?,0.1176,0.1367
Java,How to generate documentation if @Json Property is specified in get/set I added Spring fox 2.9.2 to my project.,0.1566,0.1367
Java,How to include and exclude specific values in an array?,0.099,0.1367
Java,React native build failed Execution failed for task ':app:check Debug Duplicate Classes'working with install referrer and payu sdk.,0.2001,0.1367
Java,Talend Open Studio - java.lang.String Index Out Of Bounds Exception: String index out of range: -1 - t Map,0.1521,0.1367
Java,Reference Spinner by Tag I have a Scroll View with few dynamically created Spinners.,0.1411,0.1367
Java,How to merge two alike items within the Array List?,0.0869,0.1367
Java,gradle: Can I have a java-platform that serves artifact-dependencies from sub projects?,0.1466,0.1367
Java,jhipster java tests failing - application properties I have generated a jhipster monolithic app.,0.1759,0.1367
Java,Thin drivers - windows authentication?,0.1526,0.1367
Java,How can I automatically confirm a confirm popup on a web page?,0.1011,0.1367
Java,Overridden Sequence HiLoGenerator not updating the oracle sequence,0.1683,0.1367
Java,Unable to run JAR file outside Intellij I was able to run the JAR file inside IntelliJ when I do Shift + f10.,0.152,0.1367
Java,No windows executable is generated when building tiny Media Manager,0.1376,0.1367
Java,Mock Generic class in Java for all possible parametrizations,0.1296,0.1367
Java,Unable to use #strings.sub string to display a portion of the text,0.1043,0.1367
Java,How can I use reflection in the Lambda expression in Java stream?,0.1091,0.1367
Java,Avoid raw type warnings with a factory that returns a generic object implementing a strategy pattern,0.1647,0.1367
Java,Why mocked mvc test fails with exception when service is mocked? I don't understand why this test fails with an exception?,0.1762,0.1367
Java,"Error in libGDx development game, When I try to include A Menu Screeen",0.1144,0.1367
Java,How would I make a new fraction if a fraction cannot be simplified?,0.1068,0.1367
Java,"Confusing, why not able to call out void passenger and there is no any error",0.1161,0.1367
Java,Spring SOAP WebService-Masking elements of XML Request payload in Log,0.1314,0.1367
Java,Type mismatch: inferred type is KClass<GenderStatistics> but Class<TypeVariable(T)!>! was expected,0.1757,0.1367
Java,A JSon Array - Format & Parsing I have the following code for parsing json data in a file with Jackson.,0.1486,0.1367
Java,How can I get data from a PHP My Admin database into java code?,0.0912,0.1367
Java,How can I prevent the user from entering the same letter in Hangman JAVA?,0.115,0.1367
Java,How to change the activity to NOW PLAYING type upon clicking a selected song from a List then playing the song I am trying to create a streaming app.,0.2039,0.1367
Java,Calling a SQL Server Stored Procedure with Spring JPA,0.1066,0.1367
Java,Use an immutable collection in multiple threads with Hibernate The title says it almost all.,0.1524,0.1367
Java,i want to make app that use pexels api and i cant set the api in a request header,0.1117,0.1367
Java,JPA saving foreign key with Null I got a 2 entity classes that the primary key for the entity is part of a composite key for the other.,0.184,0.1367
Java,validation failed: Field reference requires DS >= 1.3,0.1101,0.1367
Java,Pagination in Microservice of Microservices I have two microservices which are returning paginated results(Says page size is 10 for both the microservices).,0.2322,0.1367
Java,Open feign How to use @Headers annotation with different produces and consumes types?,0.1501,0.1367
Java,Find a value of a map with the inverse key,0.0619,0.1367
Java,How to fetch latest files from s3 using start After option in S3 API?,0.1055,0.1367
Java,How to split this X path?,0.0371,0.1367
Java,Handle repetitive argument check that throws an exception,0.1359,0.1367
Java,Would having multiple buttons each having a touch listener affect performance,0.154,0.1367
Java,Get credentials of public FTP server I use FTPClient to automatically downloads files from FTP servers.,0.1698,0.1367
Java,Android resource linking failed error: failed writing to The data is invalid.,0.139,0.1367
Java,Implement doubly linked list,0.1052,0.1367
Java,assigning each value from the list to a two-dimensional array,0.1088,0.1367
Java,How to use spring cloud config server with postgresql and jdbc as backend with multiple profiles?,0.1568,0.1367
Java,How does java store infinite recursive object,0.1092,0.1367
Java,Unable to write to Manifest file in maven build,0.0869,0.1367
Java,Swapping databases while Spring Boot app is running I have Spring Boot application which uses two data sources.,0.1742,0.1367
Java,How to change a boolean variable in Java by adressing a button in html code?,0.1161,0.1367
Java,Add a request ID to all logs jax-rs I have a legacy application in JAX-RS which runs on Weblogic.,0.1351,0.1367
Java,"Cannot convert from Map.Entry<String,Integer> to String",0.1107,0.1367
Java,How to install Jenkins with JDK 15 on windows,0.0804,0.1367
Java,How to make pixel by pixel P Image manipulation faster?,0.099,0.1367
Java,Scanner is skipping next Line() after using next() or next Foo()?,0.1056,0.1367
Java,Add database authentication to Spring Data Rest application,0.1431,0.1367
Java,Java sort array of objects by integer field and if those are identical then sort by another integer value,0.1585,0.1367
Java,MS Project Viewer - AngularIs there a way to display (embedded viewer) one MS Project File (MPP) in my Angular 9 application?,0.18,0.1367
Java,How to add @Qualifier How can I add a qualifier to distinguish between these two beans?,0.1336,0.1367
Java,Issue with java 8 api stream. Need to filter non existent keys,0.1011,0.1367
Java,Add Leading Zero,0.0578,0.1367
Java,How to fetch the user information after successful user login in SAML OKTA,0.1261,0.1367
Java,SQL Grammar Exception: could not prepare statement,0.126,0.1367
Java,"After sorting a list in Java, how could I access the first element?",0.1051,0.1367
Java,How to debug j_security_check problems I am trying to set up an app to use j_security_check to login.,0.154,0.1367
Java,How to model repository interfaces in spring-data-elasticsearch for exclusive save & read access for managing data in an index,0.1918,0.1367
Java,How to using JPQL to join two tables I made employee table and position table.,0.1206,0.1367
Java,How to install React JS into Tomcat Java web application,0.1043,0.1367
Java,First negative integer in every window of size k with auxiliary space O(1) and O(n) time complexity,0.1444,0.1367
Java,JPA doesn't auto- create tables with One To Many and Many To One relationships,0.1206,0.1367
Java,Java Development Kit execution error in terminal,0.1212,0.1367
Java,How to configure Fire fox extension in Selenium?,0.1006,0.1367
Java,"The operator <= is undefined for the argument type int, Distance and more errors",0.1341,0.1367
Java,Module-local public methods I have a module (Jigsaw) named app.,0.1083,0.1367
Java,"recycler view uploads items multiple time on refresh I have implemented a recycler view, where I want to show the groups that have been created in the app.",0.2144,0.1367
Java,How to create copy link address menu on android?,0.0877,0.1367
Java,Spring / Vaadin throws java.io.EOF Exception on upload file (immediatelly),0.1372,0.1367
Java,DB2 external java jar file stored procedure error,0.1071,0.1367
Java,How do I read csv text file so I can compare specific values from csv file with user input?,0.13,0.1367
Java,My method that adds a new node to the end of a linked list keeps throwing Null Pointer Exceptions,0.1429,0.1367
Java,How to call interface field referring generic type?,0.1114,0.1367
Java,How to create throw exception function that its parent function do not throw any error,0.1403,0.1367
Java,Spring controller method is getting called multiple times,0.1359,0.1367
Java,How to change an object's fields from an activity it was not initialized in,0.1154,0.1367
Java,How add a human signature to a PDF which is captured from a signature-pad and set it to the PDF using Java & i TEXT 7?,0.1586,0.1367
Java,Convert binary to decimal / hexadecimal / octal (java),0.1257,0.1367
Java,Java insert text line above specifice text in string from file with string indentation,0.1475,0.1367
Java,How to import json array into java program using JSON.,0.096,0.1367
Java,Java: problem when bitmap.setPixel() replaced by bitmap.set Pixels(),0.1292,0.1367
Java,How To Log When Invalid Bearer Token Is Sent To Backend,0.0919,0.1367
Java,mTLS termination in Java based Vertx Framework,0.1132,0.1367
Java,android Bluetooth server is not visible in discovering,0.1251,0.1367
Java,AXE-Core-Maven-Html is throwing Runtime Exception: Error when removing sandbox from iframes in Selenium with Java,0.1782,0.1367
Java,"Collect values from Hash Map into one array using streams api I have a map, containing strings as a key and Array List as values.",0.1795,0.1367
Java,Will Http Session be destoryed when page has been redirected to another WAS?,0.1294,0.1367
Java,How to customize the ioRatio of the Epoll Event Loop in web flux?,0.1018,0.1367
Java,Intellij Gradle Set Source dir as Root Project dir,0.0968,0.1367
Java,need help or additions for tis code of floating windows i hope you are fine.,0.1161,0.1367
Java,How do I use the results from some values in an object class to calculate others and set when created?,0.1476,0.1367
Java,Failed to Link Error in Jboss Wildfly Deloyment,0.0999,0.1367
Java,How do I get my set to stop adding duplicates?,0.0717,0.1367
Java,How can i make a pause until the captcha is done?,0.0729,0.1367
Java,Deploy WAR file on Tomcat of Spring boot and Angular App I created angular and spring boot application and I want to deploy it on tomcat server.,0.2002,0.1367
Java,How to initialize a generic variable I'm having trouble working with generics.,0.1344,0.1367
Java,IntelliJ IDEA Creating a ton of new windows when I try to run my code,0.1017,0.1367
Java,Getting sqlite busy exception [SQLITE_BUSY],0.1449,0.1367
Java,Passing a collection of JNA structures to native method,0.1132,0.1367
Java,Compiling a Gradle Java project with Java 8 but running tests with Java 11,0.119,0.1367
Java,Java: How to sort a list according to another list using streams?,0.1072,0.1367
Java,Getting the Modify Method Name of Java Class when comparing to Head in GIT Is there way to get the modified method name in java class?,0.1863,0.1367
Java,Broadleaf Commerce Embedded Solr cannot run with root user,0.1231,0.1367
Java,Vaadin 14 session-local objects I have a Vaadin 14 application with multiple views (but no UI).,0.144,0.1367
Java,"Firebase not getting new Data, after Android app was idle",0.105,0.1367
Java,Options menu for one cell in java table,0.0711,0.1367
Java,Edit or update array with the element and not index How do you edit an integer in an array by using the element and not the index of the array?,0.1932,0.1367
Java,Why can I only use 1 word in a string through input scanner?,0.0893,0.1367
Java,Point to same element when creating multiple lists,0.1107,0.1367
Java,Trying to submit a JSON body in an HTTP request gives java.io.File Not Found Exception I am trying to test an API on an Android application.,0.1918,0.1367
Java,Stored variable always read as false?,0.0917,0.1367
Java,"seek(0) method in Rand Access File deleting my contentIn this project, I want to place each new number at the beginning of the random access file.",0.2016,0.1367
Java,How would I call a method from a different class?,0.0808,0.1367
Java,Extract List<Object> result from query in Java / Spring Boot I want to get the value of the result in query.,0.1521,0.1367
Java,Can we use @Builder annotation at constructor method?,0.1158,0.1367
Java,Regular Expression: Why do I get no match found I am trying to parse a document that consists of many sections.,0.1597,0.1367
Java,Spring Security forbidden Access i have tried to setup a Multi Securitiy Configuration.,0.1569,0.1367
Java,implement generic class of child classes I created an Athlete class.,0.1265,0.1367
Java,How to fix unresolved imports for Mapbox 9.5.0 in Android X using Java,0.104,0.1367
Java,Find all multiples of 3 & 5 between two limits - Complexity I am trying to find all numbers between 1 and 10000000 (both inclusive).,0.1855,0.1367
Java,How to fill matrix using Stream?,0.069,0.1367
Java,RabbitMq Jackson Spring - Input field Offset Date Time is String on Output rabbitMQ with Java 11.,0.1539,0.1367
Java,How to create a composite primary key between a foriegn key and and a column in JPA without using an Embedded key?,0.163,0.1367
Java,How to prevent dead timed out while scraping data using JSOUP java?,0.1144,0.1367
Java,"Discord bot cannot verify if the user is not existing, throws an index out of bounds error",0.1363,0.1367
Java,Merge two json with dynamic structure,0.0955,0.1367
Java,Quarkus Keycloak Admin client,0.1116,0.1367
Java,Month is auto selected to JANUARY in Calender View while selecting date from timepicker Dialog,0.1585,0.1367
Java,Attempt to invoke virtual method 'void java.io.Output Stream.write(byte[])' when sending data in Android Studio,0.1691,0.1367
Java,"Linux file attributes, last Modified Time, last Access Time, creation Time I have an issue with Linux (Ubuntu) and the files attributes.",0.1971,0.1367
Java,Calculating video duration take too much time From my arraylist,0.1255,0.1367
Java,Efficiently sharing data between processes in different languages,0.1647,0.1367
Java,Intellij : import project as library for another project,0.1266,0.1367
Java,Java instance Of analogue in Javassist I'm working on a plugin for Gradle in android project.,0.1426,0.1367
Java,"How to ignore @PreAuthorize(""isAuthenticated()"") annotation in Unit Test?",0.1546,0.1367
Java,"How to avoid error in default condition in the switch statement in the new way Java How do I avoid an error in switch statement in ""default""?",0.1937,0.1367
Java,How to do center video View zoom?,0.0578,0.1367
Java,How can i use multiple wherelessthan in firebase?,0.1042,0.1367
Java,react router with spring boot rest api,0.0811,0.1367
Java,"Request to remove background restriction for the app (Android) If my app is background restricted, how is it possible to request the user to remove the restriction?",0.2295,0.1367
Java,Send mail with multiple attachment using Graph API,0.1107,0.1367
Java,"Java, x Socket - frames divided into two parts - how read?",0.0967,0.1367
Java,Custom cell button action to Download a file to the 'downloads' folder,0.1204,0.1367
Java,Error:- Cannot index into a null array while installing java,0.1119,0.1367
Java,having some trouble with return in java,0.0851,0.1367
Java,Java Graphics 2D flicker only when using nvidia-* drivers (Ubuntu),0.1255,0.1367
Java,How can I show a variable from another class in a text view in Android studio java?,0.1217,0.1367
Java,LIBGdx - I get gray pixels in a sprite when saving as PNG,0.086,0.1367
Java,How to create a key combination of Map from a list in Java Streams,0.1,0.1367
Java,JAVA_HOME path not pointing to correct path I am using a VPN environment for code.,0.1297,0.1367
Java,Why doesn't the Java CMS Garbage Collector allow the used heap size to grow to the available heap size?,0.1495,0.1367
Java,how to get the records using partition key from a composite primary key in dynamodb,0.1335,0.1367
Java,How to .add to ArrayList<Object>?,0.0659,0.1367
Java,Creating a file in Google Drive (G Suite) from Java with Service Account: 403 Insufficient Permission,0.1626,0.1367
Java,"How not to ""break up"" executing of a method while running",0.0934,0.1367
Java,How do i store the chosen values after user input?,0.0838,0.1367
Java,Spring Security default password is not printing on console,0.1263,0.1367
Java,Does Glass Fish server 5.1 can started with JDK15 I am working with Apache NetBeans IDE 12.0 to create Maven Web Application project template.,0.1993,0.1367
Java,How to update GUI continuously with multithreading,0.1292,0.1367
Java,Is List Literator a Sub class of Iterator,0.0783,0.1367
Java,Local variables in C and Java I know C and Java uses lexical scoping and the scope of a variable is within the block where it was defined.,0.1887,0.1367
Java,Liquibase bidirectional relationships changelog order,0.2071,0.1367
Java,Java error while executing GCP direct runner from eclipse,0.1198,0.1367
Java,How do I continue a running thread after opening up a new socket connection in Java?,0.1285,0.1367
Java,Is List<Dog> a subclass of List<Animal>? Why are Java generics not implicitly polymorphic?,0.1433,0.1367
Java,Handle messages in Netty without delimiters and message length Is it possible to use netty without any delimiters and knowledge of message length?,0.2158,0.1367
Java,Cannot resolve symbol 'item' I'm trying to make my menu items go to different activities,0.1358,0.1367
Java,Can I get value of Curren time from miliseconds value,0.0952,0.1367
Java,Sidebar closing when you select a filter (Shopify)current website,0.1293,0.1367
Java,Tomcat server webappsi Install tomcat 9.0. when i run localhost:8080 it is working fine.,0.1358,0.1367
Java,Spock -Unit Test:How to write spock unit test for @around annotation which takes Mono,0.135,0.1367
Java,Spring Boot Security CAS Authentication Integration I am in desperate need of help.,0.1469,0.1367
Java,Why my implementation of the Drop box API in Android Studio doesn't work?,0.115,0.1367
Java,java.lang.Unsatisfied Link Error: 'long org.opencv.core.Mat.n_Mat()' I am trying to build my Java project with maven and opencv on Centos 8.,0.1917,0.1367
Java,Java Update 1.8.0_261 Has Fatal Error Calling rxtxSerial.dll I have a Java application that was previously running on JRE 1.8.0_251.,0.1854,0.1367
Java,@Async API endpoint Spring Webflux,0.1016,0.1367
Java,auto update last updated field with utc time on insert and update,0.111,0.1367
Java,No Class Def Found Error and Class Not Found Exception in Android Studio,0.1211,0.1367
Java,Java Print formatting decimal,0.1116,0.1367
Java,"Problem with output, the if statement is being executed when it should not",0.1244,0.1367
Java,Using Stateful EJB dont work in JPA lifecycle,0.0927,0.1367
Java,Using Completable Future in a Loop with Two Futures to Merge per Loop Iteration,0.1309,0.1367
Java,com/java [in americdev jar] is not on its project's build path Unable to get package fragment root:I need to change some step of code from existing jar file.,0.2113,0.1367
Java,Refresh value in <div> in jsp file taken from java class I'm newbie in java and jsp files.,0.1257,0.1367
Java,Threads getting into blocked state while doing a host name look up using java,0.1261,0.1367
Java,Spring-boot app start fails in Intellij Bean Instantiation Exception - works in Eclipse Made some progress,0.1749,0.1367
Java,Ws Deployment Exception: Unable to to retrieve policy from URI '#User name Token',0.1366,0.1367
Java,Trying to parse Json but invalid variable name,0.0963,0.1367
Java,MediaPlayer problem: all songs playing at the same time,0.1107,0.1367
Java,PDFBox: Loading an Image Into PDF From a JAR Resource,0.0929,0.1367
Java,Adding attachments to PDF I am using the following code to add attachments to an exiting pdf file.,0.148,0.1367
Java,Why is my change calculator not working for coins?,0.0943,0.1367
Java,included jar library class not being found even though spring boot compiles I really need help in trying to get my application to run successfully.,0.2104,0.1367
Java,unable to send mails at certain time using @Scheduled,0.1041,0.1367
Java,Oracle : How primary key id is generated in case of @Generated Value annotation,0.1334,0.1367
Java,How to edit hue saturation and luminance by using GPU Image Filters in android Java?,0.1343,0.1367
Java,Why does SSL not work inside a build jar?,0.0647,0.1367
Java,How to launch downloaded file in the registered applications from browser,0.1427,0.1367
Java,Gson equivalent to Jackson @Json Include,0.1053,0.1367
Java,Visual Studio Code Cannot Handle Java,0.0955,0.1367
Java,Java specify command line argument from 1 to 100,0.0902,0.1367
Java,java.lang.No Such Method Error: org.springframework.util.Assert.isTrue(ZLjava/util/function/Supplier;)V I have pure old legacy spring app (non spring-boot).,0.2186,0.1367
Java,Why is META-INF folder is empty?,0.0538,0.1367
Java,how can get mac address of router in application for android 10,0.1057,0.1367
Java,Issues with simple algorithm for automatic assembly of jigsaw puzzles (with rectangular tiles) in Swing,0.1758,0.1367
Java,Comparing user input to array against boolean,0.1092,0.1367
Java,Trying to understand Liskov substitution principle,0.1546,0.1367
Java,How can I get the exact position of the mouse at the time of a screen shot?,0.1049,0.1367
Java,How to get videos folder? I am working on a video player app.,0.0901,0.1367
Java,Apache Poi - Java-: How to add text containing blank lines as separate paragraphs to a Word document using Apache POI?,0.1733,0.1367
Java,"Given two points A(x1,y1) & B(x2,y2), I want to find the distance between the third point C(x3,y3) and line AB and length of AD on spherical surface",0.1947,0.1367
Java,No Sound When Exporting Java Project to .JARBeen making a 2d platformer game and just got some custom music made for the game.,0.18,0.1367
Java,Android Repeated Notifications not working When App is Closed I want to send notification everyday on a particular time.,0.1866,0.1367
Java,Java How to make a socket connection secure?,0.0862,0.1367
Java,org.json.JSON Exception: JSON Array[0] is not a JSON Object - Java,0.0991,0.1367
Java,How to create a JUnit of an Abstract test class with factory methods,0.1111,0.1367
Java,Trying to use Graphics Context method Public void fill and stroke polygon in order to draw a regular polygon,0.1644,0.1367
Java,Why did not JSON change after I added new fields to POJO,0.0871,0.1367
Java,Context initialization failed : Error creating bean I have a probleme when I deploy my webapp into Tomcat 7.,0.1656,0.1367
Java,Simple console program but I need GoF pattern for search algortihm,0.123,0.1367
Java,Difference between sealed and final class in Java,0.1071,0.1367
Java,How to fetch image from local computer with Picasso then display it to android app with Java,0.1418,0.1367
Java,Are spring transactions handled at the container level?,0.1258,0.1367
Java,Why can't I see my project running in netbeans?,0.0748,0.1367
Java,Java J Frame will not update inputted text,0.0819,0.1367
Java,tried to access class javax.crypto.JceSecurity from class javax.crypto.Cipher JUNIT,0.1486,0.1367
Java,How to increase java heap size in docker container?,0.0975,0.1367
Java,Does creating a folder in default maven directory structure offered by eclipse lead to any issues?,0.159,0.1367
Java,"Container, fragment rotation I have an activity Container Of Reports, that contain references to two fragments.",0.1844,0.1367
Java,Get dual sim phone call logs (Call Log Is from what Sim Card),0.0901,0.1367
Java,Akka Quick start: An illegal reflective access operation has occurred,0.1414,0.1367
Java,Sending 1-N data from Postman (or HTML file) to a Jersey Service,0.0976,0.1367
Java,Triple DES Java Encryprion to Javascript Decryption I am using Java to encrypt a text payload with Triple DES.,0.1671,0.1367
Java,Are there better ways to make an Array List bigger?,0.0869,0.1367
Java,Problem with web Engine JavaFX using with swing,0.0999,0.1367
Java,Spring Data REST: how to integrate custom endpoint without the need to hardcode its path element?,0.1554,0.1367
Java,How to send digitally signed mail with attachment using EWS API,0.1145,0.1367
Java,java Split one list into multiple lists by exclusion of elements,0.1173,0.1367
Java,How to make a while loop end with a specific input,0.0778,0.1367
Java,How to return a value in nested try catch and while loop in java,0.0952,0.1367
Java,java super class and sub class result,0.0771,0.1367
Java,How do I search for a keyword in a XML file using Java?,0.0768,0.1367
Java,How to convert String to Long without losing leading zero,0.1073,0.1367
Java,Design JSON in Java I have an API which returns JSON in below format.,0.1055,0.1367
Java,Number Format Exception when I try to read text file of integers into a int[],0.1169,0.1367
Java,"If Else in Java I'm doing a small project for my AP Comp Sci class, basically, it's just take the input, determine if it's positive or not and I'm stuck with this",0.2137,0.1367
Java,Spring actuator giving 404 Not found error even after setting server.servlet.context Path I have a spring batch project (Using Gradle).,0.1984,0.1367
Java,IntelliJ Error: java.lang.Out Of MemoryError: GC overhead limit exceeded,0.1357,0.1367
Java,Generic way to create different pojo objects and persist in db,0.1117,0.1367
Java,What are the differences of using service pattern and using standalone repository Spring Data REST?,0.1683,0.1367
Java,Creating database using hibernate in postgres,0.1319,0.1367
Java,How to get inner indexed object from json response in android (java) which use retrofit for rest api calls,0.1581,0.1367
Java,How to reduce duplicate code for calculations based on DTO and model classes,0.1311,0.1367
Java,How do the post increment (i++) and pre increment (++i) operators work in Java? Can you explain to me the output of this Java code?,0.1756,0.1367
Java,How do I resolve this issue?,0.0508,0.1367
Java,"App crash, not sure what the error is pointing me too",0.0842,0.1367
Java,random access file in java,0.0637,0.1367
Java,is it possible to convert a Gzip byte array to String?,0.087,0.1367
Java,Understanding Insertion Sort algorithm I am learning the mechanics of Insertion Code.,0.1621,0.1367
Java,I have this problem that I need to Reverse the first word and the third word using a stack,0.1293,0.1367
Java,"Integers in array JavaI have an array that contains [45,8,50,15,65,109,2].",0.1039,0.1367
Java,IDE Tool to convert XML into a Java class nonprogramatically How do I convert an XML document to a java class non-programatically?,0.1879,0.1367
Java,How do I display the content of the void method java,0.0835,0.1367
Java,I have an error about using class and objects,0.0804,0.1367
Java,Externalized Configuration in Spring boot I have a external configuration file(out side jar).,0.1609,0.1367
Java,Why am I not getting the correct output in ques of printing even and odd index character seperatly?,0.15,0.1367
Java,Converting unknown Java types to Rust types,0.1012,0.1367
Java,Efficient way to get some files from Azure Devops repository and upload them to Azure Blob Store's container,0.1644,0.1367
Java,How to pass callback function from Java to Kotlin class,0.1013,0.1367
Java,Inner join in spark JavaI'm trying to join two files 10 GB each and using inner join.,0.1218,0.1367
Java,How can I get Google spreadsheets file Id by using Google drive API v3?,0.1102,0.1367
Java,Draw a heart in ASCII-art style based on user input,0.0806,0.1367
Java,Deserialize a JSON payload to object base on JSON integer property,0.123,0.1367
Java,Java Keccak-256 implementation incorrect hash on zero byte message,0.1346,0.1367
Java,Using Terracotta for (distributed) shared Java Objects How do you share an instance / object across different Java processes?,0.1973,0.1367
Java,How to set the Opacity of Text in a J ComboBox list?,0.0746,0.1367
Java,Order of while loops in Java,0.0546,0.1367
Java,Java Logger (java.util.logging.logger) not substituting variable,0.1377,0.1367
Java,org.mongodb.driver.connection : Exception thrown during connection pool background maintenance task com.mongodb.MongoSocketOpenException,0.2507,0.1367
Java,Second class is throwing Null Pointer exception for TestNG I've created different classes for each webpage using TestNG.,0.1866,0.1367
Java,Circumvent old java meta-inf / services when using Java modules,0.1209,0.1367
Java,Spring Unit Test Rest Controller By Setting Private Fields,0.1231,0.1367
Java,Reading a File from Eclipse Src Folder,0.0811,0.1367
Java,Map Struct cannot find members from generic Set property,0.1165,0.1367
Java,"If I have a Fragment with 3 possible layouts, how can I swap the layouts at runtime?",0.1224,0.1367
Java,Java get size of event.getDragboard().getFiles().stream().map(File::length).toString()); I woudlike to get size of my file,0.1728,0.1367
Java,Java RMI: Clients as Primary and Backup Server,0.0934,0.1367
Java,Scanner.nextLine() ignores whitespace?,0.1526,0.1367
Java,reduce a paralle l stream of arrays into a single array,0.0919,0.1367
Java,Multithreading Parent and Child thread execution in Java,0.1323,0.1367
Java,"Flink, How to create a Sink supported Savepoint?",0.0978,0.1367
Java,Russian language causing IO Exception,0.1221,0.1367
Java,WARN : org.springframework.web.servlet.Page Not Found - No mapping for GET,0.1272,0.1367
Java,"Pivot selection for QuickSort , what is going , is something incorrect in my algo?",0.1374,0.1367
Java,What is wrong with this java while loop?,0.0718,0.1367
Java,Is there a pattern for data synchronization in two independent services?,0.1378,0.1367
Java,Java Single File for External Classes I believe the Java way is to keep external classes in separate files.,0.1612,0.1367
Java,(JAVA) elastic collision effect between moving objects,0.1387,0.1367
Java,Java Discord bot remains offline I am trying to create a Discord bot using Java JDA and gradle.,0.1419,0.1367
Java,Is it possible to connect my android app to multiple fire base database project?,0.1316,0.1367
Java,My solution throwing exception with corner cases?,0.1219,0.1367
Java,How do you combine multiple JSON strings into one ( Java ),0.1012,0.1367
Java,"Custom declare-styleable not displaying text attribute I have been working on a custom ""Button"" and it works just as I want it to so far.",0.1894,0.1367
Java,Adding item to inventory but is still clear (Bukkit/Spigot) I am coding a plugin for a friend and I'm coming across a problem.,0.1737,0.1367
Java,Spring Boot JmsListener: Ignore TypeId I am currently working with Spring,0.1406,0.1367
Java,Same resolution in Android Studio and my Device but different looks,0.1258,0.1367
Java,"What complexity are operations on BigInteger? What complexity are the methods multiply, divide and pow in BigInteger currently?",0.2039,0.1367
Java,How do i make a static reference to a non-static method?,0.0852,0.1367
Java,Change the selected item I have a J Editor Pane and when I press ctr + space it makes visible a J Scroll Pane,0.1504,0.1367
Java,Can we use Domain model written in Scala in a Java/Spring Application? Is there a way to use a Domain Model written in Scala from a Spring+Java+Maven project?,0.2135,0.1367
Java,How to add more lines in a Xamarin Pin I want to add more lines in my Xamarin application.,0.1281,0.1367
Java,How to use 2 classes having same methods but without a parent class?,0.1093,0.1367
Java,How does the one Spring Boot microservice know how it can send a POST to another service?,0.1342,0.1367
Java,Flink Dashboard: Operator Throughput,0.1511,0.1367
Java,How to conform Java upper bounded wildcard type parameter to Kotlin?,0.1265,0.1367
Java,Merge Sorting In Place I am working on a Merge Sort method which sorts elements in-place without allocating extra memory.,0.1792,0.1367
Java,Open file xlsx file Error (invalid relationship part/id),0.1114,0.1367
Java,Unable to send Post Request with Spring Boot,0.0891,0.1367
Java,how to fix the date regex?,0.0417,0.1367
Java,How to check in Eclipse if a particular library is in Java build path?,0.1078,0.1367
Java,"Data class with more than 256 parameters, kotlin?",0.1014,0.1367
Java,libGDX game complied to super Dev on localhost:8080 only shows one button,0.1236,0.1367
Java,Collect method return as List<CustomObject> I am trying to collect the method return as list of Object.,0.1568,0.1367
Java,Can I make a Fragment wait for data from Activity?,0.0838,0.1367
Java,Heroku - Maven app with local dependencies works perfect in local but is not deploying,0.1442,0.1367
Java,java.lang.Abstract MethodError: javax.ws.rs.core.UriBuilder.uri(Ljava/lang/String;)Ljavax/ws/rs/core/UriBuilder I have downloaded Jersey Java Rest Api example from,0.2296,0.1367
Java,"Could not determine java version from '14.0.1'. Android studio, LibDGX, on Windows 10 In android studio I tried to use libDGX.",0.176,0.1367
Java,Looping rest api I've REST API which exposes the JSON with a link to the next page and data as shown below,0.1472,0.1367
Java,"Different performance of ""if"" and ""if else"" in Java",0.0899,0.1367
Java,How to put other backpack to main backpack?,0.0826,0.1367
Java,My Root Folder isn't create in android 10?,0.068,0.1367
Java,Spring Boot - java.sql.SQL Integrity Constraint Violation Exception: Cannot add or update a child row: a foreign key constraint fails,0.1979,0.1367
Java,How to avoid having to declare type parameters for all dependencies in generic class I have some question on the following problem. Can someone help?,0.2128,0.1367
Java,Why is it said: Character Stream classes are used to perform the input/output for the 16-bit Unicode characters?,0.1654,0.1367
Java,Can't insert Tabs and Spaces into PDBox PDF documentI want to print this in a pdf created by PDFBOX.,0.1438,0.1367
Java,Flutter app crashes upon launching app in android I've been trying to make an offline app using json for local storage in flutter.,0.1848,0.1367
Java,hi i use liferay 7.3.0 when deploy service-api and service-service this error 2020-09-02 19:15:51.972 ERROR,0.1467,0.1367
Java,How to configure Message Codes Resolver for spring custom validator,0.1376,0.1367
Java,Avoid loop in MVVM Pattern i am trying to learn MVVM Pattern with my Activity and a View Model.,0.1378,0.1367
Java,using spring dependency injection for runtime generated dependencies,0.1755,0.1367
Java,X-Frame Options Spring Boot So I'm trying to use configure an iframe on my Spring Boot application.,0.1456,0.1367
Java,"Encryption of Strings works, encryption of byte[] array type does not work",0.1291,0.1367
Java,JSON Parsing Date with Date Time Parse Exception/Jsonb Exception from Client Builder/Web Target program,0.1713,0.1367
Java,React-native android bridge ask for permission,0.1132,0.1367
Java,"In ITEXT7, how to insert a visa holder without over writing current content?",0.1276,0.1367
Java,Drools : How to write a rule that hits when data is not available in entry point I am new to drools.,0.1385,0.1367
Java,Custom tags along with histogram & HttpStatus in micrometer,0.1374,0.1367
Java,"Spring Boot and Spring Security, can't send error with custom message in Authentication Entry Point",0.1611,0.1367
Java,Sending multiple files through network - time to time I have program that create screenshots and some txt files and send it throught socket.,0.2033,0.1367
Java,What is need of creating the list when we have already created the Array List to store the JSON Array?,0.1476,0.1367
Java,"Spring Data Jpa Repository ""JOIN FETCH"" returns duplicates I'm writing a simple Spring Data JPA application.",0.1712,0.1367
Java,Can't perform J Menu Item action in J Popup Menu without getting thrown a java.lang.Class Cast Exception,0.1525,0.1367
Java,"How would a ""supplementary private method"" help avoid raw types?",0.1217,0.1367
Java,"JSP Spring Boot works when running from IntelliJ, but empty page when running WAR",0.134,0.1367
Java,Change menu's item place How to change the placement of that item?,0.1043,0.1367
Java,Spring Boot properties that depend on profile-specific properties,0.146,0.1367
Java,Caching Session Factory set Pool Size() takes much longer after upgrading spring boot from 2.2.1.RELEASE to 2.3.1.Release,0.1713,0.1367
Java,Java - Filtering rows of an Excel file using POI,0.0852,0.1367
Java,save Instance State in Android studio: Kotlin I was doing this program and tried to run an app as an output.,0.1542,0.1367
Java,Getting database deadlock with @Transactional in spring boot and hibernate Why I am getting deadlock in this code?,0.1789,0.1367
Java,"parallel threads need to reach a point, wait on another thread, and then resume - best approach?",0.1489,0.1367
Java,Get path of the resource folder inside spring boot jar,0.0982,0.1367
Java,"Drop not null constraint for join Columns in Join Table I have an entity, leaning on which hibernate able to generate join table for One To Many-relations.",0.2144,0.1367
Java,How know a variable is read or modified using JavaParser I am using JavaParser to parse Java applications.,0.1641,0.1367
Java,Using Thymeleaf to perform DOM manipulation when filling forms,0.1362,0.1367
Java,exoplayer 2.11.* version throws Renderer error in android 5.0/5.1(Lollipop) devices,0.1289,0.1367
Java,How to parameterize XML using Rest Assured Java,0.0999,0.1367
Java,Character vs char with arrays and array lists?,0.0934,0.1367
Java,"In Spring Data, should I be paranoid about handling all possible exceptions?",0.1363,0.1367
Java,How to increase performance for send message to AWS Queue,0.1073,0.1367
Java,"When you try to start the application, it closes I do everything according to the lessons on YouTube, but I can't open the application.",0.1886,0.1367
Java,Gluon Project - Spring boot Dependencies not found when i run /.gradle run,0.1272,0.1367
Java,How to put Gson value into Hash Map I have a Firebase database and I want to store users information in my app.,0.1549,0.1367
Java,Kafka SSL handshake failed I setup the SSL for kafka.,0.0929,0.1367
Java,"Request Param validation in Spring 3.0.5 I'm using spring 3.0.5 for a web application running on Tomcat (Yeah, I know it's very old).",0.177,0.1367
Java,java.sql.SQL SyntaxError Exception - Could not extract result set using JOINED inheritance strategy,0.1752,0.1367
Java,JPA repository with single table inheritance (hibernate),0.1467,0.1367
Java,Refactoring - a code that puts the array List value of an entity that is similar or not the same,0.1386,0.1367
Java,How to use the MySQL server running on my local machine inside the docker container for a Drop Wizard application?,0.1703,0.1367
Java,Count number of ones in a matrix in increasing order,0.0922,0.1367
Java,Populating a list inside a for loop with an if condition Java I am trying to populate a list of integers relating to accounts in a database.,0.1938,0.1367
Java,Android Studio Linear Layout Not showing at all I have been given this to debug.,0.1252,0.1367
Java,Using Zomato Api with Retrofit,0.085,0.1367
Java,BIRT Report JSON array printed values I'm trying to print out JSON values from a database column into multiple lines in my Birt report.,0.1904,0.1367
Java,How to parse a string in a mortgage calculator to return a double.,0.1043,0.1367
Java,Spring boot and thymeleaf - upload and display image I'm making a simple spring boot app with Thymeleaf.,0.1575,0.1367
Java,Mapping a list of class object to another list I have the following two classes.,0.1252,0.1367
Java,My Web view App keeps crashing for messenger chat Everything works as it should except messenger.,0.1568,0.1367
Java,"Printing an incremented row index and average value in a 2D array I have a 2D array of 4 tests, 5 scores a piece.",0.155,0.1367
Java,Toggle button is crashing app when using set On Checked Change Listener - Android,0.1401,0.1367
Java,Where is the Docker file used with Spring Boot app?,0.0869,0.1367
Java,How to join string and number suffixes together in Android/Java?,0.1152,0.1367
Java,How to use Lambok dependency in Spring Boot?,0.0862,0.1367
Java,XSLT 3.0 Identity transform document collection?,0.1179,0.1367
Java,extending java.lang.String in groovy script i've a rather complex problem.,0.1244,0.1367
Java,Java 8 comparison of 2 different lists I need a help on iterating and comparing 2 different list using java 8.,0.159,0.1367
Java,Alternative way to replace Nested While Loop in Java,0.1034,0.1367
Java,How to create a new Java EE project in Intellij 2020.2 without Gradle or Maven?,0.1177,0.1367
Java,Problem with creating a connection to the database,0.1107,0.1367
Java,Deserialization of JSON with integer keys and string value in Spring-boot,0.1322,0.1367
Java,how to get latlng from Location Settings Response method?,0.1172,0.1367
Java,"Hi, everybody. I am solving a 6 kyu problem on code wars and my code doesn't work everybody.",0.1296,0.1367
Java,My eclipse fails to freeze the output of a java code,0.0835,0.1367
Java,"Android TensorFlow - E/Surface: queueBuffer: error queuing buffer to Surface Texture, -32maybe the error is like on Wallpaper crashes with error - queueBuffer: error queuing buffer to Surface Texture",0.2775,0.1367
Java,Round percentage value to nearest number I wanted to convert a number which is in string format to a percentage value with one decimal point.,0.2004,0.1367
Java,How to (de)serialize POJO to Avro and Kafka without generating code,0.1144,0.1367
Java,Java Graphics2D - Zoom on mouse location I have a j panel that I draw on.,0.1063,0.1367
Java,working 'java -cp' not working all of a sudden in ubuntu,0.0885,0.1367
Java,Unable to create team from group,0.0728,0.1367
Java,unable to execute hibernate query statement?,0.1235,0.1367
Java,Which statement would compile fast?,0.107,0.1367
Java,Redis like a database We have a redis with standalone configuration and I am using lettuce to connect with it.,0.1627,0.1367
Java,How to read large .txt file in chunks of 1000 lines,0.0786,0.1367
Java,Trying to find the best way to check Null Pointer Exception with nested multiple Object - Java 8,0.1475,0.1367
Java,spring data mongo db: duplicate key error when extending a base domain class,0.1294,0.1367
Java,Inserting one table primary key into other using JDBC in SQL Developer,0.1242,0.1367
Java,Kubernetes pod (Java) restarts with 137 TERMINATED,0.1227,0.1367
Java,Why a list size lower than COPY_THRESHOLD means it is a array list?,0.1068,0.1367
Java,Unsatisfied LinkError when trying to create new instance of TessBase API,0.1399,0.1367
Java,Apache Spark SQL unable to resolve given input columns that are created within the sql Text,0.1452,0.1367
Java,How to tell if in a synchronised block in Java?,0.0748,0.1367
Java,Using AWS lambda with python or java code to get JSON from Rest API call and insert into oracle DB,0.1412,0.1367
Java,Beginner to API Json - Attempting to understand URL output,0.118,0.1367
Java,How to extract positive numbers from one array and move them to another in Java?,0.1252,0.1367
Java,How to use query limit in custom Couch base Lite plugin in Android (Java),0.1133,0.1367
Java,android Scroll View not working in fragment,0.1012,0.1367
Java,Google Cloud Speech-To-Text API 401 Error java,0.0837,0.1367
Java,"Java Server using Jetty: Very simple example does not work, displays HTTP ERROR 503 Service Unavailable",0.1684,0.1367
Java,Is there a way to make a loop until there isn't a runtime error,0.0881,0.1367
Java,Asynchronous Process not Working in javax.ws.rs.*(REST Client) I demonstrate asynchronous process in REST API using javax(2.26 version).,0.1981,0.1367
Java,send multiple datatype parameters in retrofit post api android,0.1362,0.1367
Java,"its shows format isn't support msg ,when i try to share file",0.0893,0.1367
Java,why is a component in the error report for generic method call bounded?,0.1169,0.1367
Java,Could not find or load main class com.simplilearn.testing.oops.Lunch New Browser Caused by: java.lang.Class Not Found Exception error using Selenium Javaplease,0.227,0.1367
Java,Running Swing apps in IntelliJ Idea Community on a HiDPI screen I run Arch Linux with I3 on an XPS13 with 3200x1800 res screen.,0.1797,0.1367
Java,Minecraft Forge Modding (1.16.2) - my en_us.json file doesn't work,0.0991,0.1367
Java,Loading pkcs12 file with Bouncy Castle fails on unknown PRF algorithm (hmacWithSHA256),0.1628,0.1367
Java,Gson - deserialising different types I am processing incoming JSON Strings and want to deserialise them into typed POJO objects using GSON.,0.21,0.1367
Java,Maven release plugin | Best practice | It is better to modify the version in the POM directly or modify the release.properties file,0.1902,0.1367
Java,Java 8 Streams: How to match values between two Array List of Strings and create a list of another object,0.1533,0.1367
Java,How to determine if a String is not a part of an array and count occurrences?,0.1133,0.1367
Java,How to create folder in the internal storage instead of /storage/emulated/0 in Android?,0.1395,0.1367
Java,How can i make the first screen of my flutter show up before executing native based java code that will fetch data using a java library,0.1888,0.1367
Java,"Unable to click on country name into android app ( Selenium , Java and Appium )",0.1281,0.1367
Java,Keycloak: Create role with attributes in Java Client,0.115,0.1367
Java,How can I print property in pom.xml of build?,0.0687,0.1367
Java,Publishing a snapshot JAR to Artifactory Maven repository fails to deploy,0.1427,0.1367
Java,Java command working on VSCode terminal but no external terminal on mac,0.1269,0.1367
Java,Spring Boot Thin Jar with Custom parent POM,0.0855,0.1367
Java,How to validate cell's data using apache POI when modifying existing excel sheet?,0.134,0.1367
Java,VSCode not suggesting and autocompleting java code,0.1292,0.1367
Java,Addition of two times in JAVA,0.0591,0.1367
Java,Split text according to font and width I need to split text according to font and width.,0.1321,0.1367
Java,N times of a number using Recursion_how return type of recursion method works,0.1336,0.1367
Java,How does Reflection Test Utils work in the below code@Service,0.1088,0.1367
Java,Using Inet Address to gather network interfaces I have used Inet Address as an array.,0.1365,0.1367
Java,How to assert a condition in Java? Can someone tell me what I am doing wrong?,0.1119,0.1367
Java,java Gherkin parser stream does not release file locks,0.1099,0.1367
Java,Converting Local Date Time Object to Local Date Time I am new to Java and I am working on Java 8.,0.1351,0.1367
Java,No Such Method Exception thrown when build Avro Par quet,0.1043,0.1367
Java,How to fix crash on launch in Android Studio 4?,0.0748,0.1367
Java,sqlLite in android didnot insert my data to table I dont know why i have return result = -1 after execute insert GasData.,0.1723,0.1367
Java,Why do I get this error in Java?,0.0431,0.1367
Java,Convert a single node to distributed java application with Hazelcast,0.1407,0.1367
Java,Greatest Common Divisor (GCD) by Euclidean algorithm in Java,0.1246,0.1367
Java,Spring Mongo Data connection issues with Mongo Atlas Cluster,0.1296,0.1367
Java,Why isn't it enough put all JavaFX deps in the classpath w/o bothering about Java modules?,0.1318,0.1367
Java,com.microsoft.sqlserver.jdbc.SQL Server Exception: The connection is closed while taking the value of Result set public static Result,0.2012,0.1367
Java,How to create single executable jar file including all main and test packages including resource files TestNG - 7.3.0,0.1748,0.1367
Java,"Save image without compressingin my app, I am taking photo using the camera and I store the image to internal storage but when I retrieve the stored image, the quality of the image is becomes very poor. is there any way to store the actual image without compressing in?",0.3455,0.1367
Java,Admob ads are not showing after i published my apps on App Gallery of Huawei,0.1176,0.1367
Java,Log url to Spring controller from inside it,0.0855,0.1367
Java,Count down Latch Demo program .Not waiting for cout down latch to get overIn this program why All count down latch over message printed in between.,0.2066,0.1367
Java,How to implement maximum 3 try for requesting resource in rest api java,0.1186,0.1367
Java,lambda deserilization - does lambda expression always desugared to a static method for Scala?,0.1684,0.1367
Java,Parsing application.yml Hi I try build my spring application with gradle and it gives bellow error code,0.1593,0.1367
Java,Does blaze persistence support entity to hash map conversion,0.1296,0.1367
Java,Change Seleniums default Timeout Exception,0.1487,0.1367
Java,Skip a specific test class during maven verify phase,0.1034,0.1367
Java,Why is db connection closed after trying and failing to get a lock with spring-data-jpa?,0.1321,0.1367
Java,How to install python in openjdk:11 docker image?,0.091,0.1367
Java,How to save Bitmap image into internal storage of Phone,0.1013,0.1367
Java,Constructing child class using Spring without explicit casting,0.1539,0.1367
Java,Spring Transaction Template doesn't use batch insert/update,0.1263,0.1367
Java,Xamarin.Android has the same documentation as official Android documentation in Java?,0.1621,0.1367
Java,Maven Profiles - How do i get the values assigned to properties in the .properties file and assign them to variables in my class?,0.1832,0.1367
Java,Creating a static Settings class from inside that class but non static fields not updating,0.1494,0.1367
Java,How to change value in mysql based on another value in the same database?,0.115,0.1367
Java,How do I get JDK-8.0 to recognize the -Djavax.net.ssl.trust Store parameter?,0.1097,0.1367
Java,How could I properly pause/resume considering the rebalancing that occurs as I add a new consumer for a long running processing?,0.188,0.1367
Java,how to Ignore certain files from main folder when reading .txt file using array list,0.1343,0.1367
Java,How to convert ISO 8601 duration to seconds,0.0855,0.1367
Java,pgloader - How to import a longblob as oid?,0.0769,0.1367
Java,"How to prevent the block from being displayed, finally, if there is no path to the file",0.1287,0.1367
Java,Not able to get defined variable value in function,0.0968,0.1367
Java,Java spring framework interceptor issues I have been struggling to get my logging interceptor to work for three days now.,0.1835,0.1367
Java,Building an executable jar with maven depencies and external jars,0.1316,0.1367
Java,"error Caused by: java.io.IO Exception: { ""error"": { ""code"": 403, ""message"": ""Permission denied. Could not perform this operation"" }}",0.1899,0.1367
Java,How to change the notification settings in android apps? How can I switch all these settings on programmatically?,0.1769,0.1367
Java,Plugin's dependency not found in maven,0.0811,0.1367
Java,MainActivity cannot be cast to com.google.android.material.bottom navigation.Bottom Navigation View On Navigation Item Reselected Listener,0.2228,0.1367
Java,how to convert the following code as a lamda expression,0.1013,0.1367
Java,How to swap rows and columns of a 2d array?,0.0626,0.1367
Java,Storing values returned in a Task Runner as a field for access later,0.1111,0.1367
Java,Using firebase firestore for chat with unique messages I created an app that has a chat as part of it.,0.1476,0.1367
Java,compare Set<Long> that contains integers to Set<Long>,0.1016,0.1367
Java,What is the <cbn-root> html element? And how to parser it by Java?,0.0934,0.1367
Java,Is there a way to check something while a Timer Task is running,0.0986,0.1367
Java,"How to enable ""parent Scroll View"" when user reaches at the bottom or top of ""child Web View"" scroll using Java in Android Studio?",0.181,0.1367
Java,Why count of an iterable returns 1?,0.0659,0.1367
Java,Can't display an image in the Thymeleaf/Spring Boot App,0.0919,0.1367
Java,Java EE 6 @javax.annotation.ManagedBean vs. @javax.inject.Named vs. @javax.faces.Managed BeanI feel there is a little mess in the Java EE 6 spec.,0.1975,0.1367
Java,Cant upload to Parse Server in Android StudioI [followed the following guide to include][1] Parse Server in Android Studio,0.1831,0.1367
Java,"Passing a Two-Dimensional-Array to an Activity from Fragment (Android Studio, Java)",0.1434,0.1367
Java,Executing specific group of java x validations In my application,0.1285,0.1367
Java,Spring Data JPA findAll() or findbyId() return wrong value in spring boot,0.1246,0.1367
Java,Problems with sorting List<List<String>> java?,0.1034,0.1367
Java,API hit count per client across multiple servers Using Spring-boot-actuator API I need to count the number of API hits per client ID. How can I achieve this?,0.2136,0.1367
Java,When play framework create new instance of controller?,0.1222,0.1367
Java,How to prevent layout from automatically opening keyboard?,0.1366,0.1367
Java,How can i use multiple panels with different layouts for my gui?,0.1064,0.1367
Java,How to read value from mysql database based on condition?,0.105,0.1367
Java,com.fasterxml.jackson.databind.exc.Mismatched Input Exception: Cannot deserialize instance?,0.1894,0.1367
Java,REST Easy provide Content Type dynamically I have a RESTEasy Client (3.6.2.Final) implemented with a proxy interface where I want to call a WS to upload a file.,0.2158,0.1367
Java,"Android Studio I keep getting Gradle error ""The process cannot access the file because it is being used by another process""",0.1818,0.1367
Java,Pattern matching in gremlin I have a graph with labels users and i want to search the users by name this is the current implementation,0.1897,0.1367
Java,Avoid memory leak Thread Local Simple Date Format,0.1071,0.1367
Java,Java - Thread and Static variable Just started with threads in java and I can't reason with the output of my program,0.1655,0.1367
Java,Why is Spring @Autowired Application Context null in integration test?,0.1421,0.1367
Java,How to read values from properties file and use it in final class,0.1036,0.1367
Java,How to disable all tabs on J TabbedPane?,0.0718,0.1367
Java,How does Spring Boot know which object to inject?,0.091,0.1367
Java,Implicit left-padding of the binary literal in Java,0.1001,0.1367
Java,How to wait on a button for user input in order to set a variable,0.0927,0.1367
Java,"Java Spring: Trying to configure webflow by xml, can't find dispatcher-servlet.xml I am just starting out trying to see what spring flow is about.",0.2016,0.1367
Java,Notifications in Java FX 14 I know I can create a notification with,0.1086,0.1367
Java,Logback: perform custom action on ERROR level log With logback,0.1202,0.1367
Java,Trying to convert a CSV file to JSON format in order to save it in mongodb (spring),0.1203,0.1367
Java,Is it possible to create a new line in eclipse console via text from a text file?,0.1175,0.1367
Java,"Play Framework, bind Akka Typed actor without create Provider",0.1304,0.1367
Java,How do static variables work in Junit when initiailizing them from multiple modules?,0.1494,0.1367
Java,Dynamically create tabs in Tablayout from a list?,0.1042,0.1367
Java,How to add a class on classpath in Intellij?,0.0746,0.1367
Java,"In a Web Flux application, form data is accessed via Server Web Exchange.get Form Data()",0.1344,0.1367
Java,How can i sign hash of xml file and integrate signature in original file,0.1142,0.1367
Java,Connect to Azure Event Hub(Kafka like) with Spring Boot using connection string,0.1369,0.1367
Java,Jar crashes while decrypting AES encrypted Authorization token method in code.,0.1547,0.1367
Java,Exception class jdk.internal.loader.ClassLoaders$App Class Loader cannot be cast to class java.net.URLClass Loader,0.1815,0.1367
Java,"Duplicate entry for primary key - registration form I have one simple registraton form with jsp, servlet and mysql.",0.1784,0.1367
Java,Unable to deserialize the execution context exception when running spring batch job,0.1587,0.1367
Java,"Eclipse - Clipboard exception ""Class Not Found Exception""",0.1442,0.1367
Java,Efficiently find an integer in a sorted collection of integer ranges Problem,0.1401,0.1367
Java,Requesting permissions in Android I am trying to request 2 permissions when the app opens up.,0.1481,0.1367
Java,Collecting results from a list of Futures in java I'm trying to use futures to make concurrent api calls.,0.1533,0.1367
Java,Why following AES encryption and decryption is working in main method but not on client side server?,0.1572,0.1367
Java,Is there a one-line way to write this same code but using some type of mutable map in Java 8?,0.1278,0.1367
Java,How to insert triple items in a map in Java?,0.0657,0.1367
Java,How to filter an object using multiple parameters in the specification method?,0.1435,0.1367
Java,Sorting data with numbers first and alphabet next in java,0.1073,0.1367
Java,wiremock stub with query params not working,0.1012,0.1367
Java,Authenticating Azure Storage with system assigned Identity from Azure Functions,0.174,0.1367
Java,Why is ALBUM_ART the only field that returns null from Media Store when others are fine?,0.1372,0.1367
Java,can not start server in eclipse after switch to open jdk I recently downloaded and unziped open Jdk 14,0.1527,0.1367
Java,Merge List of Custom Objects to a Single List Object using Streams Java 8 I have Product Info object which looks like this,0.175,0.1367
Java,Expandable List View Android how to control state of checkbox of child and change checkbox true in parent,0.1633,0.1367
Java,How to determine on which server running spring job - Host name I have simple spring job with schedule annotation.,0.1725,0.1367
Java,Spring Web Sockets - Get access to web socket session in controller,0.1216,0.1367
Java,Unhandled exceptions from Drop Box API in Android Studio,0.1165,0.1367
Java,"Lib GDX Exception in thread ""LWJGL Application"" errorSo to start off I'm a little new to using lib GDX.",0.1472,0.1367
Java,How can I mock the following statement by using Power Mockito?,0.1096,0.1367
Java,Box Layout: can't setup child component size I have a JFrame - Super Test and JPanel - Super Login.,0.1436,0.1367
Java,Why does my imported Maven project throw incompatible type error when the types match exactly?,0.1569,0.1367
Java,How does bean self-auto-wiring work in Spring?,0.0811,0.1367
Java,Spring Data entity synchronization I am using Spring Data to access a relational database,0.1546,0.1367
Java,How can I know where my spooled file is located?,0.0778,0.1367
Java,Sending RC4 encrypted data over UDP causes changes in decrypted plain text,0.1348,0.1367
Java,"Spring Batch, Jdbc Paging Item Reader - alias doesn't map to the Mapper bean attribute select item_num",0.1587,0.1367
Java,How to include .xlsx files inside .jar?,0.0754,0.1367
Java,Unable to locate DTO in Spring Boot Application I have defined my DTO then also it can't locate it.,0.1419,0.1367
Java,How to execute test classes conditionally using Junit 4.11 I have multiple test classes and I want to execute test classes based on a bean value.,0.2017,0.1367
Java,Which one method implemented by Android's Activity Class is NOT A Template Method?,0.1364,0.1367
Java,Invalid Data Access Api Usage Exception trying to find using JPA query with Enum value Enum,0.1452,0.1367
Java,Swallow Interrupted Exception in Executor Service or not?,0.133,0.1367
Java,Ignoring comment preceded or succeed by code This is the pattern I have used for finding multi line comments,0.1644,0.1367
Java,"Cucumber step definitions are not found after updating to io.cucumber Previously, I was using info. cukes and now I changed to io.cucumber.",0.1982,0.1367
Java,List of Semaphores in Java and concurrency I have an application and in my implementation I need a number of Semaphores.,0.1773,0.1367
Java,How can I make IntelliJ CE's Java syntax highlighting more colorful?,0.117,0.1367
Java,"Setting bleed and slug for pdf document using itext i am using itext version 2.0.3 in java, and I am trying to set Bleed and Slug settings for the pdf document that I output. so what I want to do is, take 8 inputs from user(4 for bleed and 4 for slug), namely top,bottom,left and right(both for bleed and slug), and then once I write everything from the pdfWriter to the pdfDocument, set this bleed box and and slug box around the document.",0.5506,0.1367
Java,Java - Using AWT to change title of J Frame I am programming a simple multi-threaded client/server chat system.,0.1623,0.1367
Java,can not mock final class using power mock,0.0783,0.1367
Java,"C Make and make looking for libjawt. so file in the wrong place I have a C++, Java, and C Make project but I am, at the moment, unable to compile it.",0.1947,0.1367
Java,Why a MAP use generic wildcard extends Object cannot hold any type?,0.1144,0.1367
Java,Using an interface for mocking purposes in unit tests for Java with Spring I have a problem trying to mock interfaces in my API based on Spring.,0.2002,0.1367
Java,How to find elapsed time in milliseconds by compare two times tamps in java,0.1214,0.1367
Java,"Request Reply Future<String, String, List<Product>> not mapped, Instead it mapped to Array List<Linked Hash Map>",0.1698,0.1367
Java,"My Custom Exception is not thrown, instead the Array Out Of Bounds Exception Is thrown (JunitTest Error)",0.1629,0.1367
Java,Cannot Find and Read Text File on Android Studio (Java),0.0967,0.1367
Java,Wrapper Use Strings to Numeric?,0.0857,0.1367
Java,In Java byte take 8 bits and range is -128 to 127 why it is not -127 to 128?,0.0984,0.1367
Java,How to get currently displayed location on map I'm making an Android app that's based around Maps SDK.,0.1476,0.1367
Java,"Write unit test for jdbc Template.batch Update() method I have jdbc Template code, on which I am trying to write a unit test case.",0.1794,0.1367
Java,Incomplete/inconsistent state in Rich Co Flat Map Function I have a Rich Co Flat Map Function that looks like below.,0.17,0.1367
Java,PDF Box invalid option in radio,0.0682,0.1367
Java,Unable to use external configuration with Quarkus I am having trouble to use external configuration properties for my Quarkus application.,0.2156,0.1367
Java,Connect to remote MySQL from my local machine through Jumpbox/Proxy,0.1258,0.1367
Java,Sort by enum field with hiber nate search,0.0783,0.1367
Java,Spring boot [2.1.6.RELEASE] - Disable autocorrect input dates i got a simple problem.,0.1304,0.1367
Java,Elasticsearch 7.8 with Magnolia 6.2.xi want to use the latest elasticsearch version (7.8.0) with the latest Mgnl (CE) version (currently 6.2.2).,0.1932,0.1367
Java,How to disable session cookies for a particular end point?,0.1081,0.1367
Java,"Java decode JPEG 2000 to Buffered Image, Image IO doesn't support JP2",0.1119,0.1367
Java,Create output file for each of input file from directory of files in Spring Batch,0.129,0.1367
Java,"JAXB Generating unexpected tag name, returns type name I have the issue that the XML I'm generating does not match what I would expect.",0.1895,0.1367
Java,Android java mediaplayer - on Completion Listener triggered multiple times after on Prepared() Problem summary.,0.1988,0.1367
Java,Evaluating an expression with multiple boolean values,0.1412,0.1367
Java,Using JDBC connector to connect to mapR drill failing without any Exception,0.1375,0.1367
Java,Unlikely argument type for equals(): String seems to be unrelated to Member Search Request,0.1521,0.1367
Java,Is there a operation that checks multiple variables for an output?,0.1209,0.1367
Java,Is it possible to reenter a while loop after it has been broken out of?,0.1048,0.1367
Java,Client hangs when calling Azure Event Hub and facing connection error I want to send event messages to Azure Event Hub.,0.1755,0.1367
Java,"Getting ""BLOCKED"" network state when Android's data saver is off I am developing an app to be used on a specific tablet running Android 7.0.",0.1921,0.1367
Java,Spring boot doesn't run scheduler @Scheduled I used in my project configuration bean for cache evict and it's not runs.,0.1709,0.1367
Java,Question about GET API Methods using wso2 I have question about how to create API GET method in wso2?,0.1495,0.1367
Java,Facing Problems while creating First Maven Project in Eclipse version 2020-06,0.1428,0.1367
Java,Is there a better way to build the below string with escape characters and double quotes in Java?,0.1459,0.1367
Java,Spring boot Session Cannot be created when 2 or more datasources exist,0.1242,0.1367
Java,How to get the 1 element before & after an element in a set (Java),0.0934,0.1367
Java,Java Generics Cast required Compile Time Errorpublic class Chooser,0.1493,0.1367
Java,Spring Boot - Dynamically Restrict IP address,0.1243,0.1367
Java,Getting Out of memory when reading large excel files (.xls) using Work book method of apache poi jxl-2.6.jar File size is 10mb.,0.1744,0.1367
Java,Create an array of objects per each contestant by using the data stored in a text file,0.1293,0.1367
Java,app is crashing as soon as count Down Timer.cancel() is called,0.0992,0.1367
Java,Rest service adding an extra parameter throws error I am trying to create a REST service with body.,0.15,0.1367
Java,One To Many and Many To One entities objects are linked in recursion In my java-spring boot application,0.1546,0.1367
Java,Can I write any meaningful unit test in this scenario?,0.096,0.1367
Java,Edit spring boot app configuration environment variables in Visual Code launch file,0.1587,0.1367
Java,"When I added new data , I want to view top of the List.",0.0733,0.1367
Java,"Request body with a non UTF-8 character throws JSON parse error: Invalid UTF-8 start byte 0xae , 0xfc",0.1471,0.1367
Java,"Duplicated post requests protection, multithreading Have Spring Boot application.",0.1935,0.1367
Java,Unable to locate a button Selenium Webdriver I need to click on CC to verify if its working.,0.1359,0.1367
Java,AWS Elastic Beanstalk (single instance) : how to enable HTTPS for a Spring Boot application?,0.1536,0.1367
Java,Mocking a constructor which sets member variables using other member variables whose configurable values are read from properties file,0.215,0.1367
Java,How to convert CDR to ASCII using Bouncy Castle?,0.0877,0.1367
Java,"char At gives a non existing value Hi folks I have a weird problem, as the title says the function char At is giving me a non existing value.",0.1909,0.1367
Java,Lanterna- how do you create a simple CheckBox menu?,0.095,0.1367
Java,Custom Implementation For Each - Java,0.113,0.1367
Java,How to call pass parameter that indicates what method should be called on instance,0.138,0.1367
Java,Java Vs python AES PBKDF2. Why different output?,0.0978,0.1367
Java,"How is the interface being instantiated, without implementation of any class?",0.1499,0.1367
Java,G1GC causes gradual memory growth and full GC brings it down,0.106,0.1367
Java,cucumber.runtime.Cucumber Exception: No backends were found I am trying to run a BDD test with cucumber in a Maven project.,0.178,0.1367
Java,"Generic method to take different class objects I have 3 class(techspecs, packages, and features) objects where they all share the same fields.",0.2058,0.1367
Java,"When initially building spring boot module, source Folder is incorrect in my iml file",0.1435,0.1367
Java,Class loading issue for a Buggy Jar Short Question,0.0968,0.1367
Java,"Is it correct to validate string length not equal to 36, when converting it into UUID",0.1307,0.1367
Java,Java Integers Min_Value negative then compare,0.1319,0.1367
Java,What does it mean to pass a value through an argument to my program?,0.1031,0.1367
Java,Swagger codegen downgrades gradle version I have created a gradle spring boot project in eclipse.,0.1638,0.1367
Java,Inner classes not apearing in jar,0.0773,0.1367
Java,"Spring Rest Controller not displaying html page, just text",0.1205,0.1367
Java,add cucumber plugin into intellij idea I want to add add cucumber plugin into intellij idea.,0.1459,0.1367
Java,I can't get a input from user as float in java,0.0607,0.1367
Java,Load data when set User Visible Hint is deprecated in Android X,0.1057,0.1367
Java,"Array Index out of Bounds exception from type casting(Ignore this question, nothing wrong with the code, I was very confused, however I have found it is the fault of a poorly made testing system).",0.2606,0.1367
Java,Spring Boot + OAuth2 + REST API - Certification Path Not Found I'm implementing a RESTful API in an existing Spring Boot v2.1.4 application.,0.1961,0.1367
Java,How to add click event in push notification?,0.0862,0.1367
Java,Error occurred in partition processor while running 2 instances of java sdk app to listen event hub dependencies getting used,0.1922,0.1367
Java,How to retain annotation of default method of interface after implementing and overriding said method,0.1743,0.1367
Java,Data Binding Util not found in my main Activity,0.0869,0.1367
Java,How to get output of docker executed command in docker-java library,0.1163,0.1367
Java,Cannot connect main activity to other activities while making android navigation component,0.1772,0.1367
Java,Quick loading splash screen after re-accessing the app in Android Kotlin,0.1295,0.1367
Java,Algorithm fails to execute on final array values,0.1035,0.1367
Java,How can I set the alarm volume to zero?,0.0582,0.1367
Java,How to rewrite a Rewrite Valve for Undertow / JBoss 7.2 EAP?,0.092,0.1367
Java,How to attach image to email on Android emailIntent,0.1001,0.1367
Java,Dialog Flow with Android I'm making an app with Android Studio (Java) and Dialogflow V2.,0.1344,0.1367
Java,Path of an SVG file,0.0266,0.1367
Java,How to find a specific object from an array and return it?,0.0905,0.1367
Java,Error 500 when deployig my first Servlet in NetBeans using Tomcat server Greeting to you all,0.1473,0.1367
Java,Inject Injection Point in Generic Class to get the actual class type?,0.1197,0.1367
Java,Spring boot - Hive : Driver does not support get/set network timeout I am connecting to Hive DB using JDBC.,0.1564,0.1367
Java,error while committing and navigate using ADF popup I insert data into form so transaction becomes dirty and i check for that.,0.1844,0.1367
Java,Splash screen leaking memory how to fix it? My Splash screen leaking memory can anyone tell me how to fix that issue?,0.1673,0.1367
Java,How to add loggers without actually touching the existing java files?,0.1293,0.1367
Java,"mock-maker-inline makes test fail with ""Not A Mock Exception Argument passed to Mockito.mocking Details() should be a mock"" on non-final non-static class",0.212,0.1367
Java,"Clicking a J Button from keyboard using Key Listener Like I described in the title, I am required to make a J Button clicked if a key from a keyboard is pressed.",0.2166,0.1367
Java,java async service implementation using Blocking Queue,0.1452,0.1367
Java,Does any one have an idea about how to set password to existing pdf using open pdf java lib? how to set password to existing PDF  using Open Pdf java lib?,0.2069,0.1367
Java,Database access and storing of models in memory I'm creating a java fx application but i got a question about the way dealing with my database.,0.1986,0.1367
Java,Showing a blank activity in android My problem is when I go to a view pager it shows for a second and then I get a blank page and I don't where is the problem.,0.2108,0.1367
Java,Java program does not continue after exception,0.1132,0.1367
Java,How to know the locator of post UI elements for Selenium,0.0947,0.1367
Java,I got an unexpected token in while loops,0.0747,0.1367
Java,Pause Exo Player from Adapter class when user navigates away from page playing the video,0.1449,0.1367
Java,netbeans problem on showing text within nimnus look and feel When I set my Netbeans look and feel to nimbus and a small font seems great.,0.1912,0.1367
Java,How do I make a calculator that multiplies more than two numbers?,0.1091,0.1367
Java,Why does my code only replace certain characters with the string replace method?,0.1394,0.1367
Java,How to retrieve the text Effective Date from the text node within th node using Selenium and Java I want to retrieve text Effective Date from the below image.,0.2178,0.1367
Java,"KendoUI for JSP - How to connect to MySQLguys, I am relatively new to KendoUI and now I am learning by their examples to populate Kendo Grid with data from Database.",0.2242,0.1367
Java,"Using Spring Data Specifications, how do you compare a division of two columns with some input value?",0.1579,0.1367
Java,using Back Press method to release Media Player class problem,0.1194,0.1367
Java,Cloneable#clone method unnecessary castclass MyCls implements,0.1733,0.1367
Java,"How do I stop PHP DOM Document::save HTML File from generating hex codes, or modify the rest of my file",0.1451,0.1367
Java,Android Studio send from android to pc (windows) not working?,0.1126,0.1367
Java,Put request with resteasy,0.0858,0.1367
Java,Rx Java Publish Subject subscribe doesn't give anything. Something's wtong with subscription?,0.1609,0.1367
Java,App loading is too slow while adding images,0.0855,0.1367
Java,How to load multiple pages using retrofit and mvvm,0.0968,0.1367
Java,Why does Chrome closes connection when REST API returns a large response?,0.1303,0.1367
Java,Would like to connect to different On-premise S3 compatible storages in the same,0.1332,0.1367
Java,Enum type as annotation parameter? How can I make my frameworks My Annotation have a user-defined enum type as the parameter?,0.1816,0.1367
Java,The default value of Prefetch Copy Interval In Bytes under x86 and aarch64 is different,0.1426,0.1367
Java,Two exclusive Option Group with Apache Commons CLI,0.1107,0.1367
Java,How to extract a default method to the base Predicate extending java.util.function.Predicate,0.1539,0.1367
Java,How to write unit test class for my Rest controller with Jdbc Template I am new to Spring boot and junit.,0.1498,0.1367
Java,Error installing multi-module project in Maven,0.1132,0.1367
Java,How to replace @Rule annotation in JUnit 5 on Text Report and Browser WebDriver Container?,0.1463,0.1367
Java,Disable reselecting in Bottom Navigation View How can I disable reloading fragment when clicking again on the current tab in Bottom Navigation View?,0.2192,0.1367
Java,How do I return an enum as a string for my WebDriver Manager in Java? How do I create an enum as a String and call it for my WebDriver Manager?,0.1913,0.1367
Java,"Spring, java - different constructor args - best practice pattern",0.1504,0.1367
Java,Java SWT windowbuilder - images not displayed when exported to runnable jar I have developed a Java application using window builder(SWT) in eclipse.,0.218,0.1367
Java,Spring Mongo Repository very slow to convert POJO Issue Explanation,0.1376,0.1367
Java,"Using jaxb/MOXy to map java classes to XML to be sent using Feign, is there any way to set Feign to use a custom JAXB Context Factory?",0.1816,0.1367
Java,"In Java, how can I pass an array directly as a parameter to a function?",0.1032,0.1367
Java,J Units Parametrized Test vs Test Template,0.0972,0.1367
Java,elastic search is indexing only recently added record in db and ignoring previously added records I have installed logstash and elastic,0.2059,0.1367
Java,Store objects in Array List and output Object description I am writing a program with separate files in the same package.,0.1792,0.1367
Java,How to implement Doubly Linked List after the first element I'm trying to create a double linked list in Java.,0.159,0.1367
Java,How can i get all the biggest array instance in a list of different string values in java 8 For example i have the below list.,0.1733,0.1367
Java,How arbitrary JSON string can be deserialized to java POJO?,0.1111,0.1367
Java,How to make the user see his own data after registration?,0.0955,0.1367
Java,Checkbox does not show after changing font Hello I have a problem with displaying checkbox in alert dialog.,0.1661,0.1367
Java,How to pass a Input and Expected file name dynamically for Before All Method | Junit 5,0.1315,0.1367
Java,How to convert List of int array to 2D Array?,0.0687,0.1367
Java,"Getting ""The method is Empty() is undefined for the type Optional"" Error in Java File My Eclipse Java compiler doesn't recognize the is Empty method in my code.",0.2177,0.1367
Java,"Ways to get mysql(innodb) AUTO_INCREMENT Column, JDBC/getGeneratedKeys()/last_insert_id (in OkPacket) and LAST_INSERT_ID()According to mysql doc",0.2331,0.1367
Java,Postmapping not getting called when api called from angular to spring boot,0.1348,0.1367
Java,how can I get the integers from a comma-delimited text,0.0891,0.1367
Java,SSL CA name mismatchI a new to this ssl handshaking but I am having a linux server when i am curling a https end point I am getting the response(ssl verification is done) however when i am connecting via java it fails with the following error,0.3144,0.1367
Java,How to differentiate between a mobile POS device and an android phone,0.1216,0.1367
Java,Read merge cell in excel using Apache POI with Spring,0.0952,0.1367
Java,"My Spring Boot-powered Java FX application won't run: ""No qualifying bean of type available"" In order to config my Spring application, I use an application.",0.2159,0.1367
Java,Image is not shown in Java FX Image View I want to show an image in an Image View in Java FX.,0.1255,0.1367
Java,Drag items to canvas from menu in Android Studio,0.0902,0.1367
Java,Generic class for CRUD operations for domain models,0.1143,0.1367
Java,Cannot find symbol of Math class,0.0728,0.1367
Java,Question about connecting an external mobile to Android Studio I just started programming Java.,0.1673,0.1367
Java,Queue passing by reference I have the push method to implement a stack using two queues q1 and q2 here.,0.1495,0.1367
Java,How to make a class thread safe? How to make the following Java class thread safe?,0.1228,0.1367
Java,"Com.example path with errors When I was releasing an apk on google play I had to use a different package name cause of ""com.example"".",0.1829,0.1367
Java,How many times the word is used on the html page I have a method that should return an integer which is the number of uses of the search,0.1848,0.1367
Java,How to convert Integer to drawable I want to show an image in an adapter by using,0.1188,0.1367
Java,try-with-resources Statement resource leakage and Http Servlet Request Wrapper.get Read() resource leakage,0.1827,0.1367
Java,Compare Keys of more than 3 Hash Maps I want to compare the keys of four hash maps.,0.1177,0.1367
Java,Spring Boot - Injecting Repository into Controller throws Consider defining a bean of type 'Type' in your configuration,0.1929,0.1367
Java,Flutter how to write java code in flutter I have an application which runs correctly without any issue.,0.158,0.1367
Java,How To Pass A Method Reference With Parameter In Java?,0.096,0.1367
Java,Click button not allowing to add click count,0.0891,0.1367
Java,Tomcat log with 'java.util.logging' stops working after spring migration,0.1357,0.1367
Java,execute a .jar file from C# but it generates files at wrong location,0.1076,0.1367
Java,Why does this simple JDBC/JOOQ code creates 10 connections to my database?,0.1244,0.1367
Java,"Jar renamed as .txt: Will it load? Suppose I have a jar which is renamed to .txt, will the classloader be still able to load a class from it?",0.1877,0.1367
Java,How to update value on click in servlets?,0.0754,0.1367
Java,spring boot webflux couchbase API not showing results I am developing a spring boot reactive API to fetch updated results from a couchbase database.,0.2154,0.1367
Java,How to write async getter with Flutter/Dart?,0.0862,0.1367
Java,Hive UDF : Generic UDF cannot access struct from nested maphere is my hive table,0.13,0.1367
Java,Image to byte array in Codename One I need to convert an image into a byte array in my Codename One app.,0.1451,0.1367
Java,DRYing String spread across several classes I have a Spring Boot app that makes calls to several end-points of a third-party app.,0.1831,0.1367
Java,Unable to use Gradle and Maven projects in Intellij same workspace I recently changed my main module's (X) build tool into gradle.,0.1859,0.1367
Java,Java Cord on jar running I get java.lang.NoClassDefFoundError: org/javacord/api/Discord Api Builder I'm trying to make a discord bot in Java using Java Cord.,0.2154,0.1367
Java,Filter JSON string from String having json string and normal string in java,0.1286,0.1367
Java,Firebase: modify/update string number,0.1176,0.1367
Java,How can I compare ArrayList and String ignoring case?,0.1041,0.1367
Java,Not able to delete Perforce CL with shelved files,0.0935,0.1367
Java,Rounding LinearExpr with google or-tools SAT solver,0.1143,0.1367
Java,How to extract coordinates from add On Success Listener in Fused Location Provider Client,0.1546,0.1367
Java,What is the best way to cache large data objects into Hazlecast,0.1057,0.1367
Java,Variable with non-standard getter name not getting returned in Spring I am trying to return Remove Hold Pay load in my API.,0.1757,0.1367
Java,How to create Stacked bar chart Date time Category,0.0968,0.1367
Java,How to tell a Field Editor Preference Page to invalidate/redraw programatically?,0.1488,0.1367
Java,Get secret from azure keyvault azure Java servlet I am trying to get secret from azure keyvault.,0.1488,0.1367
Java,String.replace() is removing parts of my string i didn't tell it to,0.0991,0.1367
Java,Gzip compression not working in my project with Spring boot 1.5.10.RELEASE,0.119,0.1367
Java,Why JRE Library is changed after Maven Update in Eclipse?,0.105,0.1367
Java,Bubble sort and input I have to enter 3 jumpers who will jump 2 times.,0.1025,0.1367
Java,Layout appears offset on the top I want to fix how the layout appears offset on the top.,0.1278,0.1367
Java,Can't install JDK 8 in windows 10 I just had a computer with windows 10 already installed.,0.1318,0.1367
Java,Find X path for element in Selenium Java I'm trying to find a element in selenium with this X PATH.,0.1388,0.1367
Java,How can I Implement fast-fail strategy in jdbc driver loading?,0.1096,0.1367
Java,How to run a function and get a value and add it in text in Flutter,0.093,0.1367
Java,"When parsing JSON with java, how to getText() bounded by a maximum amount?",0.1191,0.1367
Java,Why am I getting Time Limit Exceeded (TLE) error when using Array List<String[]> instead of int[][]?,0.1451,0.1367
Java,Looking for the Spring profile in a component class always returns null For some context,0.1449,0.1367
Java,"Javers : ""PROPERTY_NOT_FOUND: Property 'id' not found in class"" happen randomly",0.158,0.1367
Java,How to get full page screen shot including all the content of scroll able popup using selenium,0.146,0.1367
Java,How to open a mbtiles files with java on desktop?,0.0808,0.1367
Java,Expected BEGIN_OBJECT but was BEGIN_ARRAY at line 1 column 12 path $.movies,0.1337,0.1367
Java,Could not run flutter project in VScode due to issue in gradle build,0.1111,0.1367
Java,Spring MVC deploy war to tomcat 8.5 I deploy my application using spring mvc to tomcat 8.5.,0.13,0.1367
Java,How to sniff which Java class (library) is writing to System.out?,0.1053,0.1367
Java,Reading large avro files from GCS bucket gives out of memory exception I'm trying to read large avro file from GCS bucket storage.,0.1848,0.1367
Java,Cannot clean and build java web application in netbeans [duplicate],0.1331,0.1367
Java,How to update an XML file that uses MAP in Java,0.0693,0.1367
Java,Partial query with Where statement using Elasticssearch 7 java api I am using the following to search.,0.1614,0.1367
Java,Veracode flaw CWE-93: Improper Neutralization of CRLF Sequences ('CRLF Injection'),0.1577,0.1367
Java,How does immutable object get cached and reused in java?,0.102,0.1367
Java,How to create sequence with thread.sleep in Java,0.0902,0.1367
Java,Extending userdetails.User with custom user class and still generating table in MySql with Spring Security,0.1778,0.1367
Java,Hibernate Pagination not working as expected,0.1273,0.1367
Java,How to save a file to external storage in the media directory in 2020?,0.1078,0.1367
Java,Getting Problem In Adding View Dynamically In Android in Relative Layout Hello Guys I was trying to make an app.,0.1665,0.1367
Java,Importing xml file in MS Excel - How can we automate this flow using Python or any other programming language?,0.1647,0.1367
Java,Getting Connection reset exception first time while calling API after sometime of interval,0.1662,0.1367
Java,Getting Target host is not specified I am calling prometheus server via Grafana,0.1386,0.1367
Java,Passing dynamic value as parameter to @Value annotation,0.1258,0.1367
Java,How to return DataSnapshot value as a result of a method?,0.0955,0.1367
Java,How to ignore field totally by its value when serializing with Jackson with annotation on that field?,0.1593,0.1367
Java,Guice Assisted : No implementation for java.lang.String annotated with @com.google.inject.assistedinject.Assisted(value=prefix) was bound,0.2161,0.1367
Java,Android Java Chain layout changes into one line instead of four I got the following code,0.1387,0.1367
Java,Is it possible to apply custom font for freemarker template,0.1134,0.1367
Java,"How to add String list view ArrayAdapter<String> am scan Qr code/Barcode, so I want to scan different qr code/barcode and arrange them is String listview.",0.2121,0.1367
Java,Start Spring Boot server despite database down I have this Spring Boot app that connects to a Postgre SQL database.,0.1722,0.1367
Java,JDBC Connection Progress Open Edge 11.1 from Java,0.0935,0.1367
Java,How can I find out why a particular Maven package is being included?,0.1093,0.1367
Java,Gradle:Can I use a flat Dir repository to include sources and/or java docs?,0.1138,0.1367
Java,How to make swing/java keep running even when user doesn't click on it,0.104,0.1367
Java,How to read specific range from a csv file and write to another csv file in Java?,0.1175,0.1367
Java,Why does not array get updated on successful delete?,0.1008,0.1367
Java,"Exception in thread ""main"" java.lang.Number Format Exception:For input string: on Intellij IDEA",0.1562,0.1367
Java,AWS Java SDK SSL CertificatesI have a JBoss AS7 connecting to AWS and specifically to S3 over the AWS SDK for Java,0.164,0.1367
Java,Modify Response Body when implementing Client Http Request Interceptor,0.1624,0.1367
Java,Problem: The use of J Option Pane stops my J Panels from switching,0.1043,0.1367
Java,App freezing when appending string in buffered reader while trying to get php output,0.1428,0.1367
Java,Stanford Core NLP can not detect sentence with numbering,0.1165,0.1367
Java,"I am building a Count Down Timer app, that starts on pushing the button.",0.111,0.1367
Java,Android - Use on Back Pressed for both fragment and Drawer Layout in java,0.1201,0.1367
Java,count sections of one in the matrix (java) My code should go over all the indexes of a matrix.,0.1335,0.1367
Java,Switch case doesn't print to the console?,0.0754,0.1367
Java,Python script can't find dependencies when running from java code,0.1201,0.1367
Java,java code if we want that only person which is authenticated in firebase can write while others can read which are not authenticated,0.1924,0.1367
Java,Touble when using Intelli Guard2 I have a trouble with using Intelli Guard2 in IntelliJ Idea IDE 2020.,0.156,0.1367
Java,How to allow the user to download a byte[] or base64 to their chosen directory,0.1191,0.1367
Java,How to pass param to mocked class method?,0.0754,0.1367
Java,Explanation of code for opening gallery intent in Android I am  a beginner in Android.,0.1373,0.1367
Java,Remove common entries from 2 Array list,0.0851,0.1367
Java,Spring Framework - Kotlin - Save Entity to XML I would like to create an XML file in the Spring Framework at the push of a button and download it.,0.1979,0.1367
Java,JSON Injection fortify fix in java,0.0819,0.1367
Java,Java: Calling a method on super type does not use the subtype's implementation,0.1269,0.1367
Java,I don't receive an action on my Broadcast Receiver - Android Studio,0.1125,0.1367
Java,Build to executable jar,0.0729,0.1367
Java,Java multi-schema generator using annotations I have a series of inter-related Java classes which form a super-set of possible schema.,0.1949,0.1367
Java,Gson format Java Object List to required JSON format,0.1034,0.1367
Java,to improve reuqest in java How can i get request in http request?,0.1018,0.1367
Java,Java JPA One To Many relation and query maybe duplicate question but I couldn't fina a solution for my case which I think is pretty simple.,0.1922,0.1367
Java,Getting Null values using Window Spec in spark/java,0.1001,0.1367
Java,How to populate data in test containers?,0.0859,0.1367
Java,"Hazelcast Sql queries in java How to use select, where and from in hazelcast sql queries?",0.138,0.1367
Java,action Listener and ajax event misbehaving in my code 1st click failed but 2nd click working as expected,0.1613,0.1367
Java,How can I send an email from my app to the user in android studio?,0.0934,0.1367
Java,how to configure spring security on sping MVC using a login API of another system,0.129,0.1367
Java,Anonymous-Inner classes showing incorrect modifier,0.1546,0.1367
Java,"Java:Beginner question: Why do I not get the numbers (1,4,9,16,25,36,49) from this code",0.117,0.1367
Java,Connect my Android app trough an api to my server on my localhost I have a problem.,0.1217,0.1367
Java,Why the java JDK cannot print out proper message in my terminalI just installed Java 11 on my windows 10 laptop.,0.1627,0.1367
Java,How to declare integer values as constants using enum class?,0.1141,0.1367
Java,Jackson Json Mapping Exception .No String-argument constructor/factory method to deserialize from String value,0.1932,0.1367
Java,Searching a string in a text file and learning which line is it,0.0986,0.1367
Java,"JPA and BigInteger fails I'm trying to store a SHA256 hash as a numerical value, which seems like the optimal way to do it from a space and indexing POV.",0.2061,0.1367
Java,Print Steam Full output only creates last data set,0.0968,0.1367
Java,"Microsoft Graph - Java; Authorization Code Provider : how to get the ""authorization Code""",0.1613,0.1367
Java,Error reading assemblies: Descriptor with ID <xml path> not found I've been trying to migrate my projects from Java 8 to Java 11.,0.1803,0.1367
Java,WebSocket Remote Endpoint unavailable issue sending data back to client,0.1497,0.1367
Java,How to configure MySQL Connection String 'use Affected Rows' in a specific session/connection?,0.1616,0.1367
Java,Get long/lat from shared place in google maps to your app,0.0898,0.1367
Java,Active Memory of the system is continuously increasing,0.1251,0.1367
Java,How to Get Available Disk Space *IN A FOLDER* from Java I have a requirement to send alert notifications if the disk in which I store log files reaches 75% capacity.,0.2224,0.1367
Java,Comparing paths (Windows/Linux) I would like to see if one of the two paths is inside the other.,0.1374,0.1367
Java,Dynamic snowflake jdbc connection in java,0.1137,0.1367
Java,Firebase Messaging Error : FATAL EXCEPTION: Firebase-Messaging-Intent-Handle,0.1745,0.1367
Java,Thread runs an infinite operation which I have no control over. How to stop it?,0.1214,0.1367
Java,Bottom Navigation Icon Elevation Android I am using in my project a bottom navigation view.,0.1501,0.1367
Java,Spring doesn't create distinct beans when @Autowiring with different generic types,0.1541,0.1367
Java,How is an Instance linked to Formal Parameter (or inferred) in Anonymous Class Method in Java?,0.1474,0.1367
Java,"A button should be clicked only two times in a minute, how should I check it?",0.1119,0.1367
Java,Attempt to invoke virtual method 'int com.yinkyade.scheduler.model.User.getId()' on a null object reference,0.1678,0.1367
Java,Spring jpa can't delete entity because a table has fk to it,0.0886,0.1367
Java,Java Maven ClassNotFoundException: com.mysql.cj.jdbc.Driver [duplicate],0.1581,0.1367
Java,For loop is printing out multiple print statements,0.1107,0.1367
Java,OpenJDK-11 issue while accessing Jaxb Jars packaged inside war/lib from tomcat/lib Jar We are having a custom utility jar in tomcat/lib folder.,0.2009,0.1367
Java,"NULL Pointer exception at Cucumber Step Difinition I am using Cucumber BDD with TestNG , however getting Null Pointer Exception at my step.",0.2055,0.1367
Java,Using java Boolean class as boolean type in SQL native query,0.106,0.1367
Java,create if statement on each individual line of a textarea object,0.1173,0.1367
Java,Why doesn't my 2nd shape appear in my JAVA program using awt?,0.0918,0.1367
Java,Query with composite PK collection via spring data (Hibernate JPA),0.13,0.1367
Java,How to display excel data in J Table in java,0.068,0.1367
Java,How can I generate several api classes with Open Api maven plugin?,0.1117,0.1367
Java,Reuse Antlr objects for a new input string (C++ runtime)?,0.0959,0.1367
Java,docx4j create numbered and unnumbered list,0.1182,0.1367
Java,How to pass LinkedList as value?,0.069,0.1367
Java,Parsing multiple picocli (sub-)commands and a shell,0.1086,0.1367
Java,How to send text messages with java using Apple Script and Terminal?,0.117,0.1367
Java,JPA: Why save and save All are working async?,0.0753,0.1367
Java,file:///storage/emulated/0/screenshot.png exposed beyond app through ClipData.Item.getUri() I'm trying to set up a share button on my app.,0.1908,0.1367
Java,How to handle JSOUP (version 1.12.1) exception java.io.IOException: Too many redirects occurred trying to load URL public static void main(String[] args) throws Exception,0.2346,0.1367
Java,Extract texts from a string,0.069,0.1367
Java,Corda bootcamp-cordapp throws java.security.NoSuchAlgorithmException: class configured for Key Pair Generator (provider: BC) cannot be foundI have just cloned the r3corda bootcamp-cordapp from https://github.com/corda/bootcamp-cordapp and followed the setup as mentioned in the Bootcamp video.,0.3797,0.1367
Java,Issues with adding user to LDAP server in Java using JNDI I'm having an issue with adding a user to my LDAP server in Java.,0.1684,0.1367
Java,How to check if a string has the same characters,0.0801,0.1367
Java,Intents keep coming back null,0.0797,0.1367
Java,What is the date type standard in Java? [duplicate],0.0925,0.1367
Java,"How to use microsoft graph rest apis for one drive etc offline, without user login?",0.1305,0.1367
Java,Kafka Streams Scala grouping on 2 fields to get distinct count I have the following Key-Value data in my Kafka topic,0.1676,0.1367
Java,Force java.net.Http Url Connection to return GET-response regardless of Http-Status-Code,0.1449,0.1367
Java,Invalid HTML when using Remote WebDriver and Internet Explorer 11 in a Windows10 environment (Selenium/Java),0.1793,0.1367
Java,Flux data depends on data later in the stream - Seeking better patterns,0.1231,0.1367
Java,Analyze weighted 2d points to figure out likely and unlikely locations for events,0.1436,0.1367
Java,Deserialize XML and get value using Java,0.0891,0.1367
Java,Error trying to start a JDA Discord Bot on VPS,0.074,0.1367
Java,Daily Rolling File Appender creating and writing to 2 files parallely,0.1314,0.1367
Java,Facing issue in extracting value from nested json Array,0.1132,0.1367
Java,Generic Iterator<E> behaves differently when a Raw Type of Collection object is passed to method which accepts Generic parameter,0.1967,0.1367
Java,"Cannot discover Yeelight bulb via my PC, have tried multiple languages and ways but im stuck",0.1459,0.1367
Java,In webdriver what are the essential attribute(s) that checkbox must have to check that check box is check or seleted I have the below outer html for a check box.,0.218,0.1367
Java,Issue sending traces from a docker container to a Jaeger docker container running in a VM,0.1408,0.1367
Java,Selenium clicks on a wrong link[https://i.stack.imgur.com/ZOP14.png] I am trying to click the submenus of particular menu after the mouse hover onto it.,0.2062,0.1367
Java,Converting String to Date is Formatting Year Incorrectly,0.1323,0.1367
Java,How to call method from 1st method to 2nd method in a class The number is given and we need to find if it is a square number or triangle number?,0.1935,0.1367
Java,Android - How to get Path object of an SVG programatically?,0.1065,0.1367
Java,Video uri is saving null in Firestore Basically the problem is that 'imagedata' is null.,0.1403,0.1367
Java,How to enable next item in Recycler View?,0.0754,0.1367
Java,Requesting the same input if user enters an invalid option,0.1104,0.1367
Java,Why does this Spring Boot/Thymeleaf button hide my data or not work at all?,0.1138,0.1367
Java,using spring boot and crud how to update list for two class (there are relation between them ) in the same time,0.1587,0.1367
Java,Options Menu in Material Search Bar with No Action Bar - not showing the icons of overflow menu items and no action by clicking on item?,0.1903,0.1367
Java,Synchronize Recycler View data between two devices?,0.13,0.1367
Java,Android BLE scanning O/S Android 11.,0.0699,0.1367
