Programming Language,Questionnaires,Difficulty,Average Difficulty
C,Cannot display all the element of my array in C?,0.0892,0.145
C,Segmentation fault (core dumped) in C code.,0.0964,0.145
C,LUMBER JACK question using domino effect to maximize the profit,0.1352,0.145
C,Resize image without using cairo_surface_set_device_scale,0.2175,0.145
C,how to uninstall MinGW and make cygwin 'make' as deafult make program with gcc 3.8.1 How to uninstall MinGW?,0.1842,0.145
C,Getting exit status of terminated process I'm trying to get the exit status and of each process whether it returned 1 or 0 and get the sum of each (number of 1s and number of 0s).,0.2945,0.145
C,"specific number of integers My requirement is to print x numbers of prime integer. So my code starts off by asking user to input a number, e.g. 7, I want it to produce 7 prime numbers.",0.3009,0.145
C,How it calculate size of array using pointer to array?,0.1068,0.145
C,"Get Stuck when calling function in main function I'm a beginner in writing C language code. When i call a function into main function, my code gets stuck. When i debug my code, it is free of error but when i run it, it is stuck. I have no idea.Can i know why? How should i solve it?",0.4576,0.145
C,How to call C++ function from C?,0.0548,0.145
C,determine pointer length in a typedef struct [duplicate] How to determine pointer length in a typedef struct?,0.198,0.145
C,Using graphics.h or the Turbo-C compiler on a Mac,0.0881,0.145
C,"Thread locking a (possible) destoyed mutex I have 2 thread-safe lists (same type), where each node has a mutex (I know that it's not the optimal solution, but that's what I was asked to do).",0.3082,0.145
C,"How do I request characters from a user, and then print the size of the characters?",0.147,0.145
C,How to put variable on nested loop?,0.0718,0.145
C,Muxing video H264 and data with mpegtsmux Gtsreamer I would like to mux H264 video and data (like a buffer or file) with mpegtsmux.,0.2216,0.145
C,Will EXECVP system call supports IO redirections,0.1238,0.145
C,How does a compiler choose which function to link?,0.1031,0.145
C,What are the rules about using an underscore in a C identifier?,0.1184,0.145
C,Reboot required to recover from error by `clBuildProgram`?,0.1363,0.145
C,"Pointers On C exercises 6.18-2, my solution does not work",0.1028,0.145
C,Pthread heap buffer overflow I tried to create a multithread server using pthread. The compiling failed and gave a heap buffer overflow error.,0.2442,0.145
C,"Structures and memory management, C I'm trying to understand some things about structures and memory management.",0.2055,0.145
C,How to impelment custom I/O code with cryptlib?,0.0936,0.145
C,"Linux+C : fork() and waitpid() acting funny I'm taking an OS undergrad course, and I'm unable to correctly do a lab practical question that came last year in exams.",0.2679,0.145
C,GNU readline library handle EOFi use readline library (GNU) to show a prompt and get datas,0.1623,0.145
C,Saving getline() output to an external array The external array srclns should keep each read line from a text file. But reading it's content afterwards seems like read lines are empty strings. What am I missing in the code below?,0.3682,0.145
C,Closing thread pool down after all work items are complete,0.1205,0.145
C,Is there a way to map a certain type of data from all source files in a directory to a memory section in a linker command file without being explicit?,0.2502,0.145
C,":( encrypts ""a"" as ""b"" using 1 as key expected ""ciphertext: b\..."", not ""plaintext: a\...""",0.1438,0.145
C,Why am i not able to get output from pipefd[0] and not getting printed?,0.1234,0.145
C,"fopen is freezing the program I'm making a small C program to count the number of lines of a file but every time I compile and run it in my terminal, the program is freezing (not showing any error, but the program can't read the next inscrutions)",0.3978,0.145
C,I don't understand the behavior of fonts in X windows Given the sample program,0.142,0.145
C,Getting some stuff in output of the C program,0.0895,0.145
C,"Reasons for ""Segmentation fault (core dumped)"" when using Python extension and FFmpeg I want to write a Python C extension that includes a function convert Video() that converts a video from one format to another making use of FFmpeg 3.4.8 (the libav* libaries).",0.4144,0.145
C,Create a gst pad from a static pad template [GStreamer pipeline],0.1258,0.145
C,How can we have nested structures in C?,0.0761,0.145
C,Segmentation fault at 'FeedForward()',0.134,0.145
C,trouble in c with characters issue Closed.,0.0983,0.145
C,directing file output to the console,0.0928,0.145
C,Unexpected Output- long double,0.1075,0.145
C,Delete N nodes after M nodes in Linked list L,0.0824,0.145
C,can't read argv[2] from main function in C I am trying to run java jar using system() function from stdlib.h but I can't print argv[2],0.2224,0.145
C,debugging problems with vscode and some misunderstandings about call by reference in C,0.1719,0.145
C,Strange behaviour in C programming The program bellow is supposed to do two things. First is to reverse a string and the second is to find in that string the most and the least seen character.,0.3143,0.145
C,What can I use for input conversion instead of scanf?,0.1039,0.145
C,Why does my Srand() never chooses 2 when i choose 1?,0.091,0.145
C,functions like gethostbyname() and getlogin_r() stopping runtime execution on remote debugging,0.2049,0.145
C,How to detect that a C/C++ file is using windows specific stuff,0.1119,0.145
C,scanf( ) is not taking input in terminal,0.085,0.145
C,Why isn't internal pull-down resistor working on STM32F411CEU6 (Black Pill Board)?,0.1574,0.145
C,Cross-compiling older version of gcc (4.8.2) on Ubuntu 14.04 fails in configure script,0.1503,0.145
C,Self Referenced Class in Java,0.0799,0.145
C,How to use bit-level operations to convert single-precision floating-point numbers to integers,0.1784,0.145
C,A program using dynamic memory allocation in c,0.1026,0.145
C,Can you create an array of Structure inside of another structure in C language?,0.1474,0.145
C,"In Visual GDB, how to set to break when a variable is changed?",0.1094,0.145
C,How to modify a pcap file in C?,0.0487,0.145
C,How to include .cfg file path for libconfig?,0.0908,0.145
C,"Running C/C++ code with VS code always throw ""exited with code=1 in 0.123 seconds""",0.1395,0.145
C,Why am I getting segmentation fault using strcmp?,0.1104,0.145
C,copying array vs copying int cost and performance in c,0.1088,0.145
C,swapping values in c to reverse array but the array/memory blocks remain unchanged I just wanted to reverse the array.,0.2051,0.145
C,How can I read a row of numbers from a .txt file in c?,0.0867,0.145
C,Are there any advantages/disadvantages of using a for loop incrementing over an integer versus character pointer?,0.2088,0.145
C,Reading variable-sized structs into a common buffer and parsing the bytes accordingly,0.1695,0.145
C,Why is there a difference between these 2 results?,0.1031,0.145
C,How can I convert virtual address from user space to physical address?,0.1366,0.145
C,"Entirely threadsafe, re-entrant libc On this page of the Open Group specification on POSIX, it enumerates a list of C standard library functions that need not be thread safe, but can be if the library programmer decides so. Is there any reasoning behind these specific functions not needing to be thread safe?",0.4858,0.145
C,"Sending a UDP broadcast is detected by TCP dump as leaving Open WRT router, but not by Wireshark on the receiving computer",0.2105,0.145
C,How are raw (hex) bitmap data created and is it possible to view them without a different program?,0.1714,0.145
C,Drawing top line in viewport using GL3,0.086,0.145
C,why do i not get the 3 tries in the gussing game?,0.0819,0.145
C,why assigning Value to int member of structure causing segmentation fault?,0.1552,0.145
C,How do I fix collect2 error while compiling an old MUD?,0.1028,0.145
C,Dynamic char array with null terminationi wanted to create a function that can dynamically append a char array,0.1994,0.145
C,How I can set Japanese language at VS Code?,0.081,0.145
C,\b is not working. \\ is givin the wrong output. Why putchar() behave differenlty in while scope than in if clause?,0.1939,0.145
C,how to set canon EDSDK - Contrast not support error,0.104,0.145
C,Resizing windows in curses,0.0889,0.145
C,How do I fix conflicting types for 'gettimeofday' when compiling a MUD?,0.136,0.145
C,"Why does GTK 4 report ""assertion 'GTK_IS_WIDGET (widget)' failed""?",0.1404,0.145
C,How to make types configurable with preprocessor directives in C?,0.1391,0.145
C,Update dwm status string from another thread,0.1087,0.145
C,how to divide two intengers and get a result with decimal numbers?,0.1262,0.145
C,"Binary search issue in cIf i entered  the 4th index element in x it runs correctly, if i entered other elements in the array it returns -1",0.2306,0.145
C,What is the use of global pointer in a structure in C,0.094,0.145
C,What is an undefined reference/unresolved external symbol error and how do I fix it?,0.1543,0.145
C,Why my conversion specifiers doesn't work properly in C,0.1117,0.145
C,Syntax of printf in C,0.0406,0.145
C,How do I write a short C program that accepts words and prints them?,0.1214,0.145
C,I couldn't read text section from binary using capstone library,0.1267,0.145
C,How does select() monitor without using cpu cycles to poll,0.1166,0.145
C,Whats the meaning of this C?,0.0555,0.145
C,"Couchbase C SDK LCB_ERR_TIMEOUT (201) Error issueI was originally having issues with getting authentication errors when trying to do update a bucket. I then updated the server to a more up to date Couchbase server. Now I keep getting timeout errors, specifically LCB_ERR_TIMEOUT (201) when trying to do upsert into the bucket. Is there a possible issue in network or am I doing something wrong in code?",0.619,0.145
C,How to create a custom Preprocessor with Snort?,0.1036,0.145
C,"Too many arguments and char[22] errors in C I'm getting 2 errors at the end of this code: 1 - Too many arguments in function call and Expression must have struct or union type but it has type ""char*"", respectively. Where did I go wrong?",0.3789,0.145
C,how to check input data is correct or not in c,0.0798,0.145
C,"Profiling embedded software using Gprof in Eclipse I am trying to run Gprof in Eclipse IDE in order to profile my embedded software, that runs over linux.",0.2584,0.145
C,"Readability, why won't Coleman-Liau index formula work when I plugin words, letters, and sentences?",0.1796,0.145
C,Why did coder assign value of struct pointer to a static struct?,0.121,0.145
C,"After entering any value of p,r,n. I am getting SI=0 onlyAfter entering any value of p,r,n. I am getting SI=0 only.",0.1917,0.145
C,program goes in infinite loop when eof is used Below Program is compiled successfully with no error but it goes in Infinite Loop.,0.2214,0.145
C,mysql_stmt_bind_result() fails if the statement includes a RETURNING clause,0.1798,0.145
C,How to remove a word from text file in C program?,0.0863,0.145
C,"Bison nonterminal useless in grammar, rule useless in parser",0.1346,0.145
C,Is it thread safe to call socket send to different sockets from different threads?,0.1545,0.145
C,How to hook memory I/O in windows kernel mode?,0.0833,0.145
C,Dequeuing Duplicates I am having a problem.,0.1021,0.145
C,Generate & Comparing Loop using Functions in array - C Programming I'm new to c programming. Please teach me and help me to simplify this.,0.2316,0.145
C,Not able read from input output files in Sublime Text 3,0.1046,0.145
C,How can I convert a string of binary numbers into characters in C (each character has to have a nibble)?,0.1785,0.145
C,Right inputs but incorrect output when reading though a file in C,0.1253,0.145
C,Closing FTDI Comm port with Close Handle() takes a lot of time I'm working in a C/C++ program that communicates with a RS232 device.,0.2196,0.145
C,Is there any time.h function to get the date 14 days?,0.0923,0.145
C,"Why I can't print 0 with %7.d or other %x.d in C Can someone help me in printing 0 with %x.d i.e. %1.d, %2.d, %3.d, etc.",0.1985,0.145
C,How do i port my application across the different viewports,0.1235,0.145
C,Sample program in C Studio,0.0651,0.145
C,Concatenating two strings but getting null. please pont me error in this I am trying to copy two strings to a new pointer. this is to concatenate string pointer with sub pointer. Trying to make the output in new pointer str. what is wrong in this?,0.3963,0.145
C,i am trying to read from a file and print in another file the code does not work,0.1377,0.145
C,"utf-8 Codification, strange characters, GUI doesn't work I am developing a MQTT app that takes some values through a board and bring it to a GUI.",0.2416,0.145
C,address boundary error while sorting struct with qsort in c,0.1235,0.145
C,Printing a value to console avoiding the usage of standard libraries I'm faced with the problem of printing (in console) a value without using any library.,0.2593,0.145
C,keypad function return wrong number in Scan,0.1049,0.145
C,why my answer is only partially accepted in a hackerearth practice problem,0.1487,0.145
C,"Merge sort algorithm in ANSI C I'm learning ANSI C and for a class I have to implement a merge sort algorithm in it. ​I'm following the book's guide. But, for some reason I can't have it working.",0.32,0.145
C,sorting an array such that absolute values are sorted and positive values are printed before negative valuesfor the given code,0.2243,0.145
C,gtk4 transparent drawing area,0.1066,0.145
C,"\v Vertical tab character not working in C (showing male gender symbol) Does anybody know why whenever I input \v, it outputs the male gender symbol?",0.2481,0.145
C,Print all inputted number by the user in C,0.08,0.145
C,Signal safety of __sync_fetch_and_add() I have a program that accepts socket clients and forks a child process.,0.2022,0.145
C,limited input from user in struct help please this doesnt work properly,0.1409,0.145
C,do constant calculations in #define consume resources?,0.1409,0.145
C,Trying to parse string into struct members,0.1011,0.145
C,Why is my loop stopping at the first argument (char of argv) in C?,0.1138,0.145
C,How to save data for user log in/ register using a hash table?,0.1094,0.145
C,"getting logical error as Stack is empty , what is the error?",0.113,0.145
C,Is it possible to convert struct type array to linkedlist in C/C++?,0.1203,0.145
C,Why the do while loop is not working properly here?,0.098,0.145
C,Trying to pass an array with variable size and it's not working properly,0.1323,0.145
C,"stopping add Ch() from over writing frollowing chars (ncurses, c) I working on a basic ncurses program and ran across this issue.",0.219,0.145
C,"GtkComboBox with entry causes `gtk_entry_set_text: assertion 'text != NULL' failed` I'm trying to write a ComboBox with entry, containing Text with a list store.",0.2693,0.145
C,Threads Share local variable?,0.1016,0.145
C,"STM32 linkerscript initialization sections, are they needed when using C?",0.1606,0.145
C,re-declaring a global variable after its definition in C,0.1147,0.145
C,Undefined behaviour reading lines from a file I'm getting some odd behaviour when I use this function to read in the contents of a file then split it into individual lines using a double pointer.,0.3194,0.145
C,initializing a tree in c i am trying to initialize a tree data structure but everytime i invoke initTree(); my program terminates without any output my initTree():,0.2706,0.145
C,Process that reads redirected output and redirects its output to the next child and so on,0.1626,0.145
C,Does [DllImport] imports whole DLL lib each time?,0.1055,0.145
C,"When char array is passed to a method, the array looses its valueI have method which accepts ""constant char*"" as a parameter. But when I pass the below array to the method ""*SendUartMessage(int uartFd, const char dataToSend)**"" only first two hexadecimal values are showing inside the method in the parameter. To be precise as the third value is zero 0x00, it blocks the other values pass inside the method. Can any one provide solution to pass all the array value inside the method.",0.7409,0.145
C,Openss l failed EVP CIPHER I want to use OpenSSL1.1.1k to construct an sm4 cmodel program.,0.1571,0.145
C,"Is (a = 0, a) + (a =1, a) undefined behaviour for int a?",0.082,0.145
C,"key-repetition for multiple keys in cI was wondering if it was possible to change the key repetition behaviour(on Linux) in such a way that instead of it starting to spam one key as input it goes through all the pressed keys instead (perhaps system(""something"")?",0.4173,0.145
C,Why did we allocate memory for matrix with double pointers?,0.1215,0.145
C,"I can not use auxiliary functions from zephyr ( tty.h) file I am building a project and I have the board stm nucleo_l496zg. All i want to do is to use the drivers from the board in order to communicate the board after west flash with minicom, it is a simple string transfer and response program.",0.4699,0.145
C,How to assign a pointer to a list and print it out in c?,0.0929,0.145
C,Linux device driver not behaving as expected I am trying to write a simple device driver.,0.1614,0.145
C,C error handling: if error return int code else value?,0.1048,0.145
C,is there a way to make this program even faster?,0.0892,0.145
C,How can I concatenate a string and a variable which is types of int?,0.1214,0.145
C,Crashing when using free in the incorrect way,0.0992,0.145
C,"JSON Serialization to buffer (C language) When I use the function json_serialize_to_string in library parson, the Serializated buffer always has error.",0.265,0.145
C,"Get File Attributes W causes Access violation reading location x (GetLastError returns 8) I am currently trying to implement a program that loads multiple files into memory, for further processing.",0.3243,0.145
C,How to switch the focused window with X lib,0.0832,0.145
C,C Code to send commands to a specified console I got a problem and no nothing on the whole internet has proven a solution.,0.2073,0.145
C,FIFO connected both sides in C,0.0673,0.145
C,Where is the source of imprecise calculation in the assembler code of gcc -Ofast compared with -O3?,0.1767,0.145
C,Why are same addresses sent into function?,0.0983,0.145
C,"open syscall mode argument number confusion On x64, ubuntu 20 machine, I wrote a simple C program",0.1737,0.145
C,what is the point of set dev/null to standard out in a child process,0.1192,0.145
C,Place macros in a library or convert them to functions?,0.1097,0.145
C,Efficient Embedded Fixed Point 2x2 Matrix Multiplication in ARM Cortex-M4 C code I am trying to implement a VERY efficient 2x2 matrix multiplication in C code for operation in an ARM Cortex-M4.,0.3167,0.145
C,Segfault when storing reg to var in section,0.0923,0.145
C,STM32 cube IDE LED not blinking,0.0716,0.145
C,How to extract numbers inidvidually on a date then storing it into an array - C Language,0.1579,0.145
C,Why is the value of (tete->val)=0 And Not 1823,0.0744,0.145
C,Why I can't use printk() to print string to the console I am trying to add some system interface made by myself to Linux-0.11 and using bochs to debug the interface.,0.2724,0.145
C,"what does ""undefined reference to `pow' "" mean?",0.1031,0.145
C,"Memcheck, a memory error detector with valgrind I have a little project I need to submit, but I get an error with valgrind I need help with.",0.234,0.145
C,How can I use the same address in a C program that will be the same every time I restart it,0.1548,0.145
C,gtk_label_set_text: assertion 'GTK_IS_LABEL (label)' failed when attempting to change label text in GTK+3 C,0.2014,0.145
C,Array only deletes half of the duplicated values,0.1095,0.145
C,"Why redefining a structure with same name, contain values of the 1st structure, even if the 2nd structure is declared after the first is destroyed?",0.2484,0.145
C,Setting the location of the linux kerne l header files during C program compilationI am looking to compile a C code (using gcc) that is defining header files as,0.2664,0.145
C,Create an array of null-terminated strings from standard input,0.1323,0.145
C,open ssl AES CTR send output in C I need to send an encrypted data through a socket in C.,0.1512,0.145
C,"Reading non-ascii characters from a file in C I have a file, foo.",0.1128,0.145
C,POSIX -- what are intended use cases for termios members?,0.1186,0.145
C,Tracking calls of Windows RNG APIs inplemented in C program,0.1235,0.145
C,Please help me to remove a blank line from the filechar temp[100];,0.1193,0.145
C,How can I use the Win32 toolbar standard bitmaps outside of a toolbar?,0.1307,0.145
C,Out-of-source build with yacc/bison and tab.h best practice I'm trying to use out-of-source builds with a project using GNU bison & flex for parsing and lexing.,0.2645,0.145
C,How can I keep a program from ending in C,0.0706,0.145
C,How to count identical 1 kb blocks of 2 files in c?,0.0871,0.145
C,Why is my C program continuously run forever without the usage of loop?,0.1332,0.145
C,Embeded spv shaders throws error while running program,0.13,0.145
C,Use mmap to map a single file multiple times. Will the changes be applied to all locations?,0.1609,0.145
C,Pass an array of pointers to function argument I am trying to construct a bus network using adjacent linked list graph data structure.,0.2305,0.145
C,Segmentation Fault (Core Dumped) in C Program,0.1068,0.145
C,C program outputs weird characters,0.1044,0.145
C,How to read a binary file from the end to the start in c?,0.0953,0.145
C,freeing SDL_Surface causes Segmentation fault (core dumped)am using sdl 1.2 for my game project i want to move my surface so,0.2123,0.145
C,"STM32F103 blue pill - problems related to blinking led bare metalI come across a problem when trying to run this code in order to blink the built-in LED (located at PC13) on the blue pill board (STM32F103C8, ARM Cortex M3):",0.3578,0.145
C,Dynamically allocating array with the [] operator instead of using malloc?,0.1596,0.145
C,How can i call the number from the list that has been created?,0.1109,0.145
C,Do I need to use `uint8_t` to do arithmetics on a `uint8_t` pointer?,0.1197,0.145
C,Communicate two child fork processes with FIFO I made this program with pipes to communicate two processes with PIPES.,0.2109,0.145
C,"How to access memory dynamically without using dynamic allocator include the brk, sbrk and mmap",0.1794,0.145
C,How to avoid -nan(ind) error when using the pow function.,0.1047,0.145
C,Send a time_t with UDP protocol I'm trying to send a time_t value over a UDP socket.,0.1448,0.145
C,Reducing number of function arguments by macro in C I have a quastion about C functions. Is there any possibility to do something like:,0.2296,0.145
C,Transferring data from a C buffer to Python for plotting with Matplotlib in Visual Studio 2019,0.1736,0.145
C,Should I put a C++ macro guard in every header file?,0.091,0.145
C,C Programming - Counting signals in signal handler I am working on signals in C programming.,0.1699,0.145
C,How to create multiple SIP call at a same time with PJSIP,0.1044,0.145
C,"Using C programming, Implement a Least Recently Used (LRU) algorithm using a proper data structure such as linked list or bitmap or hash table",0.2413,0.145
C,organizing C libraries in Visual Studio Suppose,0.12,0.145
C,Segfault when using fopen I am getting segmentation fault when I use fopen function.,0.1593,0.145
C,Having a bad output in Arduino program i have a problem with this Arduino  program,0.1498,0.145
C,How does C uppercase letters?,0.0759,0.145
C,"after generate the rpc files and try to compile it i get an conflict error First of all, how am I able to return a pointer from a procedure.",0.2336,0.145
C,Manipulate second (auxiliary) mouse inputs with python Xlib or C-API on ubuntu 20.04 LTS,0.1579,0.145
C,Conflicting types compiling a LD_PRELOAD wrapper I tried to use LD_PRELOAD to hook sprintf function,0.1898,0.145
C,ld: version node not found for symbol,0.0793,0.145
C,How to write conditional statements inside a Makefile in C?,0.1215,0.145
C,Does arrays in C takes separate memory to store the address of the first element?,0.1475,0.145
C,How can I diagnose / get more information about this Julia error?,0.1268,0.145
C,"No memory leak, but confusing errors from valgrind when using malloc and file pointers",0.164,0.145
C,Why can't I write more than 2GB? I am using this code to measure the writing bandwidth of my computer.,0.1738,0.145
C,"Get_next_line : Abort when BUFFER_SIZE between 8 and 15 on MacI am currently completing my ""Get_next_line"" project.",0.2135,0.145
C,Creating a function to ask question from the user using scanf in C,0.1223,0.145
C,C avoids cycles in type graphs by using structural equivalence for all types except records,0.1716,0.145
C,Understanding double pointer to an array in C,0.0992,0.145
C,(C) Dungeon game - Valgrind Conditional jump or move depends on uninitialised value(s),0.1643,0.145
C,"after user input my if else else if loop, does nothing (CS50 pset1)",0.1203,0.145
C,Exited segmentation fault in c I was trying to merge two stack into one but its show segmentaion error.,0.1809,0.145
C,How can I pass a struct compound literal to a function as argument?,0.1233,0.145
C,"Too many arguments to function ‘pthread_create’As the title i am trying to figure out how I can pass in all my start routine functions arguments into my pthread, but I am not having great luck with it",0.3266,0.145
C,Freeing memory pointed by members of a struct,0.0992,0.145
C,SDL2 C the image is not displayedI want to create a quiz game.,0.1109,0.145
C,Why does the compiler completely ignore the first for loop then goes to the 2nd loop?,0.1526,0.145
C,"Everytime ctrl + z is pressed a random number is generated Moving straight to the issue, how do I make Ctrl+z do what the title states?",0.2255,0.145
C,printing c console output to txt file I need a little help with this C code.,0.1328,0.145
C,AVX2 set __mm256d variable to all ones I am trying to make a constant all binary ones __m256d variable.,0.1809,0.145
C,Typecasting char * to struct * in Cchar *constant is the pointer to the head of my linked list.,0.1648,0.145
C,Why is it considered a bad practice to omit curly braces?,0.1083,0.145
C,C - invalid branch to/from Open MP structured block I have a code in c that counts the numbers of occurrences of specific words but I want to do it with openmp.,0.2645,0.145
C,"How can I rewrite hamming code (7, 4) to (63, 57) I have found hamming code (7, 4) I guess... but how to rewrite it to (63, 57).",0.2042,0.145
C,Added core Dump Path to launch.json in VSCode,0.0895,0.145
C,"strtof() function misplacing decimal place I have a string ""1613894376.500012077"" and I want to use strtof in order to convert to floating point 1613894376.500012077.",0.278,0.145
C,Making Bingo Game: How to check if element in array is duplicate and change it's value without being duplicate again to other element Our teacher wants us to make a bingo game that will generate a random bingo card.,0.3491,0.145
C,"The included dirs in Make file are not used For using some specific constants of MPTCP such as MPTCP_ENABLED, I include ""<linux/tcp.h>""in iperf_tcp.c and modify the Makefile by inserting dirs "".../include/generated/uapi"" "".../include/uapi"" "".../include"" to support. However, after I make the project, it still has problem with iperf_tcp.c:1319:39: error: ‘MPTCP_ENABLED’ undeclared (first use in this function)",0.62,0.145
C,Why int* returned from function has the correct value?,0.1135,0.145
C,C - Freeing memory allocated with malloc I'm programming in C and have a function insert() that allocates memory with malloc(). This function is called from another function named SJF(). The SJF() function calls insert() multiple times.,0.3732,0.145
C,The Request is not supported while trying to use Wincrypt RC4,0.1212,0.145
C,When is it better to use smaller integer types rather than the default 32 bit?,0.1407,0.145
C,C can I return array instead pointer and if not can I work with pointer?,0.127,0.145
C,Changing Directory of STM32 Cube IDE Projects,0.1124,0.145
C,How does Direct2D1.RenderTarget.FillOpacityMask work,0.1609,0.145
C,Link issues with cmake/make,0.07,0.145
C,Why is the function initialized in the if statement?,0.1094,0.145
C,In what logical segments of the processes do the variables exist?,0.1304,0.145
C,How to calculate the CPU usage of a process by PID in Linux from C?,0.1156,0.145
C,Is LONG_MAX -1 in 64bit machine?,0.0692,0.145
C,Discovery Server in C (database with structs may be?),0.1081,0.145
C,"Why popular programming languages like c, c++, java, python, PHP doesn't support postfix (Reverse Polish Notation) or prefix expressions?",0.2368,0.145
C,Expected 'float **' but argument is of type 'float (*)[3]',0.1041,0.145
C,forward message from a user to the other users on the server,0.1122,0.145
C,"assignement from incompatible pointer type in C I have a linked list of a struct,",0.1475,0.145
C,Parking fee using CBeginner here. I just wanted to know how and where I went wrong with this code. I’m having problem with using the modulo for the time.,0.2538,0.145
C,How to encrypt/decrypt using key index in OpenSSL EVP APIs?,0.1138,0.145
C,Strange Efficiency Decrease when Localizing a Global Variable into a Subthread,0.168,0.145
C,Is there any benefit from declaring variables at the beginning of a function?,0.1481,0.145
C,why doesn't the added element get saved in the final list?,0.1054,0.145
C,Compilation Failed when trying to access header files from other directory,0.157,0.145
C,Why ternary operation may be undefined Working with GNU/GCC,0.1235,0.145
C,How would I replace the 3 above bits in brackets with the 3 bits below in C?,0.1303,0.145
C,Why can't we directly assign the address of a 2D array to a pointer?,0.1179,0.145
C,"Making two objects in C more object-oriented First, this is merely an academic question.",0.1621,0.145
C,I am trying to digitally sign and verify using a github repo but can't seem to generate random number properly,0.1909,0.145
C,"Permutations and 2d arraysI want to check if three matrices A,B,C with same dimensions are permutations of each other(contain same elements with the same number of repetitions in every 2d array) and return 1 if they are and 0 if they are not.",0.3906,0.145
C,Callback in C without function pointers,0.1056,0.145
C,"CS50 week4 filter less, How can I get a copy of a array?",0.0945,0.145
C,Linux Shell in C - warning: excess elements in struct initializer,0.1351,0.145
C,Add static library czmq to C project (CMake) I am writing a project in C using the ZeroMQ library.,0.1688,0.145
C,C bitfield with assigned value 1 shows -1,0.083,0.145
C,Checking return value of a function without return statement,0.1368,0.145
C,how to set a break point malloc_error_break lldb,0.1095,0.145
C,"getnameinfo 5 second stall for link local addresses Resolving a link address, e.g. ""fe80:0:0:0:1df5:94d:4c6c:6b43"" using the getnameinfo function on macOS 11.2 (Big Sur) results in a 5 second wait.",0.3196,0.145
C,C Lion: Can't include Math.h,0.0453,0.145
C,"What is the exact work, that the getchar() is doing?",0.095,0.145
C,How does this array element access syntax work?,0.1036,0.145
C,How to generate non-repeating numbers in C?,0.0898,0.145
C,How to fix output for a simple shell,0.0683,0.145
C,converting a string to a simple one character value in C language,0.1253,0.145
C,How can I write a dynamic amount of lines and assign them to array in C,0.1231,0.145
C,Why is it bad practice to declare an int in a for loop?,0.0935,0.145
C,Is there a way to find the position of a duplicate window?,0.1054,0.145
C,Uncrustify function pointer spacing after star,0.1354,0.145
C,I need to find the count of even and odd primenumbers from a file. What is wrong with my code?,0.16,0.145
C,How do C structs wrapped in C++ classes interact when passed as a parameter of the same type as the struct?,0.1823,0.145
C,Reading and writing in-memory data,0.0843,0.145
C,"Building a dynamic library, and linking other dynamic libraries on which it depends",0.163,0.145
C,Why does sizeof applied to a structure with a flexible array member not produce the allocated space?,0.1812,0.145
C,How can i make a Make file for a GMP project,0.0743,0.145
C,How to import Homebrew SDL2_image with CMake (Mac M1),0.1103,0.145
C,Object files boundaries within a binary using toplevel-reorder,0.1431,0.145
C,How to work around compiler built-in types in C standard header files,0.1298,0.145
C,Accessing elements of an array of integer pointers using only pointer arithmetic,0.1644,0.145
C,"No source available for ""__tmainCRTStartup() at 0x4013c1""I have a problem with debugger on Eclipse.",0.1845,0.145
C,__asm and PCLint 9.0L Error 14: Symbol 'TS_IntDisableAsm(void)' previously definedI using the PCLint-Check 9.0L for a Project and got the current Error Message during a Lint-Check on all Lint-Object-Files(*.lob) of the Project:(__asm ​​및 PCLint 9.0L 오류 14: 이전에 정의된 기호 'TS_IntDisableAsm(void)' 프로젝트에 대해 PCLint-Check 9.0L을 사용하고 모든 Lint-Object-Files(*.lob)에서 Lint-Check 동안 현재 오류 메시지를 받았습니다. 프로젝트:),0.6147,0.145
C,"String is given, get rid of duplicates and show frequency in hexadecimal instead I need some assistance.(문자열이 제공되고 중복을 제거하고 16진수로 빈도를 표시합니다. 대신 도움이 필요합니다.)",0.2579,0.145
C,How to find the smallest element that might have duplicates in a Linked List in C(C의 연결 목록에서 중복이 있을 수 있는 가장 작은 요소를 찾는 방법),0.2031,0.145
C,Draw the reflex effect for cairo text For draw the reflex effect we have to draw the image with flip y.(카이로 텍스트에 대한 반사 효과 그리기 반사 효과를 그리기 위해 플립 y로 이미지를 그려야 합니다.),0.2656,0.145
C,What does this syntax *((unsigned int *)(buffer+i)) mean in C(C에서 이 구문 *((unsigned int *)(buffer+i))은 무엇을 의미합니까?),0.1805,0.145
C,"C recursive function using pointer arthimatic updates values, but not pointer arthimatic values(포인터 관절 값을 사용하는 C 재귀 함수는 값을 업데이트하지만 포인터 관절 값은 업데이트하지 않습니다.)",0.2576,0.145
C,"What type casting address, when assigning to pointer, does?(포인터에 할당할 때 주소 유형 캐스팅은 무엇입니까?)",0.1564,0.145
C,"How to best emulate the logical meaning of _mm_slli_si128 (128-bit bit-shift), not _mm_bslli_si128Looking through the intel intrinsics guide, I saw this instruction.(_mm_bslli_si128이 아닌 _mm_slli_si128(128비트 비트 시프트)의 논리적 의미를 가장 잘 에뮬레이트하는 방법 인텔 내장 함수 가이드를 통해 이 명령을 보았습니다.)",0.4269,0.145
C,Multi line input from stdin using fgets()(fgets()를 사용하여 stdin에서 여러 줄 입력),0.1266,0.145
C,Extern declaration follows non-extern declaration in same scope(Extern 선언은 동일한 범위에서 비 extern 선언을 따릅니다.),0.1864,0.145
C,Is it possible to send out float value with realtime signal?,0.1166,0.145
C,Drawing pixels which connect 2 points I'm trying to draw the direction of my player on a minimap.,0.1689,0.145
C,How to replace substring in a string with another string in C?,0.1158,0.145
C,Do Struct-style register definitions consume RAM So I've been scouring the internet for an answer and have not gotten anywhere.,0.2197,0.145
C,C - split String into strings [duplicate],0.1009,0.145
C,Using a function pointer on a non-struct/union Is there a simpler way to 'bind' a function pointer to an object in C?,0.1967,0.145
C,Graphs: for an adjacency matrix,0.0857,0.145
C,"What is the effect of extern ""C"" in C++?",0.0627,0.145
C,Portable Executable File Without Any Dependencies Nor Import I have a program installed on my computer.,0.1921,0.145
C,Chaining assignment in an if condition,0.1014,0.145
C,Why is this result in the for statement?,0.0795,0.145
C,Why two different variables in two dirrerent fucntions share same memory location in C? Why my code is showing this kind of behavior?,0.2278,0.145
C,Why does isnan(x) exist if x != x gives the same result?,0.0936,0.145
C,free(): invalid pointer aborted core dumped,0.1127,0.145
C,Reading lines from a text file in C,0.0649,0.145
C,How to store a value from a MySQL database in a C variable,0.1025,0.145
C,Multi dimentionnal for loopIs there a simple way to convert this,0.1294,0.145
C,How can I search for matching records in a text file in c basing on a search criteria.,0.1489,0.145
C,Flush output buffer every N chars I would like to flush my buffer after every three characters are typed in (instead of the \n).,0.2155,0.145
C,Is this an correct C program?,0.0598,0.145
C,"Input variables use random values instead of the ones I want them to use The inputs V, A and e inside the main function take on random values. Instead, I wanted to give them values through the inputs. I assume that it's because of the variables not being initialized in the graph function but these values come from structures. What did I do wrong?",0.5493,0.145
C,How do I find where a string in is saved in my virtual memory?,0.1071,0.145
C,Why is my C Socket client failing to receive data and it is failing with an error code of 104.,0.161,0.145
C,What is the difference between the two statements in c?,0.1097,0.145
C,C command line arguments with Windows.h I'm making a simple window program in C with windows.h (I'm quite new to this).,0.1994,0.145
C,Int-pointer type could not be assigned int-pointer type?,0.1127,0.145
C,Can't create message queue in Linux subsystem on Windows,0.1147,0.145
C,"printing with pointers and strings (C)can someone explain why this prints out : ""d ce""",0.1536,0.145
C,"Is there any way to return a string starting at a certain index without using the library functionschar* string = ""Hello, what's up?"";",0.2245,0.145
C,How can I include a variable in remove() function?,0.0987,0.145
C,Socket Programming — recv() cannot get all data,0.1087,0.145
C,What's wrong in my 'if' statement I am getting a garbage value?,0.1103,0.145
C,What does this assignment to a string literal do?,0.0999,0.145
C,insertion in a singly linked list at a specific position,0.1147,0.145
C,About generating make file prerequisites automatically,0.1694,0.145
C,"Euler 10, Sum of primes to 2000000 I have a problem with my algorithm.",0.1247,0.145
C,how do I count the amount of prime numbers each thread has found Ubuntu?,0.1308,0.145
C,passing pointer to a reading pointer of a string to a function parameter,0.1372,0.145
C,Double precision is different in different languages I'm experimenting with the precision of a double value in various programming languages.,0.2488,0.145
C,How to make a nested list in C using a single linked list struct format which contains a void pointer and a recursive pointer to the struct?,0.2354,0.145
C,Is there a way to repeat characters in a string in C?,0.0923,0.145
C,Stack around the variable 'returnedstring' was corrupted I am trying to write a function that will return the largest ASCII letter from each word.,0.2484,0.145
C,C: how to use realloc on Strings properly in this program?,0.1093,0.145
C,"bus error and ""Segmentation fault"" with a minimal code containing a struct in C",0.146,0.145
C,Create c or c++ program that only Use ntdll.dll,0.0843,0.145
C,Removing elemenets from the matrix diagonals,0.1269,0.145
C,SAL annotations for returning reference counted objects,0.1503,0.145
C,Disconnecting ZeroMQ socket and ZMQ_EVENT_DISCONNECTEDThe ZeroMQ API documentation states that the event (source here):,0.2394,0.145
C,"how to solve ""expected statement {""",0.0935,0.145
C,"Expand macro to no code: ""do {} while (0)"" or ""while (0) {}"" In my code I use a macro that should generate a log entry or it should not according to some compilation flag:",0.2739,0.145
C,Undefined intel_sse4_strlenI am running into an issue.,0.1437,0.145
C,How fast is accessing a struct member in C? Is the process of accessing a struct member any slower than accessing a direct variable?,0.2243,0.145
C,different between sizeof(p) and sizeof(*p) while p has base type of a matrice,0.1358,0.145
C,"I cannot return pointer to local variable, but I can return pointer to data of local struct in c?",0.1679,0.145
C,why is a signal-handler calling signal() in his method-body?,0.113,0.145
C,Finding non-integer in a string,0.0716,0.145
C,Can the qsort comparison function always return a non-zero value?,0.1304,0.145
C,Parse command output to a variable with file descriptors,0.1242,0.145
C,How do I link x64 linux asm and c together?,0.0745,0.145
C,How to display unicode for treble clef to GLUT(Open GL) screen?,0.1167,0.145
C,Storing a string in another variable in C I am writing a program to check if the given string is a palindrome or not.,0.1983,0.145
C,How do I use C11 atomic functions or MIPS ll/sc to synchronize access to a large data item?,0.1569,0.145
C,How do i add boolean in c?,0.0377,0.145
C,How to make program working properly after using goto?,0.1157,0.145
C,fatal error: bson/bson.h: No such file or directory,0.096,0.145
C,"Change time from UTC to local time in C I would like to output in local time, America/Los_Angeles to the log file. Currently",0.21,0.145
C,How to detect periodic GPIO change in PIC I am using a PIC12F675 microcontroller with the MPLAB X IDE.,0.1789,0.145
C,struct tm becomes PST when passing through a function,0.1147,0.145
C,Why the value is changed for the Read-Only Compound Literal?,0.1166,0.145
C,How to allocate memory for a struct with a member of unknown variable size?,0.138,0.145
C,Taking an input through array of pointers,0.0973,0.145
C,Scan a line with spaces and symbols to separate the entries and using structures in C,0.1538,0.145
C,Find most frequent letter in C Here is my code to find the most frequent letter in an string.,0.1609,0.145
C,Does JNR-FFI UTF8String is zero-terminated after passing to C?,0.1221,0.145
C,problem pthread_mutex_lock wait forever if it is inside for loop,0.1381,0.145
C,"After storing the char Y (input from user for looping) in my condition variable, my while loop still not executing?",0.1989,0.145
C,Benchmarking C struct comparsion: XOR vs ==Say we have a simple struct in C that has 4 fields:,0.1621,0.145
C,Why am I getting undefined symbol 'sprintf' in Code Vision AVR using C language?,0.147,0.145
C,How does OpenMP use the atomic instruction inside reduction clause?,0.145,0.145
C,GCC check if an expression will execute in a constant time,0.1129,0.145
C,Use an array and allocate memory in a struct (Flexible array members),0.1324,0.145
C,read from text file and write in a binary or hex file Would please somebody tell me why i constantly get coredump segmentation?,0.2177,0.145
C,using lock struct (mutex) inside threads i am trying to sync between threads to read lines from a txt using a mutex.,0.1975,0.145
C,what happens when function doesnt explicitly return a value?,0.1346,0.145
C,Port setrlimit RLIMIT_CPU to windows,0.1143,0.145
C,"Unable to build sqlcipher3 on Windowsafter building sqlcipher, copied sqlite3.c and sqlite3.h in the root folder",0.2024,0.145
C,"confusing about what kmap doesso I read that kmap is mapping physical page to the kerne l memory but when I use this to edit some user pointer (like copy to user), but  when I edit the buffer that kmap return to me it doing nothing. isn't it should map the user memory to the kernel and return the virtual address that points the physical user memory?",0.5574,0.145
C,Trouble Opening File in C I am very new to programming (and this website) so thank you for your help and your patience.,0.2015,0.145
C,Error: core dumped in a acquisition of a string in C I am trying to acquire a string in C and verify its length.,0.1886,0.145
C,fatal error: 'linux/bio.h' file not found When I try to compile my eBPF program with bio.h included I get an error.,0.1923,0.145
C,What is the difference between char *name[10] and char (*name)[10]?,0.1189,0.145
C,How to check a if a string contains a letter in c?,0.0845,0.145
C,"The pointer problem in C language, does anyone know why the output of this code is different?",0.1652,0.145
C,Why do I get 3221226356 error when calling free in C?,0.0973,0.145
C,How can I fill a 2D array spirally in C?,0.0657,0.145
C,Is it safe to fork from within a thread?,0.0715,0.145
C,how to use goto for this for loop?,0.059,0.145
C,"Inserting into an arrayIn this task, you need to illustrate the process of inserting an element into an array.",0.1938,0.145
C,Difference between #pragma omp parallel and #pragma omp parallel for,0.1459,0.145
C,Why 5 % -2 is giving 1 in C language [duplicate],0.0813,0.145
C,failed to merge target specific data of file /usr/lib/libc_nonshared.a(elf-init.oS),0.1508,0.145
C,My string assigning correctly into my char array (C),0.1072,0.145
C,Ignore macro if it is not defined,0.067,0.145
C,Adding a byte to the first byte of an uint32 I'm playing little bit with bitwise operators in c.,0.1649,0.145
C,Eclipse Build Variables Relative to Path Variables My project has external resource files linked to a folder on my computer.,0.2194,0.145
C,Using a Taylor series to find sin(x) in C I have an assignment where my professor wants us to calculate sin(x) using a taylor series.,0.2221,0.145
C,"If char *name = ""Emma"", why is &name not the same as &name[0]?",0.0972,0.145
C,"C - issues with sizeof (featuring strtok)Edit: I later discovered this issue mainly stemmed from my confusion with sizeof , and replacing it with strlen was pretty much my solution.",0.2974,0.145
C,Algorithm for multiplying polynomials using linked list in C,0.1368,0.145
C,c - sendto/recvfrom not getting correct information on some end,0.1313,0.145
C,Two sum -leet code Address Sanitizer problemint,0.1172,0.145
C,Declaring a Array of Struct using Variables in C++ Trying to make it to where a struct array can be changed by typing out the requested limit.,0.2373,0.145
C,Reading 23 bytes even the buffer is of 10bytes I know it's very dumb but I really don't get what the heck is happening here.,0.2084,0.145
C,String literal to char array literal,0.0928,0.145
C,Right place to store .glade files?,0.0777,0.145
C,Can someone tell me why the functions are not returning a value?,0.121,0.145
C,Segmentation fault on mov instruction x86,0.1141,0.145
C,How to accept file argument in C?,0.0642,0.145
C,how to have correctly multiple variables in same shared memory segment I am trying to have 2 integers in the same memory segment,0.2204,0.145
C,"Why `&` is not allowed in C, but in C++ in this case? Is there any defference?",0.1273,0.145
C,Object material does not change in openglI need to change the ball material to chrome.,0.1589,0.145
C,Is there something like maven-shade-plugin in C or C++ when linking?,0.1227,0.145
C,Nested Linked List Adding Nodes I have a nested linked list within an object that contains file names.,0.1818,0.145
C,data segment containing heap data or static variables,0.1266,0.145
C,The st_dev parameter of a stat structure negative value,0.1211,0.145
C,CMake ignore custom toolchain file.,0.1054,0.145
C,function pointer prototype which takes three integer pointers as arguments and returns character pointer,0.2081,0.145
C,Why does general-purpose register w0 change value in arm64?,0.1215,0.145
C,Good practice with reading file with getc() Lets say that reading a file with getc(),0.1504,0.145
C,How to compile c language with different options with vscode?,0.1274,0.145
C,Thread never gets the lock (pthread_mutex_lock)Story,0.1361,0.145
C,Keil ARMCC int64 comparison for Cortex M3I noticed that armcc generates this kind of code to compare two int64 values:,0.2077,0.145
C,Cannot send or receive data through UART on PIC24F development board,0.1404,0.145
C,How can I return the pointer to a specific node in this Binary Tree?,0.1214,0.145
C,Can't delete printf I wrote for testing in the beginnig I have a function to read data from text file to a linked list.,0.201,0.145
C,how to send a file using sockets in c,0.0642,0.145
C,Intellisense not working for C/C++ in Visual Studio code,0.1107,0.145
C,"How ""else"" works in ""1 line if"" in C?",0.0533,0.145
C,How to make two threads execute alternately?,0.1058,0.145
C,How to implement Scanf while using pointers in C,0.099,0.145
C,C Timeout when calculate sum of every combination multiplication of three arrays,0.1644,0.145
C,"libuv simple send udp I'm doing a multiplatform shared library in C, which sends UDP messages using libuv, however I don't know much about libuv and I don't know if my implementation is good, or if there is another solution besides libuv.",0.3835,0.145
C,how to check variable validity and how to send array of structure to function?,0.1451,0.145
C,CS50's pset3 Tideman... my lock function doesn't seem to work I've been trying to solve an issue I have with the lock_pairs function.,0.2221,0.145
C,How to broadcast message from one process in a communicator A to all processes of a communicator B in MPI using C language?,0.2105,0.145
C,use peprocessor macros to generate function calls,0.1276,0.145
C,Why does the same command work differently in Makefile than it does when ran manually?,0.1589,0.145
C,How to read strings from a file and store them as objects without using two loops,0.145,0.145
C,Memory out of bounds or Read error for Programming ARM cortex M4,0.1227,0.145
C,c - can't get multiple strings with scanf() I've been struggling to get two lines seperated with space and my scanf() is not working properly,0.2343,0.145
C,if statement with modulo operator inside for loop,0.1129,0.145
C,Get Decimal Number From String in C,0.0746,0.145
C,"fgets is ignored, and problem passing value into an array of structures",0.1392,0.145
C,Returning an array using C,0.0651,0.145
C,How do we sign a char an integer value in C and take a sum?,0.0974,0.145
C,Invalid read of size 1 Valgrind So I got this error from when using Valgrind: Invalid read of size 1.,0.1736,0.145
C,VSCode - disable comments auto-formatting for C codeI just installed an extension prettier in vscode to autoformat my code.,0.2188,0.145
C,Why does it seem that func is the same as &func in C?,0.0871,0.145
C,String to integer conversion giving wrong output I was solving the time conversion problem in hackerrank using call by value of C language.,0.2396,0.145
C,"C language - Read .csv file, problem with searching for a specific value I have a problem with my code.",0.1767,0.145
C,How can I malloc a struct array inside a function?,0.0951,0.145
C,How can I duplicate an array of pointers in C?,0.0833,0.145
C,Passing array from main function to other functions in C,0.1147,0.145
C,How to accept user input in Visual Studio Code integrated Terminal?,0.1359,0.145
C,Linking libraries in Xcode C-lang I have a project which makes use of a 3rd party library.,0.1571,0.145
C,Is this use of macros in C portable?,0.0658,0.145
C,node pointer to point to an array of node pointers I'm having trouble understanding pointers with nodes and arrays.,0.2019,0.145
C,Issues with sscanf in C,0.0504,0.145
C,How to generate 32-bit dll from a C git repo,0.0743,0.145
C,Finding the middle number out of three (without if-else and such),0.122,0.145
C,"Hashtables in C In this code I need to initialize, insert in a hashtable and print the values in these 2 stuctures:",0.1966,0.145
C,"File transfer completes, but program doesn't receive end of file condition to stop writing in C",0.1706,0.145
C,A pointer to array of pointers to function,0.0889,0.145
C,Sending and receiving file size successfully in C I want to be able to send a file from the client to the server.,0.1923,0.145
C,How to convert struct's function to C,0.0717,0.145
C,Robocopy - will it produce corrupted files if I stop it before it finishes?,0.1401,0.145
C,Is it safe to assign a struct member pointer to another dynamically memory allocated pointer?,0.1748,0.145
C,Redeclared extern FILE *stderr; libfprintf,0.1359,0.145
C,"Accessing label address outside of function I'm writing ""threaded interpreter"" using computed goto.",0.192,0.145
C,MPU6050 SLEEP bit gets set while writing to accelerometer config register,0.1542,0.145
C,"C code stops when it suppose to run scanf line I wrote a code which is supposed to count how many active bits (1s) are in a binary number that it gets from the user, considering the input is a correct binary number.",0.3497,0.145
C,"Tracing a program from its entry point with ptrace (linux, c) I want to trace registers & instructions of a program using ptrace.",0.219,0.145
C,Possible to know section of memory a variable is located? Is there any way in a C program to know the section that a variable is in?,0.2212,0.145
C,d get text failing to translate string,0.086,0.145
C,Why Valgrind reports Address 0x522da08 is 0 bytes after a block of size 8 alloc'd?,0.146,0.145
C,Printf with conditional format,0.1125,0.145
C,Visual Studio error: 'strcpy_s': too few arguments for call I have run following C code in the Code::Blocks IDE and it worked properly without a problem.,0.2537,0.145
C,Why do I receive two SIGCONT signals?,0.0793,0.145
C,Parse Readings and send it via ESP-NOWBriefly,0.0992,0.145
C,Organizing lines of a file using C,0.0708,0.145
C,How to iterate items in a table using the C API,0.0826,0.145
C,Problems generating Eclipse CDT project from C Make,0.1198,0.145
C,"Process returned -1073741819,conversion from binary to decimal",0.155,0.145
C,Is using if (0) to skip a case in a switch supposed to work?,0.0996,0.145
C,problem : compilation successful but wrong result,0.1416,0.145
C,self made shell problems,0.0771,0.145
C,Invalid initializer when calling malloc in C?,0.1096,0.145
C,How does Inserting a New Node into a Linked List Exactly Work in C?,0.119,0.145
C,Can I call a function from unknown source safely?,0.0999,0.145
C,Delete a specific node in a linked list,0.0786,0.145
C,Zlib decompress bytes with unknown compressed length in C I am trying to write my own png reader without any external libraries.,0.2216,0.145
C,Read a file character by character and pass them to an array in C,0.1157,0.145
C,reading utmpx without FILE* in c I'm having a issue with my program I want to read in the users from the utmpx file and output it but I keep getting strange output.,0.2715,0.145
C,Get chunks from the bytes of a PNG in C I'm trying to separate the chunks of a png's bytes in C.,0.1609,0.145
C,Linux kernel driver hooking syscall not working,0.12,0.145
C,How render latex fonts and formulas in Cairo C?,0.0936,0.145
C,Redirecting thread to another function,0.1241,0.145
C,"Blurring an Image in C: Code only half works My goal is to blur an image in C (not C++), by taking the average of all surrounding pixels.",0.2255,0.145
C,cs50 cash not returning desired outputcs50 greedy algorithm description,0.1716,0.145
C,CS50x Pset 2 Readability: Why are L and S not correctly calculated?,0.1272,0.145
C,How do I prevent infinite stdin looping?,0.0907,0.145
C,Why do I get the warning 'control reaches end of non-void function' even when the return is guaranteed,0.1778,0.145
C,Running Splint on C Project | Include Problems & Running on a Complete Project,0.1525,0.145
C,Where does the execution happen after a thread has called pthread_wait is now signalled?,0.1688,0.145
C,"Reading a text flle ""line by line"" into an array in c I want to modify this function  to read files line by line into an array.",0.2112,0.145
C,How to print 1 when any bit of a number equals 0?,0.0819,0.145
C,Using main() parameter vectors,0.1026,0.145
C,How do I convert/truncate any big number to its first 3 digit in C?,0.1156,0.145
C,How do I get the digit from my input and print it out?,0.0911,0.145
C,Continue executing a stopped process with SIGALRM in C the job is to continue executing a child process I stopped when I receive a SIGALRM signal.,0.2467,0.145
C,Windows 10 C Wildcard Directory Search With Find First File api Fails,0.1357,0.145
C,I need help accepting a newline from a user input in cIs there a way in c to accept multiple new lines from a user and print it to screen?,0.2308,0.145
C,How to pass values between processes after using the fork() call?,0.1268,0.145
C,Reverse order in array of char in C,0.0649,0.145
C,Difference between free() function with or without malloc This is part of cs50 pset5 speller.,0.1722,0.145
C,Freeing dynamically allocated arrays in C inside second function,0.1495,0.145
C,sample application - Client does not have certificate,0.1371,0.145
C,CS50 Task Resize More I am unable to reduce the BMP file correctly,0.1223,0.145
C,Can i make window unresizable in sokol using sokol-app.h? Is it possible to make window unresizable without pain of scaling graphics?,0.2278,0.145
C,Linked list program only printing last two nodes of list I wrote a program to create and print a single linked list.,0.1993,0.145
C,Can't declare variable in switch case,0.0822,0.145
C,"Trace/breakpoint trap if I free a pointer, but the same thing does not happen in the other if statements",0.1804,0.145
C,"In C/C++, I am trying to call different functions (explained in description) in a for loop without if-else ladder",0.1918,0.145
C,Return values and constraints for asm (assembler code) using gnu Extended Asm,0.1532,0.145
C,How does the static allocation of a protoent struct work?,0.1156,0.145
C,What's the best approach to check if in a array of lists a single list is empty after I used calloc?,0.1696,0.145
C,How to prevent system from taking the sentinel value as an input?,0.1236,0.145
C,How do I add a Y/N to the following code?,0.0642,0.145
C,Arduino calculating with pins I just searched for a library for an LCD.,0.1332,0.145
C,How to run multiple C codes on Clion?,0.0692,0.145
C,Wireshark not capturing HTTP response/request from/to loopback IP I'm programming a simple web server in C.,0.1889,0.145
C,"CS50 Readability, How to print the total number of letters?",0.1195,0.145
C,wrong output after strcat in xv6,0.0758,0.145
C,"I can't input a string in c So I've tried so much but I can't input a string even using: fgets, gets, scanf, and scanf(""%[^\n]%*c"",pharse).",0.2242,0.145
C,Why are test cases not passing in this c program?,0.0921,0.145
C,I'm trying to count the numbers in a string in C What's wrong with my code?,0.1263,0.145
C,"How can i create an inline copy of an function I want to have a function that, also has an inline version.",0.1798,0.145
C,PYBIND11 call into C function with variable argument list I am using Pybind11 to call C functions from the Python.,0.1999,0.145
C,Correctly use ifdef to do custom debugging I'm trying to print message only if it's a debug version.,0.1727,0.145
C,What's the best way to turn some spaced integers to an array in C using getchar()?,0.1407,0.145
C,C depth-first-search - how to handle not enough file pointers being available?,0.1475,0.145
C,correct output but online judge won't except question:,0.1157,0.145
C,Is it UB to give a char argument to printf where printf expects a int?,0.1225,0.145
C,isdigit function is not catching mixed values in argv[],0.1167,0.145
C,"Swift / C interop, struct data change in Swift not updating back in C",0.1252,0.145
C,"Once You Free() a Struct, the Struct’s Pointer is Still Active?",0.1134,0.145
C,How to access my user mode thread_local variables inside my windows kernel driver?,0.1605,0.145
C,Why does the MPI_Alltoallv function interface forces data to belong to only one array?,0.164,0.145
C,Why does the typeof function not working in C,0.0895,0.145
C,Cannot find what is wrong in CS50 Pset4 reflect?,0.0968,0.145
C,Expand macro inside string literal,0.1044,0.145
C,Explain the algorithm and check whether the number is a prime number or not?,0.1403,0.145
C,Program With 2 Inputs from the User to Calculate Prices of Products in C,0.1323,0.145
C,What does it mean to have a zero sized array of pointers?,0.1028,0.145
C,How to block multiple usage of an enum element to a macro function during compile time,0.156,0.145
C,Interrupt handler chaining in real mode,0.1056,0.145
C,error: called object is not a function or function pointer.,0.1195,0.145
C,Does a freed memory set pointers referencing to it to null?,0.1138,0.145
C,Inserting value in the back of linked list,0.0889,0.145
C,how to print out only unduplicated charaters in a string?,0.1156,0.145
C,Segmentation fault using pthread and arm-linux-gnueabihf-gcc I have been trying all day to fix a segmentation fault that only occurs on one device.,0.2484,0.145
C,how to allocate space in a struct,0.067,0.145
C,CS50 Speller Segmentation Fault Issue During Misspelled Words,0.1541,0.145
C,multithreading server store messages from clients and print them after x seconds,0.1644,0.145
C,Number of bytes recv()'d larger than the amount of data stored in the buffer?,0.1358,0.145
C,How to fix error when complice the makefile with mytee,0.1088,0.145
C,how to lock a file so that other process cannot cat it?,0.0975,0.145
C,Is an external linkage inline function really inline?,0.1241,0.145
C,"I don't know why the computer shows ""variable-sized object may not be initialized"", can somone help me please?",0.1892,0.145
C,config-temp/qemu-conf.c:1:10: fatal error: sys/endian.h: File or directory not found,0.1449,0.145
C,Does libdrm talk to kernel DRM/graphics card via ioctl()?,0.1117,0.145
C,GeniCam Standard XML format I am trying to include some configuration XML file that complies with Geni Cam standard for a camera application in C.,0.2482,0.145
C,How to stop repeating the values of variable and catch all values?,0.1262,0.145
C,how do i get a lower time complexity with a nested loop,0.0992,0.145
C,num of output files is different from num of files that opened when i run my code the output file is filename.as.ob.ent;,0.2027,0.145
C,Check is string is in given format in C,0.0706,0.145
C,Print Pattern Using Iterative Approach I am an absolute beginner to C.,0.1366,0.145
C,Is floating point math broken?,0.0808,0.145
C,request for member 'sval' in something not a structure or unionI am getting an error in my parser for a toy language I am making.,0.2169,0.145
C,Use mbedTLS to pull public certificate chain from a server and store as a string,0.1466,0.145
C,How to add a string to then beginning of binary file,0.0963,0.145
C,Segmentation fault in C for Stack implementation using arrays with pointers,0.1597,0.145
C,Issues cross compiling libnftn l for armlibnftn l had a dependency on libmn l and I cross compiled libmn l separately for ARM.,0.2159,0.145
C,What is the order of execution in these type of cases?,0.1001,0.145
C,How to make a digital clock with an 8051 microcontroller,0.1147,0.145
C,How to count the number of words and sentences per string in c?,0.1134,0.145
C,Why is the positioning of the newline character before the string leading to it not getting printed?,0.1812,0.145
C,error compiling code - 'for' loop initial declarations are only allowed in C99 mode,0.1584,0.145
C,CS50 Filter(less) blur functionI'm extremely new to CS and thought I would turn to the community for help.,0.1833,0.145
C,"Crash or ""segmentation fault"" when data is copied/scanned/read to an uninitialized pointer",0.1721,0.145
C,Why does splint suggest that { 0 } doesn't really initialize all elements to zero in C: Initializer does not define all elements of a declared array,0.2471,0.145
C,(C language ) Can i use an fopen instruction inside another fopen instruction?,0.1525,0.145
C,Make an https request using sockets on linux,0.0957,0.145
C,clock() returning negative time difference on Windows machine,0.1491,0.145
C,Unable to convert character array elements as integer elements in C,0.1377,0.145
C,Why is this binary search tree level order traversal not working?,0.1304,0.145
C,"Specifying a scanset along with the 'h' width modifier in ""swscanf"" doesn't work with MSVC",0.1598,0.145
C,"read argv[1] into say ""key"" using atoi. Should only accept int. If a non int like 3g is entered how do I reject is as non int",0.2069,0.145
C,printf outputs too often,0.0771,0.145
C,Comparison of godbolt assembly of basic C program,0.1129,0.145
C,Why is there a continue statement in xv6's scheduler algorithm?,0.1249,0.145
C,"cs50 filter ""blur"" pset4 This code for cs50 filter ""blur"" compiles, but when I run it, it says, index 600 out of bounds for type 'RGBTRIPLE [width].'",0.2426,0.145
C,InternetOpenUrl with self signed certificate,0.1536,0.145
C,it shows output more than 4 times I was trying to make a program in C that basically asks the user some information about the people they live with.,0.2474,0.145
C,When I'm accessing memory values in my microcontroller why is it pointing to the end of my data value?,0.1765,0.145
C,Why is the sum of my array (using a pointer to calculate) incorrect?,0.1227,0.145
C,How to always link math in sublime text?,0.0795,0.145
C,"how to restart socket properly in a multithread c/c++ programBackground: My code structure: I have a master socket on main thread, then each time a new client is coming, the threadpool will be notified and let one pre allocated thread take the task.",0.397,0.145
C,Query regarding the default return type of a function in c++,0.1148,0.145
C,A few questions about dynamic memory allocation,0.12,0.145
C,"how to interpret ""shift/reduce"" conflicts in bison",0.1114,0.145
C,How to understand index of while loop in binary search?,0.1097,0.145
C,linked-list in C showing the last 2 elements only,0.0941,0.145
C,Download File from a Server using TCP Sockets on Unix in C / C++ without additional libraries,0.1664,0.145
C,"How can I represent a given memory layout, rather than mathematical value, in C?",0.147,0.145
C,is it safe to throw an exception or call Queue User APC again inside an APC routine?,0.1473,0.145
C,"FFMpeg, libav, Problem with sws_scale and yuv to rgb conversion - colors are not correct",0.1645,0.145
C,Variadic Macro doesnt compile,0.1066,0.145
C,How to identify what is causing the Segmentation fault,0.1179,0.145
C,Convert IPv6 to IPv4 format in c++?,0.0661,0.145
C,How to identify OCaml extensible variant type value in C?,0.1156,0.145
C,Cross-compilng C program for ARMv8-A in Linux X86_64 system,0.1156,0.145
C,Why there is another bytes in stack which not allocated by local variables?,0.1431,0.145
C,Multiplying matrices in generalI wrote a programm for multiplying matrices together.,0.1828,0.145
C,"Cannot read from UART port, Beaglebone Black I am trying to read data from UART1 of Beaglebone Black.",0.1787,0.145
C,C++ program giving weird int value after looping,0.1045,0.145
C,Why segmentation fault doesn't occur with smaller stack boundary?,0.1391,0.145
C,Difference between the following codes in array Reversal in C I was solving some basic problems in C on hackerrank.,0.2019,0.145
C,Can anyone explain why the outputs are different in C and Java?,0.1184,0.145
C,Print elements from array of matrices in C?,0.0898,0.145
C,Does PIC16f877a microcontroller follow little endian byte ordering system?,0.1788,0.145
C,how to offload precise ADC oversampling with RISC-V GD32VF103CBT6 Development Board,0.1722,0.145
C,Convert decimal to binary with billions number in C,0.1084,0.145
C,How do i save different kinds of input?,0.0761,0.145
C,Why does it takes a little longer to display 'Hello' after terminating a For loop before the printing syntax?,0.1908,0.145
C,"Is it possible to compile multiple dependent C files, without creating header file?",0.1614,0.145
C,CRC16 CCITT code - how to adapt manufacturer sample sourceI try to create a code that would read data from RFID reader module.,0.2161,0.145
C,How to implement terminal scrolling?,0.1103,0.145
C,HTTP filter - pass request based on subrequest response,0.1285,0.145
C,How to input unknown number of user strings? How to read unknown number of user inputted strings?,0.1737,0.145
C,Sorting struct from binary file in C,0.0784,0.145
C,Type casting: double to char: multiple questions Consider this code:,0.144,0.145
C,"A realloc noob usage, working for some cases otherwise a seg faultint* dynamic",0.1491,0.145
C,how to insert nodes in red black tree node?,0.081,0.145
C,"How can I print a variable size ""string"" in C using a for loop?",0.1067,0.145
C,Coccinelle rule to match foo() call inside an if,0.0946,0.145
C,How can I write a function that will find the index with the lowest value,0.1306,0.145
C,question regarding filed in C - how to scan print get,0.1019,0.145
C,"Declaration of Structure in multiple header files If I define a structure in a.c then how can I access that structure in multiple header files say a.h, b.h, and c.h?",0.2724,0.145
C,making random values in one function be same for each run while random values in another function be different for each run,0.2132,0.145
C,swprint equivalent - replacing wchar_t with char,0.1373,0.145
C,implicit declaration of function [-Wimplicit-function-declaration],0.1834,0.145
C,Struct fscanf in file C,0.0504,0.145
C,Adding 0's if it found any of the element with 0's and push that it to last element,0.1405,0.145
C,Sharing variables between C and Javascript for real-time dashboard,0.144,0.145
C,"Cannot use CSS in GTK+ 3, using Gtk Css Provider",0.0872,0.145
C,Problems with sorting algorithm (descending order) in C I have a function that I want to be able to sort an array in descending order.,0.2256,0.145
C,"SDL-Image: Couldn't open image, only error msg",0.0883,0.145
C,expected 'const csim_stats_t * {aka const struct <anonymous> *}' but argument is of type 'csim_stats_t * {aka struct <anonymous> *}',0.2322,0.145
C,printing an X using while loops,0.0716,0.145
C,how can i store a string in an array in c?,0.067,0.145
C,sorting C file numerically I have some structs in my file and I have to sort them numerically (I have to sort the ID of students for example),0.2357,0.145
C,"Bison code error :scanner.y:1.1-7.2: syntax error, unexpected {...} I'm writing a lexer and a parser with flex and bison.",0.1981,0.145
C,How do I compare length of two strings of two struct members?,0.1132,0.145
C,Why my C program is giving wrong output but the code is right?,0.1109,0.145
C,C char array from python string I have a list of strings in python which I'm trying to pass down to a C extension for character analysis.,0.2297,0.145
C,C program returning default case before it should execute?,0.1283,0.145
C,Include header file only if it is available in C?,0.0921,0.145
C,How to send array as pointer to function C,0.08,0.145
C,"Errors With Visual Studio Express 2013 on a C Project : error C2107: illegal index, indirection not allowed",0.1926,0.145
C,"Block main thread, and wait for 5 other threads in a thread pool I have 11 threads: main, and 10 more in a Thread Pool.",0.1986,0.145
C,C Array with Pointer to Struct Inside a Struct,0.0927,0.145
C,Why gdb shows different addresses in RIP-relative mode from absolute address?,0.1549,0.145
C,Realloc pointer in C++ that was malloced() in C I'm writing a library in C++ that is supposed to interop with other C code/libraries.,0.2198,0.145
C,C bubble sort by pointers for array of strings not running inner loop?,0.1307,0.145
C,Analog of select() for monitoring child processes?,0.1229,0.145
C,Why my C program is failed to detect the special characters?,0.1166,0.145
C,Writing a wave generator with SDL I've coded a simple sequencer in C with SDL 1.2 and SDL_mixer(to play .wav file).,0.1931,0.145
C,modify first number from a read file c languageint main(),0.1136,0.145
C,ACSL list example in the documentation generate a bad sounding warning,0.146,0.145
C,Can I tell the compiler that I need to earlyclobber a memory operand?,0.1283,0.145
C,MySQL related memory leaks,0.0889,0.145
C,"heap-buffer-overflow with fprintf I'm updating my question, very sorry for asking it the wrong way.",0.1745,0.145
C,How to parse and extract the date from a string with several other elements,0.1394,0.145
C,Taking K'th element in BCT(Binary count Tree),0.0873,0.145
C,Cannot read from /dev/parport by timeout,0.0907,0.145
C,A function to read new line in c from a given stream,0.0914,0.145
C,How to randomize a place in array,0.067,0.145
C,understanding the effect of `alignas` and ubsan I'm looking at some legacy code from someone who is no longer the OSS project I work on.,0.228,0.145
C,Conditional data watchpoint doesn't work in ARM GDB,0.1084,0.145
C,"caesar cipher does not work, can't figure why",0.0873,0.145
C,C - How scanf inputs work and how it iterates in loops?,0.0992,0.145
C,C Programming : Need to get output of the number of letters in a string.,0.128,0.145
C,How can i find a string within a file and return the desired field in C language,0.1399,0.145
C,question about shift operation and bracket operationfor(i=0; i<8 ;i++),0.13,0.145
C,what is the type of a pointer to dynamically allocated memory of pointers of type char?,0.157,0.145
C,Are data type identifiers necessary when declaring a function in C?,0.1359,0.145
C,How to design a simple login system in C?,0.0747,0.145
C,When and how does bool get called in this code?,0.0862,0.145
C,"Segmentation fault error while working with command-line argument, C program",0.1607,0.145
C,How to send keyboard input to another program,0.0992,0.145
C,Method not writing to file I am trying to create a method in C,0.1085,0.145
C,How to read audio in C (i.e. FFT or buckets)? TL;DR: How do I read audio from a file in C (not C++)?,0.1606,0.145
C,Why is the answer to this code being printed 3 times on each number until it is right?,0.1489,0.145
C,How can I effectively time the execution of a function that's only a few cycles long?,0.1494,0.145
C,Is using the C code to create Python extensions UB in C++ due to lifetime?,0.1289,0.145
C,Returning an array of strings and assigning it to a variable in C,0.1199,0.145
C,The problem of creating a dynamic array and fill random numbers* I get an error when I want to fill random numbers to Array.,0.21,0.145
C,Does every expression in C make a copy of the variables?,0.1056,0.145
C,(SOLVED) C 2D Array: Finding Max from each row and Min from each column,0.1256,0.145
C,find nan in array of doubles using simd,0.0786,0.145
C,"Leet code problem works in my IDE, but RuntimeError occurs if i submit it to leetcode",0.1526,0.145
C,"Windows service does not capture shutdown event C/C++I created a small windows service to capture some events, including the system shutdown.",0.2415,0.145
C,"How do I deal with ""undefined reference to `regcomp'"" error",0.1155,0.145
C,Should clang and gcc produce a diagnostic message when a program does pointer arithmetic on a function pointer?,0.2003,0.145
C,Cypher program fails on non digit argv check,0.0957,0.145
C,How to implemetation timer by libevent? I used libevent to implement a timer using multiple event bases. I  want to know if this design is optimal?,0.2461,0.145
C,undefined reference to 'strftime with Kinetis KL25Z Board and Codewarrior IDE,0.1635,0.145
C,"Fatfs detect SD card removal I have an Issue with my SD card that, if it is removed it is not detected. (Removed manually).",0.2057,0.145
C,"Why is it showing ""Error: Cannot open file"" even though I created the text.txt and it's in my Desktop?",0.1719,0.145
C,Why does bit shifting with equal sign prints out different result opposed to non-equal case? Why are 01 and 02 case different?,0.2151,0.145
C,"In C, why can't you use sscanf() to trim a string?",0.0796,0.145
C,How to choose different words to be shown using if statement?,0.1194,0.145
C,function with strtok rolling in the deep,0.0935,0.145
C,C/C++ Common Controls detecting double-click of TV Item,0.1078,0.145
C,why it gives negative values when finding factorial in C?,0.1156,0.145
C,Creating num processes with fork and then deleting some that i will not use,0.1394,0.145
C,"Dynamically use a structure in cIn my code there are multiple structures like structure_1, structure_2, structure_3 etc.",0.2213,0.145
C,stdio error detection: ferror versus fclose,0.1193,0.145
C,arm-none-eabi-gcc (error: initializer element is not constant)I'm working through the book Embedded Systems Architecture by Daniele Lacamera.,0.2439,0.145
C,Factorial of a number using user defined function giving garbage value in c,0.1447,0.145
C,Is it possible to forward declare a static const int in the same header?,0.1308,0.145
C,C Linked List storing the last value only,0.0854,0.145
C,Matrix multiplation programI am trying to build a program which multiplies a matrix by itself and puts the answer in another matrix.,0.229,0.145
C,error: assignment to expression with array type in c,0.1094,0.145
C,Buffer Overflow Attack doesn't work on Ubuntu 20.04 I'm trying to do a Buffer Overflow attack on a simple C program that takes a buffer and print it.,0.2484,0.145
C,Is strcpy generally unsafe or are there legitimate use-cases of that function?,0.1506,0.145
C,"Advantages of null termination vs count variable I need to use array of graph data, i.e. struct with x and y integers.",0.1997,0.145
C,"Setup a custom Thread Local Storage For some research related project of mine, I'm trying to setup a second TLS after a new thread is created.",0.2381,0.145
C,Posix semaphore equivelent of Pthread mutex lock for mutual exclusion in C Using this section of code below as an example,0.2118,0.145
C,"counting a number of ""special words"" in C",0.0805,0.145
C,Compiler using local variables without adjusting RSP,0.1389,0.145
C,"Difference between writing an integer in a HEX from a real I was given a task at the university, there is a number and I need to display it in HEX as it is presented on the computer.",0.3,0.145
C,"printf not giving me the correct output, maybe scanf is to blame, advice please",0.146,0.145
C,Supermarket Simulation in C,0.0948,0.145
C,waiting for 2 child processes I'm trying to write a C program in which the main process creates two children,0.1871,0.145
C,"Stack Implementation in C [Array] Issue- ""this"" must be a modifiable lvalue",0.1431,0.145
C,"Netbeans 8.2, build attempt fails to find msys2 I am working on a building a netbeans project that requires msys.",0.1947,0.145
C,Sorting an array of strings in C using pointers without qsort,0.1212,0.145
C,g' is used uninitialized in this function [-Wuninitialized],0.1373,0.145
C,A different value is inserted in my array in C I have a variable called 'end' and is inserting value inside my 2d array called 'xWithSurface'.,0.2368,0.145
C,How to print the generated parse tree using Bison?,0.1031,0.145
C,How to have a 2d array that have characters and numbers in them in (c),0.1212,0.145
C,Does sizeof returns the amount of memory allocated?,0.1173,0.145
C,How to debug Linux Kernel on a remote machine? How to debug a custom Linux Kernel on a remote machine?,0.1756,0.145
C,How to only process the macros in a C/C++ project without compiling it?,0.1256,0.145
C,Invalid argument on sendto with UNIX domain datagram socket,0.1337,0.145
C,"to upper case every words in file in C can you tell me what adjustments i can do for my code, or any simplifications?",0.1975,0.145
C,"Forward declare a struct in C Quick question, how do I forward declare the following treeNodeListCell struct.",0.1991,0.145
C,How exactly array type is stored in C?,0.0727,0.145
C,C Debug Assertions Failed With fopen I have a super simple program,0.1279,0.145
C,How can an index be a string (i[s])?,0.0523,0.145
C,Parsing serial data continuously - is there a better approach?,0.1366,0.145
C,fork() and execvp() unexpected outcome when used with sudo So when i invoke this program without sudo.,0.1808,0.145
C,"error: initialization from incompatible pointer type [-Werror=incompatible-pointer-types] .read = dev_read, Linux",0.2267,0.145
C,Build OpenSSL RSA from components,0.0995,0.145
C,How can I get the memory address of a global variable using a Format String Attack in C?,0.153,0.145
C,issues with newline strtok from a file,0.086,0.145
C,Why is repz ret needed for a simple function?,0.0873,0.145
C,Counter trouble,0.0971,0.145
C,Sepia Filter undefined reference to main?,0.1108,0.145
C,How do I stop inserting from inputs to an array of strings when a particular string is encountered in a C program?,0.1956,0.145
C,Find longest path in 2d array first increasing then decreasing,0.1323,0.145
C,Priority Queue synchronization with pthreads I'm working on a college assignment where we are to implement parallelized A* search for a 15 puzzle.,0.2492,0.145
C,How i can sort struct by characters in C?,0.0747,0.145
C,C program not taking user input,0.0716,0.145
C,how do i free a memory block when i have to return it back?,0.1,0.145
C,Call a char pointer in the function,0.0746,0.145
C,Are SWIG generated wrappers portable?,0.1152,0.145
C,Implementation of bit field in cWe have been given an assignment to create a made - up version of an assembler (not with the exact assembly commends),0.2496,0.145
C,Storing multiple entry into linked list I have a text file consists of multiple journal entries which I can read it and store it into a struct called Journal.,0.2638,0.145
C,"The first and last Addresses of data, stack and heap",0.1009,0.145
C,"C program doesn't start, implementing Dijkstras algorithm I am doing an assignment for class that is supposed to be coded a very specific way.",0.2404,0.145
C,How do I declare a variable length array and initialize it to zero?,0.1233,0.145
C,Unusual extra 2 bytes being written with a 2 byte char array in a binary file,0.1363,0.145
C,How to calculate MFLOPS using Valgrind knowing execution time?,0.141,0.145
C,"Why does the LIBRARY_PATH variable redundantly use ""/../../"" for locating certain directories?",0.1923,0.145
C,"Handling zombies with SIGCHLD In my program, I am listening to incoming SIGCHLD signals to avoid zombies.",0.1906,0.145
C,printf printig inconsistent garbage when char array is returned to main,0.1487,0.145
C,Unused parameter/value in pycparser I just started using pycparser to lint some C code.,0.1612,0.145
C,How to parse BMP header in C in easy (beginner friendly) way,0.1089,0.145
C,optimize complex logic condition I suffered complex C style code logic like as,0.1521,0.145
C,Is it necessary to typecast the void pointer before assigning it to another pointer type?,0.1657,0.145
C,Compare function to give a G Array when used with G String i have a G Array with GString.,0.1529,0.145
C,"What is the difference between scanf(""%s"", &str) and scanf(""%s\n"", &str)?",0.1199,0.145
C,Segmentation fault(core dumped) How I rid this error?,0.1103,0.145
C,Why does a negative number converted to size_t become a huge number in C?,0.1332,0.145
C,Warning When Returning Pointer My file include 1 word in every line(i know the number of the line).,0.1718,0.145
C,Problem with reading and writing array from a file in C in pointer program version I have a task.,0.1689,0.145
C,How can I map one string to another string in C?,0.0835,0.145
C,binary string to int works only sometimes,0.0973,0.145
C,"(Read from file) Linked list in CI'm new to C programming, and I'm having some difficulties.",0.158,0.145
C,inode number is changed suddenly at certain location in c programming on linux,0.1521,0.145
C,"Explain the strange output ''I have written the code in C language,",0.1255,0.145
C,Get Full Path Name A Returns Project's Path (WinAPI C) [SOLVED],0.1134,0.145
C,Why am i not able to create two new users in SQLite connected to C?,0.1156,0.145
C,"Having an issue while doing Socket programming in CIn this problem, client is sending server, two strings.",0.1916,0.145
C,Description Resource Path Location Type invalid type argument of unary '*' (have 'uint32_t {aka long unsigned int}') Why do I get this error on sum = line ?,0.2554,0.145
C,Incompatible pointer when int and long are the same?,0.1094,0.145
C,Find min value in 2d array with MPI Recently began to study MPI technology,0.137,0.145
C,"Can't set QOS markings on Mac OS Majave with the IP_TOS socket option using setsockopt""Type of service"" is defined as the second byte in the IPv4 header. Trying to set this byte in our outbound UDP traffic on our Mac OS app.",0.3636,0.145
C,gdb dubugger raise an error everytime I type run command someting related with bfd,0.156,0.145
C,how to convert from unsigned byte to an integer?,0.0968,0.145
C,Detaching a node from list while keeping it stored in pointer,0.1212,0.145
C,"GCC linker discards interrupt handlerWhile debugging an application, and finding that the ISR never actually enters, I checked the .map file and discovered that teh handler function is in the ""discarded input sections"", is there a way to force the linker to not do so?",0.4241,0.145
C,How to increase an array's element with pointers in C?,0.1001,0.145
C,"Is multiple-level ""struct inheritance"" guaranteed to work everywhere?",0.1586,0.145
C,"Optimize and vectorize random function in c I programed a function to generate pseudo-random numbers, but my compiler doesn't vectorize this not vectorized: complicated access pattern.",0.3066,0.145
C,problem in a variant of copy command using mmap(),0.0977,0.145
C,pointer changes unexpectedly despite not being changed out of scope I am writing code here to try and replicate virtual memory in C.,0.2268,0.145
C,How do I install libraries for <stropts.h>?,0.0849,0.145
C,How to get access to parent's object handles?,0.0873,0.145
C,Unable to PyImport_Import modules which imports modules,0.1503,0.145
C,UTF8 charecter printing to file in C i am trying to learn coding c.,0.119,0.145
C,scanf when reading string not giving expected result,0.1232,0.145
C,Reading and Writing in the same FILE in C,0.0769,0.145
C,Not responding my pointer function and not returning correct value,0.144,0.145
C,fopen() file path in C I have clone a git repository in C:/Repo.,0.1076,0.145
C,"I am trying to add vectors in a for loop, but after 2 iterations I get an incorrect answer (C)",0.159,0.145
C,My code doesn't output the triple like it should. What could be the matter?,0.1325,0.145
C,How to control exported symbols when writing a static library in Visual Studio?,0.1531,0.145
C,View a specific bit of a hex number?,0.0658,0.145
C,How can I store the substring from the strrchr function?,0.1127,0.145
C,Please look and advise I am trying to learn how to write in C.,0.1071,0.145
C,When is GtkTextView's preferred size updated?,0.1096,0.145
C,Can't Create Function to Create Unique Array Purpose of Code:,0.1194,0.145
C,How to extend Pointer<Int8> in dart?,0.0727,0.145
C,Why does printf leave some random characters in the main function?,0.1331,0.145
C,Why fgets() doesn't read after the first element?,0.0955,0.145
C,"Binary file reading error, Is it an endian issue or a file reading issue?",0.1318,0.145
C,zero sized heap memory in page aligned allocation,0.1129,0.145
C,\n' and '\r' recognized as 2 characters instead of 1 I got a null terminated buffer (filled using 'read' syscall) with the following content:,0.2337,0.145
C,"Given three edges 1.1, 2.2, 3.3, determine if they can form a triangle using language C, but there's a strange problem",0.1968,0.145
C,"Freeing memory for new_node I have a function to store words into a linked list, when I run valgrind it tells me to free memory in the function, however, when I try to free it the code wont run for the test cases.",0.3469,0.145
C,Copy multiple structs data into one single C struct?,0.1094,0.145
C,"uint64_t to an array - C languageI tried to parse uint64_t array to an array of char (result in decimal, separated by comma).",0.2115,0.145
C,Implicit declaration of function ‘fopen_s’ [-Wimplicit-function-declaration] FILE *f = fopen_s(stdin);,0.2052,0.145
C,Kernel Development : Hooking Execve And Printing char *const argv[] I am trying to HookExecve and print arguments.,0.2051,0.145
C,"If GCC only finds a static library and not a dynamic one, does it resort to static linking the found file?",0.1814,0.145
C,"Given a day of the year, how would I convert it into date/month format?",0.1234,0.145
C,Do you need to use extern with incomplete types?,0.0968,0.145
C,C - problem with const - error: initializer element is not constant,0.1371,0.145
C,Best way to handle Windows dependencies when compiling with clang?,0.142,0.145
C,What is the name of this syntax?,0.0604,0.145
C,Can't step into function Source File Structure:,0.1036,0.145
C,Problem in designing a shell in C to execute commands connected by logical and I was writing a simple shell in C to execute external commands like command1 & command2 and here is my code:,0.3063,0.145
C,Programming in C in Visual Studio Community 2017 on Mac I am taking C course and was required to work on VS community 2017.,0.209,0.145
C,How to do multiply and add three fixed point numbers,0.1029,0.145
C,Packing bits in C using bitwise operators,0.0973,0.145
C,MSVC compiler bug when adding 0 to a pointer with /arch:AVX2; related to Warning C26451,0.1557,0.145
C,why this code to insert a node at the tail of a linked list caused segmentation error,0.1505,0.145
C,What determines whether segmentation fault occurs?,0.1491,0.145
C,How to know check in C language if float decimal places hold values other than 0,0.1429,0.145
C,const variable initialization inside lock I need to protect the assignment or initialization of a const variable using lock.,0.2229,0.145
C,Segmentation Fault accessing string in another function,0.1503,0.145
C,"If the address of a pointer is copied over when forking, how is it that the value the pointer is pointing to is unique to each child process?",0.2357,0.145
C,How to rearrange array using spaces?,0.0896,0.145
C,How do I get rid of this Segmentation Fault?,0.0841,0.145
C,Checking a string if it is palindrome or not using pointer What does the bold part stand for in this code?,0.1823,0.145
C,"Pipe the output of a process to a file via UNIX shell command '>' I need to pipe the output of printf statements in some c code so that instead of printing the output to the terminal, it will print the output to a file.",0.3552,0.145
C,"It's about problem 8 in project euler , i can't tell why the code doesn't give me the correct answer",0.1687,0.145
C,Array is not erased after end of function call in school the teacher told me that when the call to a function reaches an end everything declared inside the function's block will be erased.,0.3088,0.145
C,C system call fails from second time on I am running a program that a given points do a system call to zip some files.,0.1992,0.145
C,Split the operation of constructing signed message into two parts,0.1411,0.145
C,Issue encrypting data using kernel crypto I'm trying to perform AES encryption using kernel crypto.,0.1833,0.145
C,Get all output from sqlite3 in C,0.0633,0.145
C,Why a tcache bin is associated with an arena?,0.0873,0.145
C,ARM7 Raspberry pi Assembly Segmentation fault after copying string,0.1558,0.145
C,Why does GCC only complain about an unsigned int argument being used with %i when -pedantic is given?,0.1776,0.145
C,Why does LD_PRELOAD work with syscalls?,0.1023,0.145
C,How can I add a value with string into char array?,0.089,0.145
C,Using nested for loop to find the second power of numbers using C I need to find the squares of numbers from -14 to 14 using nested for loops.,0.2369,0.145
C,How to get the IPv4-address of a URL [duplicate],0.0872,0.145
C,"c programming ncurses.h ""KEY_ENTER"" not being registered by program [duplicate]",0.1636,0.145
C,Do I have to change param's type when migrating my lib to 64bit?,0.1119,0.145
C,Why does this program crash when a dynamically allocated 2D array receive input?,0.1555,0.145
C,Find the length of the longest word in a string.,0.0892,0.145
C,Call an assembler function from C code in linux,0.0958,0.145
C,Changing the current working directory of cmd (from a child process),0.1369,0.145
C,How to correct the error in this fibonacci series program in C,0.1174,0.145
C,getopt always return -1 if begin from third arguments I'm making a simple console that do something based on the command of the second argument.,0.2425,0.145
C,Calling Cython function from C code raises segmentation fault,0.14,0.145
C,Use write() to write char* to file from user input,0.0911,0.145
C,Linked list in C with OMP : memory issues,0.0805,0.145
C,Why i get grandchilds excuted multiple times?,0.1096,0.145
C,How can I pass an array to a function that cannot modify it?,0.1059,0.145
C,Why are braces needed for preprocessor in order to have statement?,0.1331,0.145
C,What is wrong with how I'm dynamically allocating space for this 2d array?,0.1356,0.145
C,"Is there a better way to change every variable in a struct, C",0.1084,0.145
C,task_struct -> parent always points to root process not the actual parent,0.1488,0.145
C,Is there a C snippet that computes overflow-safe addition efficiently without using compiler builtins?,0.1953,0.145
C,"C, Creating multiple process with same parent [duplicate]",0.1329,0.145
C,Alternative to global variables - GLUT CI am doing a Dino Race game in C (not C++) and I'm using GLUT for the graphics.,0.197,0.145
C,How to do EOF in CLion IDE?,0.0415,0.145
C,"I'm confused on why this Linked List implementation works I've just recently gotten into linked lists and I'm adding my own ""add to end"" function.",0.2433,0.145
C,i want to take number from user then print if it prime or not but i can't find what is error where result always not prime so what is problem?,0.2373,0.145
C,How malloc allocates space while inserting values to a binary search tree?,0.1471,0.145
C,Grand child process has PID 1 in C,0.0614,0.145
C,"Saving a data set in a txt file using C I have an array double x[D] = {x0,y0,z0;x1,y1,z1;...;xn-1,yn-1,zn-1} which describes the positions of n particles in a system.",0.273,0.145
C,Function Returning Pointer to Struct Segmentation Fault,0.1503,0.145
C,How to synch the writing on a file from multiple thread,0.1046,0.145
C,Is it possible to optimize this nested loop?,0.0933,0.145
C,"Can `scanf(""%*s"")` fail? I want to write a C program counting the words of a text file.",0.1422,0.145
C,How can I rasterize a shapefile with C/C++ using GDAL?,0.0965,0.145
C,How do I continue to receive timed interrupts in an embedded C while loop?,0.1356,0.145
C,Referencing symbols with a leading period in inline assembly,0.1368,0.145
C,fgets and sscanf being skipped in c?,0.0756,0.145
C,ASCII value is shown to be 0It is a program to print ascii values of character entered continuously until enter is pressed but the the value is shown to be 0.,0.2628,0.145
C,Why returning NULL from main()?,0.0778,0.145
C,I'd like to know how I can store input from a semi colon separated text if some fields are missing,0.1681,0.145
C,"I was trying to write a program and it seems totally fine but i cannot find the reason why it doesn't work, any help would be thankful",0.2247,0.145
C,Check cell's location in matrix I have a 7x7 matrix (declared as uint8_t*):,0.1337,0.145
C,"<bsd/string.h> for windows I am using strlcpy, strlcat , strtok_r functions in my c program.",0.1618,0.145
C,How to get button label from gtk_container_get_children,0.1503,0.145
C,"Unexpected characters at the start of char array i have been trying to write the order in which the tree is traversed, to a .txt file in C.",0.2317,0.145
C,C emscripten WASM: Hello WorldFor the past few months I have tried without success to create a web assembly hello world.,0.208,0.145
C,How to init struct pointer variables with NULL?,0.1036,0.145
C,GDB Remote Debugging - Cannot instantiate printer for default visualizer Setting up remote gdb debugging in eclipse.,0.2181,0.145
C,Printing individual variable of a structure in gdb I'm debugging the Linux kernel.,0.1545,0.145
C,Wrong assignment in string struct variable in C Please help me with this code. Why same name is assigned to all the different structs?,0.2278,0.145
C,System call hooking example arguments are incorrect,0.1352,0.145
C,How to use words in c language arrays?,0.0727,0.145
C,c string manipulation for incoming strings,0.1184,0.145
C,Trouble generating beep in C code in UbuntuI am learning about device drivers and want to write a kernel module which can generate a sound from pcspkr.,0.254,0.145
C,It is possible to render a mobius strip with a raytracer?,0.1083,0.145
C,Is seek to 0 in an opened file faster than close the file then open it again?,0.1324,0.145
C,Linux kernel NULL-pointer dereference in memset from kzalloc Quite by chance stumbled upon some code in kernel jungles and was a bit confused.,0.2429,0.145
C,Reproduce these C types in assembly?,0.0896,0.145
C,".Exe file won't execute correctly I'm new to the programming world, recently I began my programming path with C, and because of that I made a program that determines if a number is whether perfect or not. I use Code::Blocks IDE, and it works just fine, the problem is when I click the option ""Build and run"", the IDE executes the program and works perfectly, but when I select the .exe file from my desktop, it opens up, but doesn't show any output, the window just closes suddenly. Does someone have any idea on how to solve this issue?",0.8389,0.145
C,"MPLAB XC8 compiler error:"" no identifier in declaration ""I wrote a program that is using a Timer 0 Interruption.",0.1958,0.145
C,Invalid (Aborted)core dumped error while using free() in Chere's the code:,0.1361,0.145
C,Getting characters without waiting for enter to be pressed,0.1305,0.145
C,Why does glibc store the return value of a system call into errnoI read that when a system call fails the kernel returns the corresponding error number explaining the failure. Why is this error not directly returned to user applications?,0.3811,0.145
C,is it safe to write to a file in another thread?,0.0835,0.145
C,Why I get initializer for aggregate is not a compile-time constant warning?,0.1431,0.145
C,How to write char[] into struct?,0.0659,0.145
C,Linking Ruby Interpreter into C program I'm trying to include the Ruby interpreter in a C program.,0.1736,0.145
C,"C: Why is &= better that =? I'm looking at some old code I inherited, and I really don't like the style at places.",0.1864,0.145
C,Arrays are not storing values in the loop That's my C code.,0.1035,0.145
C,"the problem is from a algorithm problem I do recently, but I can't gain the right answer",0.153,0.145
C,Not seeing uploaded file in C when using form-data I have a simple web server in C that prints out everything it receives from a client.,0.2287,0.145
C,Wrong array values after writing outside the array then using realloc,0.1432,0.145
C,How do Comma-separated expressions as condition in a for-loop work?,0.1288,0.145
C,"How to reduce space between lines in text using VIPS? Using VIPS, how to reduce the space between lines in a text?",0.1938,0.145
C,Sum of digits with test cases in C I am trying to find the sum of digits with test cases.,0.1512,0.145
C,"C Pre-Processor include-path order I typed ""cpp -v"" on linux and it resulted",0.1335,0.145
C,Array with arithmetic operator?,0.1134,0.145
C,Assembly of variable-size stack frame: these stack-alignment instructions seem useless in allocating a VLA?,0.1996,0.145
C,get segmentation fault error when use strcpy function,0.1266,0.145
C,Converting postfix to infix notation using array stack,0.13,0.145
C,Error in implementing bubble sorting in a merge sort program in C I am learning data structure and algorithms.,0.1949,0.145
C,Pthread unexpected output but good result,0.1141,0.145
C,"Valid Expression in C with Help of Macro or typedef: (x) ((x) - 1)Can the ""expression"" (x) ((x) - 1) ever be a valid C expression with help of macro or typedef?",0.2545,0.145
C,"use node-gyp exception : LNK2001 unresolved external symboluse node-gyp build native module（try to use ffmpeg to my cpp files), it throws an exception: error LNK2001 unresolved external symbol",0.3155,0.145
C,getchar() != ' ' and getchar() = ' 'I am having trouble understanding what getchar() != ' ' and getchar() = ' ' are doing in my code.,0.2128,0.145
C,"calling function by value in C I am new to C language somehow and I am trying here to call a function ""func"" in main function but it gives me compiling error.",0.2614,0.145
C,"Adding the value of character in c I was to ask to add the value of a number character into an integer, does anyone know how to do that?",0.227,0.145
C,"How to solve a runtime error problem like "" signed integer overflow: 2147483644 + 4 cannot be represented in type 'int' ""?",0.2095,0.145
C,Segmentation Fault (Malloc/Free in a Loop) I've been revisiting the C language and am having trouble freeing up memory after use in my program:,0.24,0.145
C,read everything even when a signal is sent in c program I am stuck in a BIG problem.,0.1448,0.145
C,Why do the results of my program to find the coordinates of an arc or circle in C differ from the 'correct' results?,0.196,0.145
C,Understanding of getpeername function,0.1538,0.145
C,Is there a C function which calculates process elapsed time?,0.1244,0.145
C,"Running a C script in PycharmHei, I am trying to use an already existing code to convert a protein PDB file into a GIT vector.",0.2124,0.145
C,formatting sqlite3_exec result,0.1606,0.145
C,How to edit certain part of char array Is there any function or method in c to do swap/edit of certain part of char array.,0.2055,0.145
C,Bus error in C that gets removed when I add a printf statement,0.1124,0.145
C,print returned char* value,0.0839,0.145
C,What does the following code do in regards to structure pointers?,0.1304,0.145
C,How to do an operation in two arrays and stock it in one?,0.0985,0.145
C,Errors while building customised ffmpeg4.1 with opencv I am trying to build my customised ffmpeg of version 4.1.,0.196,0.145
C,Function not evaluating user input,0.1044,0.145
C,How would you get the epoch time and convert it to local time in arm assembly on a raspberry pi?,0.1649,0.145
C,"printf unexpected behaviour when printing after System() call I have the following ""main"" function with the related console output.",0.2327,0.145
C,OLE32 Link Error with multiple definitions of IsEqualGuid,0.1403,0.145
C,handle ctrl+c in client-server socket in c programing I wrote a telnet server in C programing language.,0.1809,0.145
C,Win32 CryptoAPI uses RSA algorithm,0.1044,0.145
C,"What is the output that the program trying to achieve I know about the fork(), dup2 calls but I cannot infer the output of the program.",0.2255,0.145
C,Output of an unsigned char array,0.0758,0.145
C,Sorting an array of strings in c using pointers So i am trying to sort an array of  strings but i have no ideea how to pass it to the function.,0.2382,0.145
C,Search in databaseIm trying to write a program that will search a surname in database of students and print whole line where that surname is.,0.2394,0.145
C,Building GMP 6.1.2 on ARM64 Using Custom Built GCC 7.2.0 - Assertion Errors - BinUtils Assembler seems to be at fault,0.197,0.145
C,How can I double the integer and update them?,0.0873,0.145
C,Why String Is Not Beeing Printed?,0.0768,0.145
C,I am now learning how to work with arrays and I'm struggling with my assigment to make a multiplication table and get the average,0.2192,0.145
C,How can I reverse each word in a string?,0.0715,0.145
C,"Turning MIPS instruction into Binary, then into Hexa decimal For a class project",0.1555,0.145
C,"How to change data of a GtkTreeModel (within ""edited"" callback)",0.1273,0.145
C,Set ID for structs based on the current highest ID I need to keep the ID's of my structs organized as I create them.,0.1957,0.145
C,Queue resets after every operation I am working on a queue implementation and something weird is happening.,0.196,0.145
C,Array becoming NULL after function I have a pretty standard function to read from a file.,0.1614,0.145
C,How do I fix these conflicting types error when passing linked list in C?,0.1332,0.145
C,Is there any way to install cs50 C library on a Fedora 31 disto?,0.1119,0.145
C,GPGME Decrypt showing No Data I am writing a program where I encrypt a file and send it over an SSL Socket using gpgme.,0.2019,0.145
C,Having trouble with comparing a char with a string (both arrays) and printing the result?,0.1631,0.145
C,How can I write a simple application using Openthread library,0.1293,0.145
C,"C assigning pointer in function, doesn't change the original pointer (void *)",0.1483,0.145
C,Elegant ways to return status code and pointer from a C function I was currently reading this question which shows problems about using void ** as a parameter to return a pointer from a function.,0.318,0.145
C,Why does the sscanf %n format specifier have no effect on the return value?,0.1365,0.145
C,Check for winner in an NxN tic tac toe game (C program) I have a homework where I have to create an N x N tic tac toe game in C program.,0.2267,0.145
C,splitting a string with parentheses and commas into smaller variables using sscanf,0.1696,0.145
C,Reimplementing split function in C I have been trying to write a function that takes in strings as a line and returns a pointer to an array of words.,0.249,0.145
C,Why am I getting an error for my symbolic link program?,0.1028,0.145
C,"To swap two strings in C This is a common method to swap two strings as below and it works pretty well,",0.1752,0.145
C,Initializing static array using int variable from inside a struct,0.1411,0.145
C,How to manage unions and bit-fields,0.0746,0.145
C,Reset mask of ignored signal in Linux During exec() the mask of blocked signals (as set by sigprocmask()) is inherited by child processes.,0.2326,0.145
C,Get width and height from `xcb_get_geometry_reply(),0.1468,0.145
C,How to read FIFO Data from MAX30100 using STM32F4 i'm monitorating heart rate by the MAX30100,0.1675,0.145
C,Big O notation for an if else selection statement with for loops if (A[1][1] == 0),0.136,0.145
C,What does the term 'Segmentation fault (core dumped)' mean?,0.1227,0.145
C,How to validate the input type to receive integer only?,0.1097,0.145
C,"Store strings in binary file while keeping them alphabetically sorted So, supposing I have a C program that stores strings into a binary file.",0.2421,0.145
C,Print Fahrenheit-Celsius Table in Reverse I have a question how to solve this objective.,0.1635,0.145
C,Trying to remove the use of malloc - is there an alternative here?,0.1229,0.145
C,"Display all unique number combinations of positive integer single digits, whose sum equals another positive integer using recursion in C",0.2427,0.145
C,"Extracting bytes from a 32 bits number This is not important and should be quite simple, I just don't understand what I'm doing wrong.",0.2253,0.145
C,C intro - How to pass a parameter by reference in function?,0.1102,0.145
C,Getting a segmentation fault when adding a piece of code that is working correctly,0.156,0.145
C,"Write() in a file, the words occur twice I am current writing a file system, and init the disk.",0.1607,0.145
C,what can i do to cause realloc to stop working?,0.0862,0.145
C,C mysql prepared statement inserting null character I'm trying to set up a prepared statement based on some examples I found on the web.,0.2307,0.145
C,Function returning garbage values but not all of them in C,0.1129,0.145
C,Confusion over successfully writing to unallocated memory with malloc();,0.1681,0.145
C,How to increment variable when term is completed,0.1095,0.145
C,What is the Java equivalent of MB_LEN_MAX?,0.0983,0.145
C,Understanting an efficient CRC-CCITT-16 implementation,0.1465,0.145
C,Porting vsftpd to RustI'm porting a part of the vsftpd FTP server to Rust for my project.,0.1551,0.145
C,Do-while loop reapeats as the value of the variable changes,0.1156,0.145
C,Finding factorial of a number using recursive call in MIPS programming,0.146,0.145
C,Is there any complete example on how to use the G Streamer Gst Base Transform in C?,0.1451,0.145
C,Accessing bits of Floating-point data - Unable to find a solution,0.1286,0.145
C,Wrong Return Value for I2C_SLAVE and I2C_RDWR on Raspberry pi I am using Raspberry pi for I2C communication to a chip.,0.2051,0.145
C,Windows File Write fails for volume sectors bigger than 0x1FFF,0.1323,0.145
C,reading from text file and using data in c to write arrray and structures in a given text file and retrieving it to us in calculation,0.2251,0.145
C,Assigning a line in a text file to a variable in C,0.0862,0.145
C,Parsing lines with read() system call C Linux I am trying to to take a file in C and read through it with the read() system call.,0.2139,0.145
C,What is the correct usage of wake_up_interruptible() in linux kernel 4.12?,0.1438,0.145
C,Incorrect Output in Filing when copying file a to file b,0.1074,0.145
C,How to send uint8_t array from C to GO,0.0674,0.145
C,What is the difference in search paths between target_link_libraries and find_library?,0.1883,0.145
C,How to write a function that would check whether two arrays are horrizontally symmetrical?,0.1735,0.145
C,Problem accessing linked list in C with a printf in a specific function (accessing memory problems),0.1821,0.145
C,getting garbage value while finding area of a circlei tried to find the area of the circle and found a garbage value.,0.2012,0.145
C,"malloc() within if statement, assigned only if (if) is entered but valgrind says that bytes are lost In the context of an assignment using C, where I have to create a li clone, I am trying to access all of the names of the child files in my directory.",0.403,0.145
C,Is there an easier way to compile this projectUnder Linux(Ubuntu),0.1304,0.145
C,"flaw in logic to display sum of arrayQ) Take input in 1D-Array from user, create new array for the sum of it's values , for e.g if array that is passed is : | 1 | | 2 | | 3 | then it should print |1| | 3| |6| , it will plus the content of array i.e 1+2 = 3, 1+2+3 = 6, it should not change the array[0] value.i tried to make the program but it have flaws",0.5707,0.145
C,Having trouble with word function I am having trouble with creating a function that registers input as a word.,0.1949,0.145
C,How to return a string to main function?,0.0795,0.145
C,"Process not standing by while using ""read""",0.0954,0.145
C,How do I handle an int** in Ada?,0.0471,0.145
C,I need help about arrays,0.0553,0.145
C,"Build Apache APR 1.7 with Visual Studio (2017), IF_NAMESIZE undefinedTrying to build apr 1.7 on Windows with Visual Studio, tried 2017 and 2013.",0.2415,0.145
C,Adding two rows and storing the sum in the last row,0.0936,0.145
C,"Code working as C-File but not as C++-File, Error: '__builtin_types_compatible_p' was not declared in this scopeI coded a macro, where I can use any amount of values.",0.2722,0.145
C,boundary tag being overwritten,0.1125,0.145
C,lwip_select blocks even after socket is closed,0.1162,0.145
C,C program getenv() returns null despite terminal echo working,0.1356,0.145
C,Is it possible to manage indirect .h dependencies with 'touch' command?,0.1415,0.145
C,How to execute two different functions at the same time using open mp in C,0.1329,0.145
C,"Compiler-error on Online Judge,""wimplicit-function-declaration""",0.156,0.145
C,What is the value of i which I am assigning to \0?,0.0829,0.145
C,How can I just one header file based on some condition?,0.1028,0.145
C,Header files verses LibrariesI know their are many differences between header files and libraries but is it safe to say that libraries contain compilable code and header files do not?,0.3036,0.145
C,Is there a particular sequence in this row of numbers?,0.1068,0.145
C,Visual Studio 2019 don't recognize ASCII charactersi have a problem with ASCII characters.,0.1735,0.145
C,"C - multiple warnings ""pointer is missing a nullability type specifier"" when compiling program, what do I do?",0.1945,0.145
C,Why memset init partially?,0.0839,0.145
C,MSP430F2418: Unable to set P2.3 pin to high I am using MSO430F2418 for my project.,0.1448,0.145
C,C Program for calculating area & perimeter of a circle won't compile,0.1298,0.145
C,I don't know how to iterate through the elements of an array while reading them,0.1407,0.145
C,redeclaration of a functoin as int K&R 6.3In chapter 6.3 of K&R the function getword() is defined,0.1643,0.145
C,C/C++ Can not run a for loop in a for loop,0.062,0.145
C,Sequence of write or a single write I'm programming in C on a Unix system.,0.1284,0.145
C,How do I check if an int is evenly divisible by another int?,0.1059,0.145
C,Optimization of C code for hypergeometric distribution,0.1465,0.145
C,Why does this variable's value equal '0' and not '42?,0.0919,0.145
C,How would I implement an FIR filter using single precision floating point in C code?,0.1543,0.145
C,Why does 'emacs &' cause my program to crash - C?,0.0867,0.145
C,regcomp correct syntax,0.1002,0.145
C,I am getting a uninitialized local variable error at line 210 and 135,0.1298,0.145
C,Complex numbers (complex.h) and apparent lag of precision,0.123,0.145
C,"linux kernel module not able to find ""nvme_ns"" struct I am writing a module in which I am accessing the nvme device using major and minor number.",0.2424,0.145
C,Is it okay to use mmap() for 4Kb blocks all over the place or is it better to mmap() my whole file in one go?,0.1803,0.145
C,"Why are typedefs of nf_hookfn, nf_hook_ops, etc. missing from netfilter.h?I",0.1464,0.145
C,"Hash table doesn't remove I'm trying to make those 3 operations, add, remove and search.",0.1534,0.145
C,Is it safe to use mmap and malloc to allocate memory in same program?,0.1237,0.145
C,Why is swapping the pointers more efficient than copying the content of an array of strings?,0.1679,0.145
C,How do i convert Binary to ASCII,0.0633,0.145
C,File Descriptor passing with D Bus to python client I'm trying to access a file descriptor in python.,0.1769,0.145
C,Go fish card transfer I have to create a go fish game in c.,0.1,0.145
C,Declaring void pointers to push type handling downstream,0.1369,0.145
C,"Typedef struct, pointers and passing pointers to a function",0.1315,0.145
C,Bitmap writing program doesn't produce a readable image despite following format specifications,0.1942,0.145
C,Make the input restore the previous one when hitting up arrow instead of ^[[A in Chow can i make the program expect the UP arrow key and place the previous input value on the current one?,0.3057,0.145
C,"C WIN32 close std handle or notafter using 'GetStdHandle(...)', should I use 'CloseHandle()' to close the generated handle for input or output or not?",0.2473,0.145
C,Unable to compile under the eclipse/code composer studio,0.1242,0.145
C,Code is doing more swapping compared to human-level method,0.1205,0.145
C,"Problems with Chinese character when use fopen/write I have to write config info to a file in Linux, while the config info contains Chinese characters.",0.2545,0.145
C,why getchar() storing duplicate values in 2d array?,0.1123,0.145
C,Different semantics between `char *` and `int *`I want to know why declaring and assigning a char * versus an int * in C have different semantics.,0.241,0.145
C,Why sqlite is allowing second process to do write operation while first process is already doing write,0.1866,0.145
C,Get details from PKCS7 (CMS) via C++,0.0671,0.145
C,What does inptr and outptr meanDoes anyone know what inptr and outptr mean?,0.1431,0.145
C,sorting in ascending order using bubble sort with pointers,0.1305,0.145
C,Collect2.exe error: ld returned 5 exit status I am creating an Operating System with BootLoader and Kerne l and a Linker.,0.2077,0.145
C,"Hitting return terminates 2 scanf(""%[^\n]%*c"")",0.0908,0.145
C,Why char value increasing 3?,0.071,0.145
C,Error: AES Encryption key: invalid conversion from ‘char*’ to ‘unsigned char’ I'm trying to encrypt with AES using aes.h,0.2033,0.145
C,Behavior of sizeof on variable length arrays (C only),0.1103,0.145
C,How does a compiled c executible know how to represent a series of bits at a specific memory address?,0.1769,0.145
C,Assembly mov instruction suffix?,0.1193,0.145
C,How can I do scanf() to the elements of dynamic 2D array in C?,0.1043,0.145
C,Find longest sub-array with no repetitions,0.1011,0.145
C,Create a Portable Static Library from a Project Based on OpenCV Static Libraries,0.1571,0.145
C,Unexpected error when i try to set parameters on a function to be default,0.1346,0.145
C,Statically including SDL libraries into makefileI just have finished my summer project with using SDL libraries.,0.2118,0.145
C,"can't export glad symbols across dll I am compiling a dynamic library using several objects, one of which is compiled with glad.h/.c.",0.2239,0.145
C,else section not activating if string length is larger than given parameters if statement,0.1726,0.145
C,Why can't the first argument in sprintf be a char pointer in C I want to convert an integer to a string.,0.1759,0.145
C,Segmentation fault(signal 11) I'm new to coding and started learning MPI through examples.,0.1667,0.145
C,"In which section of a program does (const char const * pointer = ""Hello"") resides?",0.1483,0.145
C,Recursive descent parser that counts the number of 'a' and 'b' characters not counting correctly,0.1777,0.145
C,File systems in C in linuxI am writing codes in c using linux and trying to read from a file.,0.159,0.145
C,Is there any limit on the iterations with seq_file,0.1053,0.145
C,cannot set OID on symbolic reference when trying to fast-forward with libgit2Note: I tagged C and C++ since libgit2 is a C library and I'm writing a C++ wrapper for common git commands. We'll see here both C and C++ code and as far as I am concerned it does not matter if I get a C or C++ oriented solution (I'll adapt it myself if needed).,0.5465,0.145
C,Is nel -= nel/2 functionally equivalent to nel /= 2?,0.0962,0.145
C,Why can't multiple chars be assignable in an array?,0.098,0.145
C,running android script from C program,0.0971,0.145
C,i2c stm32 nucleo unable to establish connection I am new to the whole stm32 environment.,0.1635,0.145
C,How to use OpenSSL library without socket management?,0.1241,0.145
C,Do I need to free a variable in a struct?,0.0686,0.145
C,Copy into a struct the values of an array of char pointers I'm currently developing a simple DMBS as university project.,0.2067,0.145
C,How to make button read a single click and not hold in arduino,0.1124,0.145
C,error occured when adding -static flag to gcc,0.0967,0.145
C,Behavior of conditional statement in the body of switch case (C language),0.1428,0.145
C,Not sure why optimizer is optimizing my method incorrectly,0.1305,0.145
C,hiredis fails with TLS I have the following code for using Redis in C.,0.1261,0.145
C,Implementing stack using data structures in C I'm trying to implement multiple stacks using data structures in C.,0.2009,0.145
C,Value of declared but uninitialized int variable in c,0.1147,0.145
C,conflicting types for an function,0.0995,0.145
C,"Stack 8MiB, then why this code ""almost"" works?",0.0927,0.145
C,Calculating average times with clock(),0.1162,0.145
C,Using getchar in C,0.0416,0.145
C,C Make with AUTOMOC is removing my implementations,0.1163,0.145
C,How to make C look into a file and find a certain string?,0.0985,0.145
C,Recursively removing the duplicate elements in a linked list,0.1368,0.145
C,Looping through array and assigning certain values to another array,0.147,0.145
C,Rename file Preoperation Windows Minifilter driver,0.1524,0.145
C,Adding variable to pointer is diffrent then adding a constant,0.1293,0.145
C,What is the best way to mark macro as deprecated?,0.0921,0.145
C,Reading sound card data on RaspberryPi using C I want to read the data generated by USB sound card connected to my RaspberryPi using a C code.,0.2388,0.145
C,Linked list with a memory leak I am struggling my head with this problem.,0.1332,0.145
C,How to initialize array size in a library in C?,0.0862,0.145
C,Can an extern Function Pointer be used in a callback in the C language?,0.1285,0.145
C,How to assign to the address of a pointed pointer the value stored at the address pointed by another pointer?,0.1902,0.145
C,Version check of python,0.0712,0.145
C,Missings in a definition of function which returns value - what type of error?,0.1475,0.145
C,Using Linux crypto API from User Space for RSA I am looking for a way to call Linux kernel crypto API from user space for RSA encryption/decryption.,0.248,0.145
C,Opening a simple .exe file in notepad++ vs in Sublime Text 3 yields very different results,0.1611,0.145
C,"How to fix gibberish printed after use strtok I have uni project, I need to check if the syntax is right.",0.1795,0.145
C,How to send a signal / interrupt from kernel built in module to a loadable kernel module?,0.1589,0.145
C,Printing backtrace within signal handler in a release/optimized binary on Linux,0.1617,0.145
C,How to print strings that have more consonants than vowels?,0.1215,0.145
C,free memory used for struct in C but fails (code from C Primer Plus 6th Edition),0.1404,0.145
C,What to do when http header wrongly reports content-length,0.1205,0.145
C,Segmentation fault (core dumped) when using YOLOv3 from pjreddie I want to use YOLOv3 algorithm for detection.,0.2001,0.145
C,Setting up a workflow for autoformatting a git repository (C),0.1254,0.145
C,libcoi_device.so.0 Not found Compiling Error with Intel 19.0.4 OpenMP 5.0 Offloading,0.1516,0.145
C,Copying characters using pointers causes segmentation fault,0.1654,0.145
C,"Declare dynamically sized array in global scope Not using C that often, I came across a possibly simple problem.",0.1978,0.145
C,How to detect empty line with strtok,0.0784,0.145
C,What type of cast does *( char** ) achieve? What type of cast does *( char** ) accomplish?,0.1523,0.145
C,"Does linux ""rename"" function call block until copy(when source and target in different disks) is completed",0.1916,0.145
C,how to take a linked list and a function pointer as inputs I am new to C and trying to learn function pointer.,0.1868,0.145
C,Cannot retrieve data from .csv file,0.0853,0.145
C,"Error while executing code MSB6006 ""CL.exeexecuted with code 2",0.1303,0.145
C,How to receive data from tun interface to dpdk binded NIC?,0.1111,0.145
C,Why the values are not stored properly in pointers when assigning values at runtime(using scanf) in C language?,0.1958,0.145
C,Enable/Disable Hardware Lock Elision,0.1143,0.145
C,comparing a specific character to a string,0.1011,0.145
C,Can SHA256 EVP_DigestUpdate be used for small data blocks?,0.1283,0.145
C,union integer member returns the data in union while float shows abnormality,0.1539,0.145
C,Re-Initializing a const char array in C is not giving error,0.1096,0.145
C,"How to get root access on Android in JN I codeI added some Java code to get root access, just create a new process and execute su command.",0.2307,0.145
C,C Make and C Mocka standard assertions for compiling tests,0.1205,0.145
C,Get vsnprintf() output part by part,0.082,0.145
C,how declaring an array as argument doesn't need a bound for the 1st dimension?,0.1407,0.145
C,Stopping and starting loops in arduino,0.1014,0.145
C,How to solve stdio.h not found for clang?,0.0747,0.145
C,Isolating an instruction in one page,0.0928,0.145
C,Value passed to function was changed,0.0928,0.145
C,How to fix these error in this code palindrome problem to tell whether it is odd or even,0.1541,0.145
C,Incorrect value everytime when esp32 wake up from deep sleep,0.1264,0.145
C,"What does scanf(""%d/%d/%d) mean in C?",0.0511,0.145
C,BPF verifier rejecting XDP program due to back-edge even though pragma unroll is used,0.1579,0.145
C,Is there some short example of how to use prctl() when it comes to setting subreapers?,0.1523,0.145
C,Problems with pointer into structure,0.1143,0.145
C,"Questions about MPI Non-blocking details based on standard So more recently, I have been developing some asynchronous algorithms in my research.",0.2504,0.145
C,List and filter file using c REGEX expression,0.0992,0.145
C,Assigning integer values from a file to an array using fgetc() I would like to get the numeric values from a .csv file and store them in an array.,0.2421,0.145
C,Parse CSV into dynamically allocated array of structures (ANSI 89),0.1401,0.145
C,Mixing Swift and C: how to declare C-function as a parameter in Swift function the easiest way,0.1654,0.145
C,"pointer de-referencing balagurusamy What is the trouble with pointer dereferencing when, not dereferencing a pointer when required.",0.2404,0.145
C,FFTW results differ from FFT in MATLABI compare the forward FFT using FFTW and MATLAB fft.,0.1636,0.145
C,Сhanging even and odd characters in a string array,0.1053,0.145
C,Is it possible to compress binary files with Huffman-encoding?,0.1303,0.145
C,to find the total no of letter in a string.,0.0745,0.145
C,Precise conversion of 32-bit unsigned integer into a float in range (-1;1),0.1328,0.145
C,"Getting information (types, values...etc) on members of C type structI would like to get some help on C-style struct.",0.1985,0.145
C,C build pipes for command 'ls -lR [-ddir] | sort | grep string [ >outfile]',0.1282,0.145
C,How can I move all vowels from a string to a different array,0.1075,0.145
C,Adding C external Library in Visual Studio code,0.106,0.145
C,"String Manipulation (Compare two string and copy common string) I have to take 3 strings, a 'haystack' string, a 'needle' string, and a buffer string.",0.2481,0.145
C,Replicating C Fixed-Point Math in Python I am attempting to replicate a DSP algorithm in Python that was originally written in C.,0.2214,0.145
C,Array of Function Pointers error: Initialization from incompatible pointer type,0.1802,0.145
C,Do FILE * continue to work if the fd linked to them is used for some other purpose?,0.1428,0.145
C,"checking the neighboring elements of a 2D array element without going over an element more than oncesay I have a 2D array, size 5X5.",0.2243,0.145
C,gprof output shows a nonexistent call graph edge,0.1095,0.145
C,How do I parse three values from a string in C using sscanf when one is in double quotes?,0.1529,0.145
C,Implement Objective-C (CoreML) in C++ (Adobe plugin),0.1083,0.145
C,Sieve of Eratosthenes with multithreading in C/Linux,0.1232,0.145
C,getchar() function to count characters in C I have a code that counts the number of characters.,0.1683,0.145
C,Unable to compile program with <ncurses.h> header using MinGW I am using this program https://github.com/aviikc/CIS2500_fileeditor.,0.2291,0.145
C,How do you solve recursion which are not void,0.0895,0.145
C,How long does it take to calculate one frame (parallelized on CPU and GPU) when applying box blur?,0.1714,0.145
C,"call C code from Python via ctypes, use python object list",0.1111,0.145
C,Why am I getting 'segmentation error' while using double pointer as an argument for a 2-D array?,0.1673,0.145
C,Remove Duplicate Edges In Graph Data Structure,0.1162,0.145
C,Why function call only pass the first argument,0.1026,0.145
C,Division algorithm for calculating quotient without keeping track of remainder,0.1793,0.145
C,C issue: Program terminates itself,0.1005,0.145
C,"Allow ""Special Characters"" in C language on Windows",0.1148,0.145
C,Send confirmation message from pc2 to pc1 unicast,0.1129,0.145
C,How to copy an array of floats from c# to a C dll,0.0787,0.145
C,macOS: Keep XPC Service (bundled) running after user quits main app,0.1323,0.145
C,SocketCAN: Filtering of frames with certain CAN IDs not working,0.1332,0.145
C,How does the size of memory region argument in read() and write() affect the IO performance?,0.163,0.145
C,Handling math errors in C I would like to implement a numerical algorithm in C and I am having some issues regarding error handling.,0.2251,0.145
C,"Implementing a count sort is crashing my program every time, cannot spot malloc/free error",0.168,0.145
C,How does indirect manipulation of dynamically allocated string literals truly work in C?,0.1754,0.145
C,Need help to split a string by delimiter (and keep the delimiter in the token list),0.147,0.145
C,"What is the ""debugger finished with status 1""I defined ""true"" gdb.exe from minGW folder to Settings > Debugger Settings > Executable Path so, debugging problem is solved.",0.2803,0.145
C,"Undefined reference to 'addVectors(Vector,Vector) 'I can not solve these ""undefined reference to"" problem.",0.1978,0.145
C,What is the proper way to send an AT command with termios and get the reply,0.1319,0.145
C,C: Cannot read from 2 pipe file descriptors without losing the other oneI have C code that is simulating the bash command ls | wc.,0.219,0.145
C,Struct or matrix for a register?,0.0725,0.145
C,Probability of happening function,0.1302,0.145
C,How do bit fields interplay with bits padding in C,0.097,0.145
C,How to pass a string as a parameter of query,0.0794,0.145
C,if statement always true even with right inputs?,0.107,0.145
C,"Solve for a and b in n = a + (a+1) + (a+2) + … + bGiven n, how can we find non-negative integers a and b such that n = a + (a+1) + (a+2) + … + b using simple C code?",0.2571,0.145
C,Forcing an array size in a function parameter in C when passing an array Context,0.1466,0.145
C,"Difference between ""call by reference"" and global variables Can anybody tell me the advantages or disadvantages of the following two C code snippets?",0.256,0.145
C,Trouble linking C global variables with C++ code,0.1045,0.145
C,Getting Syntax Error in flex/bison with this grammar,0.1116,0.145
C,Priority of static functions in CLet's say that you have a file File1.c with a static function Foo and that the function is called within File1.c.,0.2441,0.145
C,Do I need to iterate over getaddrinfo()?,0.085,0.145
C,how Can I fix non-scalar type conversion error,0.0927,0.145
C,How can I check a page permission in user mode in C?,0.0897,0.145
C,Why a lot of BST functions returns the root and don't use double pointer?,0.1293,0.145
C,How can I compile this program in C with Oracle Solaris 10 1/13 s10s_u11wos_24a SPARC,0.1538,0.145
C,An Example of Negatively Correlated Programs,0.1269,0.145
C,How to include .h files while creating bdf file in Parasoft I am using a Linux environment to for running Parasoft.,0.1985,0.145
C,How to replace a multi-character character constant with one character,0.146,0.145
C,How would I keep totalCalc from resetting?,0.0983,0.145
C,Need help for creating recursive function without multiple returns,0.1558,0.145
C,How do I use my .so library in my Xamarin.Android project?,0.1037,0.145
C,How to read data as characters from a text file and then divide each character by an int,0.1541,0.145
C,GCC/Clang 'labels as values' computing offsets at runtime,0.123,0.145
C,"My ""Guess the password"" is not working, how to fix it?",0.0947,0.145
C,Does recursive functions have some limitations? eg: how many layers does the function require?,0.1802,0.145
C,Unexpected syntax error during macro expansion,0.1354,0.145
C,Using a while loop to check the content of struct,0.0941,0.145
C,How to read data (either binary or text) in C from a file written in Java?,0.126,0.145
C,Understanding how to use CGI programming with C and HTML,0.1147,0.145
C,Why IntPtr cannot be used when in subsequent call,0.1021,0.145
C,How to Tell if There Are Processes Waiting in a Semaphore in C Is there any way to check if there are processes waiting inside a semaphore in C?,0.2408,0.145
C,Filter user processes from kernel processes and system daemon,0.14,0.145
C,Remove fisheye distortion when calculating vectors for raymarching I am trying to write an opencl kernel for raymarching.,0.2209,0.145
C,Can I use cmocka to mock a function that returns a struct?,0.1054,0.145
C,Calculating the truth value of a statement,0.1011,0.145
C,How to wake up a task sleeping with schedule_hrtimeout before the timeout occurs in linux kernel?,0.1789,0.145
C,Multiple definition of functions I have use 1 header file and 2 code files.,0.138,0.145
C,Check if environment has passed to execvI try to do some homework exercise about creating a process with execv in linux.,0.2089,0.145
C,How to generate a pre-processor definition using arithmetic?,0.1346,0.145
C,"How come the following program output is 5, not 4?",0.0931,0.145
C,"Is 'a' representing 1 in ""ch = input[c] - 'a' ""?",0.0704,0.145
C,MPI_Op_create: candidate function not viable.,0.1506,0.145
C,How to read a file into an array of structs?,0.0774,0.145
C,how to solve codeblocks unable to run a graphics c program properly I had setup codeblocks for graphics programming.,0.2069,0.145
C,"Why doesn't this assert macro work for integers less than or equal to 0, but works for values bigger than INT_MAX?",0.1947,0.145
C,"How can I sort an array that depends on another, with qsort?",0.1089,0.145
C,How to print several lines to stdout while overwriting what was printed before?,0.1531,0.145
C,Implementing a graph with adjacency list in C,0.0992,0.145
C,Thread entry point called twice for one thread in array,0.1117,0.145
C,How to create an instance of a Python class in C/C++ API?,0.0955,0.145
C,Is there a way to stop fread reading characters into an array in a struct following a whitespace?,0.1715,0.145
C,C text alignment with padding I have a simple function to print text.,0.1283,0.145
C,How to start gvim without terminal?,0.0853,0.145
C,"How to make the cursor move back up 1 lineExample,",0.0951,0.145
C,Converting Decimal to Hexadecimal in C and printing Arrays,0.1305,0.145
C,Can I perform operations on a character array and individual characters after passing by reference to another function?,0.2168,0.145
C,why getchar() function work different in a loop?,0.102,0.145
C,How can I simplify following C codes?,0.0793,0.145
C,"I can't print, is the data not inserted or is there something wrong in the loop?",0.1376,0.145
C,Storing data in a struct or txt file?,0.0692,0.145
C,"Monte Carlo integration returning incorrect values, problem overwriting memory",0.1914,0.145
C,i want develop a python script which compiles and runs c programs using gcc,0.1394,0.145
C,"Fix this Compile Error: identifier ""and"" is a special operator name in C++ [-Werror=c++-compat]?",0.1644,0.145
C,How does strcat() works internally in C?,0.085,0.145
C,Struct zero initialization methodsIs,0.1479,0.145
C,What's the warning under -fgcse about invoking -O2 on programs that use computed gotos?,0.1585,0.145
C,What is the proper way to pass dynamically allocated pointers to pthreads,0.1461,0.145
C,Telnet refuses Connection I am setting up a spell check program and am having trouble with connecting to a server that houses the program.,0.2358,0.145
C,"In C, I am not sure how the output of a pointer is being updated?",0.1098,0.145
C,What is Significance of _v(l) in the macro?,0.0788,0.145
C,Is there a way to run a PHP site from a batch file with a local webserver?,0.126,0.145
C,How to allocate an array of structs with flexible array members comformingly?,0.1549,0.145
C,Modding classes and inheritance into C,0.1014,0.145
C,How can a parent-process find out if the child-process was terminated?,0.1307,0.145
C,How to use ESC sequences to set foreground colors?,0.1031,0.145
C,Where is the code for recycling `rbinom` inputs?,0.102,0.145
C,"What does ""O_DIRECT 512-byte aligned"" mean?",0.0964,0.145
C,"C programming, segmentation fault when manipulating strings",0.1626,0.145
C,segfault when reading last line of file using fgets(),0.1103,0.145
C,Usage of pointers as parameters in the strcpy function.,0.1189,0.145
C,Is this a valid way of checking if a variadic macro argument list is empty?,0.1339,0.145
C,Will a C/C++ compiler optimise code by reusing a recently calculated function result?,0.1588,0.145
C,How do i make my program read in value=judges,0.0824,0.145
C,How can I copy memory data from pointer to array ASSEMBLY 8086,0.1174,0.145
C,Is there something that resembles std::lock_guard in native C?,0.1283,0.145
C,How to produce a random food in a snake game on c?,0.0845,0.145
C,To use a library using src code without installing it I am trying to use a c library libpostal.,0.1649,0.145
C,Problem linking static library vs dynamic library,0.1276,0.145
C,Print from recursion combination with list in C,0.106,0.145
C,How to let C Make / C Test memcheck exit with status code 1 on failure?,0.1221,0.145
C,"program does not scans the number 149, and for any other number it returns 0",0.1361,0.145
C,passing argument makes pointer from integer without a cast / expected ‘double *’ but argument is of type ‘int’,0.1943,0.145
C,Adding then deleting a line in text file with C,0.0882,0.145
C,Represent decimal numbers using integers,0.1339,0.145
C,How to implement the following C code in Python?,0.0968,0.145
C,Accessing typedef struct elements I have declared a tydef struct as shown below.,0.1555,0.145
C,Doxygen - parse everything regardless of preprocessor directive,0.1749,0.145
C,Why calculating time of FFT is shorter than element-to-element multiplication in intel MKL?,0.1703,0.145
C,Problem trying to call user function using ptrace - nanosleep causes crash,0.1534,0.145
C,Query cursor position with GTK Is there a way to query the cursor position using the GTK C libraries?,0.1769,0.145
C,Converting hexadecimal char IP to binary,0.1099,0.145
C,Displaying content of file in C - write access error I am trying to print the entire contents of a file in C that was stored in a previous function.,0.246,0.145
C,Best Fit Algorithm Implementation.,0.1312,0.145
C,static declaration of ‘close’ follows non-static declaration static inline int close(int sock),0.1802,0.145
C,Usage of extern functions for portability I have seen some libraries for microcontrollers that do a special job like controlling an SPI device.,0.2468,0.145
C,Compiler warns that my function will never execute,0.1163,0.145
C,When and why would the C linker exclude unused symbols?,0.1097,0.145
C,"Recvfrom working locally, but don't receive anything on random ports between executions",0.1729,0.145
C,How do I inject a catchable exception in Python from C with C Python API?,0.1293,0.145
C,Getting Undefined symbols for architecture x86_64 while trying to use function from a header file in main.c,0.1932,0.145
C,Weird Loop While scanfI wrote this code.,0.0907,0.145
C,Multiple pointers and Mark & Sweep,0.0965,0.145
C,C++ Array unknown operation,0.0849,0.145
C,gcc is not recognized even after setting PATH variable. What is left?,0.1324,0.145
C,"C Make: undefined reference to img_LOAD, while libraries are found",0.1401,0.145
C,Loop not ending when using a size_t variable I used a size_t variable to help me do my project.,0.1649,0.145
C,"why everyone process epoll event with an order of read, write, error?",0.1307,0.145
C,Finding duplicates with pointers,0.1243,0.145
C,How to remove first element from min heap in C?,0.0862,0.145
C,Confusion about setbuf example of invalid use from man page,0.1235,0.145
C,Why this function returns always 0,0.0843,0.145
C,Reading data from a text file line by line into arrays using strtok in C,0.1283,0.145
C,"how to use fprintf in terminal (Mac OS) I'm using esc ANS I code, ao I need to run my program via terminal.",0.178,0.145
C,Issues creating a linked list using a function Below is my code to try and create a linked list of 10 integers.,0.19,0.145
C,f write keeps writing undesired text into my file,0.1021,0.145
C,"What is the calling convention for extern ""C"" in C++?",0.096,0.145
C,Segmentation error while compiling c code with pointersint main(),0.1482,0.145
C,Using calloc() to create dynamic struct utmp array [duplicate],0.1344,0.145
C,Is there any function in C that is equivalent to icacls command prompt?,0.1332,0.145
C,Fastest precise way to convert a vector of integers into floats between 0 and 1 Consider a randomly generated __m256i vector.,0.2184,0.145
C,Rotate about Y-Axis glu Look At I am trying to rotate the viewer about the y-axis.,0.1407,0.145
C,"Output from fork() in cI recently ran into this piece of code, and don't fully understand it.",0.16,0.145
C,What to change to make my C program more user-friendly?,0.1028,0.145
C,Print from struct passed by value in CTL;DR:,0.0841,0.145
C,C Program to count keywords from a keyword text file in a separate file and display them So this is a school assignment.,0.205,0.145
C,Local int vs Global int in C,0.0481,0.145
C,"callback function for mosquitto c APIs is not getting called For some reason, I had to use C APIs in C++ code.",0.1855,0.145
C,Does c flow generate a sound call graph from C programs?,0.1056,0.145
C,How to receive standard input from keyboad properly in a child process?,0.1392,0.145
C,"How to compare user input to an array, checking to see if its less that last input I have to request user input for 10 different numbers.",0.2296,0.145
C,Reading lines after a spaceI have been trying to read the lines of a file.,0.1316,0.145
C,"subtracting two pointers(arrays), (C language)",0.1222,0.145
C,Freeing allocated memory causes the program to get stuck in Visual Studio but not in Code Blocks,0.1739,0.145
C,Anagram tester in C I am trying to implement an anagram tester in C.,0.1214,0.145
C,is it possible to overwrite MFT file table in windows api? is it possible to overwrite MFT file table in windows api. When windows is up and ready?,0.245,0.145
C,Program returning wrong numbers,0.1184,0.145
C,How to concatenate two string array index by index in C?,0.1056,0.145
C,Having trouble printing out my structure array in c,0.1084,0.145
C,Parallel timer creation crashes kernel I've added a timer to kernel module responsible for TCP sockets creation in order to monitor its parameters.,0.2518,0.145
C,"How to fix 'expected identifier or '(' before 'int'' error in a struct returning functionI am creating C code to output diameter, area, circumference from a single function.",0.2839,0.145
C,Can you put stack allocated values into a heap allocated array I was wondering if I had a heap allocated array and I passed it into my function.,0.2414,0.145
C,How to assign 1D array to a 2D array?,0.062,0.145
C,How to suspend the main-loop in a signal-driven demon?,0.1001,0.145
C,How to use the LLVMBuildGEP function in the LLVM C API,0.1019,0.145
C,Do I have to fseek several times if I want to access different piece of information in a file?,0.1629,0.145
C,"Turning array in main into a global, to later be altered by main?",0.1168,0.145
C,How can I use a character pointer and input a string into it? Is there any way I can do this without using dynamic memory allocation?,0.2236,0.145
C,How do characters store values when being compared to each other in an if else?,0.143,0.145
C,Measure overhead without pthread in C,0.0971,0.145
C,"Conversion from uint64_t to doubleFor an STM32F7, which includes instructions for double floating points, I want to convert an uint64_t to double.",0.2532,0.145
C,functions to execute command and print output,0.1124,0.145
C,How to do multithreading with getcontext() and setcontext()?,0.1383,0.145
C,Is GCC warning on const qualifier correct?,0.0983,0.145
C,VGA Display problem in my custom OS kernelI am developing an Operating System as a hobby project.,0.1748,0.145
C,Finding an elements within a range using O(n) runtime,0.1039,0.145
C,C - scanf() takes two inputs instead of one,0.0824,0.145
C,Pass by address (pointer)void fun(char* name),0.0917,0.145
C,Find how many nodes at a certain height in a left child-right sibling tree?,0.1339,0.145
C,Why can I separate digits with an apostrophe in C++ but not C?,0.1079,0.145
C,Why we need add 1 to background brush color?,0.0841,0.145
C,Merge sort with OpenMP So I am making a program that sorts an aryay with 100.000.000 intengers using the  merge sort algorithm.,0.2153,0.145
C,Wrap several functions with difference argument counts in on wrapper function,0.1653,0.145
C,Can anyone explain me the output of this code?,0.0905,0.145
C,How to pass a 2d array returned in a C function to python using ctypes,0.1238,0.145
C,Foreach macro on macros arguments,0.0995,0.145
C,Are there any other types of console events?,0.0933,0.145
C,OR and less than operators not working as intended C language,0.1212,0.145
C,How to avoid memory leaks in C GTK (using libxml),0.0901,0.145
C,How can I deallocate an irregular ***matrix without knowing it's size?,0.1317,0.145
C,While loop increment and decrement,0.1044,0.145
C,Why in order to read multiple lines of a text with fgets we need to set fgets()!=NULL?,0.1456,0.145
C,Is there a function that can convert numbers inputted from char array to an int array?,0.1548,0.145
C,User puts float into integer variableI am using gcc compiler on Linux Ubuntu.,0.1481,0.145
C,Mallo c large space of struct and accessing it like arrays in c I'm dealing with implementing a hash table.,0.1842,0.145
C,Wno-pointer-arith flag handled differently between different gcc versions,0.1646,0.145
C,My code doesnt replace one word with another correctly,0.1179,0.145
C,Bubble sort is not sorting array properly in c I'm trying to write a program for my C class that tracks deposits made at a bank.,0.2151,0.145
C,C - all combinations of numbers from user's input number,0.1107,0.145
C,Store and work with Big numbers in C,0.0683,0.145
C,I don't understand some parts of the code I'm trying to understand a code from a programming site.,0.1688,0.145
C,Is there a way to receive all kinds of data types?,0.089,0.145
C,Crashing program does not generate core dumpI wrote a C program that sometimes dies after a few days.,0.1798,0.145
C,Why is my programme showing Segmentation Fault on Ubuntu but working fine on Geeks IDE?,0.1612,0.145
C,In checkout function g_tot calculation brings garbage valueIn this code at checkout function g_tot calculation brings garbage value.,0.2435,0.145
C,Why child process pipe is showing in parent process with different pipe details I am learning c program fork and pipe.,0.2051,0.145
C,Unexpected program outputI suspect my program is not working properly.,0.1538,0.145
C,Efficiently escaping quotes in C before passing to mysql_query,0.1431,0.145
C,Win32: Accessing a partition beyond the end of a volume?,0.1107,0.145
C,Randomised solar system simulation collision detection issue,0.1692,0.145
C,MPI: Waitany is not reacting to ibcast call The following code is a Implementation of a Master/Worker pattern.,0.1938,0.145
C,Can I write to two different FILE pointers at once?,0.098,0.145
C,Why does it prints 10 instead of 3?,0.0624,0.145
C,How to pass 2D array (matrix) in a function in C?,0.0827,0.145
C,Program returns -1073741819 when using strcat in C This is the whole function.,0.1491,0.145
C,"Why do I get a segmentation fault when writing to a ""char *s"" initialized with a string literal, but not ""char s[]""?",0.1921,0.145
C,"DMB instructions in an interrupt-safe FIFO Related to this thread, I have a FIFO which should work across different interrupts on a Cortex M4.",0.2404,0.145
C,Extract a subarrayI have managed to transfer the 2d array int a 1d array to make it simpler.,0.1612,0.145
C,using free() function causes runtime error,0.1118,0.145
C,macro with structure definition missing '()' - QAC error,0.1343,0.145
C,How is stored resource type in php How stored Resource type in php? Is it string in memory or some structure?,0.1871,0.145
C,Linux asynchronous epoll() server having problems when EPOLLRDHUP occurrs,0.1735,0.145
C,I am trying to build a 2*2 array but my program asks for 5 inputs. Why?,0.1185,0.145
C,Exception Unhandled In Visual Studio the f scanf gives me this error,0.1331,0.145
C,"what does asterisk( printf (""%s\n"",*argv) ) means? what does asterisk(*++argv) mean?",0.1441,0.145
C,How to fix? Triggers exception when trying to free dynamic allocated memory,0.1497,0.145
C,Does AND(&&) inside an If-Statement get checked in the order I type it?,0.1228,0.145
C,Does C Make compile everything in the included headers into the executable or only the parts used in the main class?,0.2013,0.145
C,How to write string to file in different lines in C,0.0936,0.145
C,How to check if a file is in a specific directory or its subdirectories in C,0.1341,0.145
C,How do you do a power of 1/2 in C?,0.0449,0.145
C,Why does this online compiler allow me to compile the code even if the functions are not declared before the main?,0.1975,0.145
C,What is the diffrence between a concurrent tcp client server program and an iterative one?,0.168,0.145
C,Storing characters in array using pointers I am supposed to create an array with the fixed size (let’s say 5x5).,0.1918,0.145
C,Trouble figuring out integer parsing function,0.1311,0.145
C,Can we add custom objects in BG96 LwM2M implementation?,0.1189,0.145
C,Understanding memory maps I'm very new to C programming and investigating continuously increasing RSS size.,0.2009,0.145
C,How to calculate running time in C language,0.0923,0.145
C,Reading file content line by line into a matrix,0.0958,0.145
C,C - forward declare and use struct not pointer,0.0977,0.145
C,Implementing circular lists and how to delete a middle node in a list,0.1298,0.145
C,Visual Studio Unable to read memory for certain members of struct.,0.1331,0.145
C,Pointer initialization concept in C Why is this erroneous?,0.1283,0.145
C,C Why does passing first address of array to char pointer provide whole string?,0.1474,0.145
C,What is the error? Q-To determine and print the sum of the following harmonic series for a given value of n.(1+1/2+1/3+........+1/n),0.2137,0.145
C,How to compress floating point data?,0.0896,0.145
C,C File Name with multiple periods Simple question.,0.1138,0.145
C,How to set base address of a matrix?,0.0658,0.145
C,"Clang Static Analyzer False Positive with bit-fields (C-code) I am wondering if the following example is a Clang SA false positive, and if so, is there a way to suppress it?",0.2836,0.145
C,Extra variables lead to segmentation fault,0.1184,0.145
C,Problems with High-Speed PWM Module,0.0886,0.145
C,Get the shared library name from a function in the library,0.1129,0.145
C,"Weird behaviour with strings and structs I've been having problems with the code below, and i would like to understand why it doesn't work.",0.2339,0.145
C,Why does fread() give seemingly random data?,0.1002,0.145
C,"What's difference between ""*variable"" and ""*variable[]"" in C?",0.1202,0.145
C,How does the stack_overflow() function work?,0.117,0.145
C,C: Is it possible to merge/group certain elements from a char array so it is a string array?,0.1579,0.145
C,"C: Correct way to process 24-bit 2's complement number I have a sample set of 32-bit data in the format 24-bit, 2’s complement, MSB first.",0.2289,0.145
C,process synchronization with 2 pipes I'm doing an assignment.,0.1274,0.145
C,C- Incorporating realloc with string pointers I'm working on a problem about modifying strings with dynamic memory allocation.,0.2258,0.145
C,"malloc causes int to change value I'm a bit new to C, and have been working on a project when I came across a weird behavior which I'd love to understand.",0.2558,0.145
C,Can anyone explain this recursive function I can't understand how does it return anything?,0.168,0.145
C,How can I pass the data type in a generic linked list to the GDB print command?,0.1366,0.145
C,C Make Lists.txt Access GSL Library C Trying to use GSL (Ubuntu 18.04) with C Make.,0.1405,0.145
C,Cannot access memory at addresschar* dayOfProgrammer(int year),0.1525,0.145
C,compressing a char into two bits only I'm trying to figure out how to compress a char (which is normally 1 byte) to 2 bits only.,0.2137,0.145
C,Input from a file (using command line) and then normal stdin keyboard input (C),0.1432,0.145
C,"Complete the source code below to build a program that prints out the first string, in lexicographical order",0.1942,0.145
C,Multithreaded Perfect Numbers I created a multithreaded program to check whether a number is a perfect number.,0.2024,0.145
C,"C - Double type variables : same formulas, different values EDIT",0.1385,0.145
C,printing doubles from a function outside of main,0.1095,0.145
C,Binary Tree Bin Packing Algorithm in C,0.086,0.145
C,Most efficient way to check for a win in a variable size tic-tac-toe grid?,0.1284,0.145
C,I2c eeprom file missing in user-space - SFP module I have some linux kernel & SFP/I2C driver issue.,0.1712,0.145
C,how to check for a range within a set of non overlapping ranges in constant time,0.1429,0.145
C,"How to draw Ice Cream with OpenGLAs the question, how to draw the 3d ice cream?",0.1382,0.145
C,"Write a simple Linux shell in c I have an assignment, to create a simple linux shell using exec() that runs basic commands (e.g ls, ps) without arguments.",0.2532,0.145
C,How do you ask the User multiple questions in C?,0.0892,0.145
C,Why am I limited to an arbitrary small array size when initializing an array with a const length in C?,0.1765,0.145
C,C - Filling array from specific single line input I am a novice and for my school programming exercise I need to make integer array from specified input.,0.2559,0.145
C,C program - causes crash with Pointer,0.0905,0.145
C,Memory addresses I am workin on Overthewire narnia2(ctf game).,0.1283,0.145
C,C pointers: copy strings,0.0721,0.145
C,graphics.h library Process returned -1073741819 (0xC0000005) I want to start writing code using functions from the graphics.h library in Code::Blocks.,0.2561,0.145
C,Creating array of character pointers Please tell me what's wrong with this code.,0.1498,0.145
C,Why do I get -1 when recvfrom() from a multicast group address?,0.1134,0.145
C,"Calling C functions from C++ constexpr functions I'm porting a project from one build system to another, but using the same compiler (gcc 4.9, using C++14).",0.2558,0.145
C,How to print packet info of a specific IP address in netfilter using C?,0.1285,0.145
C,scanf only reads first field I want to read in two strings with scanf and store them in two variables.,0.1765,0.145
C,openCL Kernel segmentation fault in pi calculation,0.1314,0.145
C,BASIC C loops - Why is the else part of my code being run when another if statement is true,0.1559,0.145
C,Function will not print specific list,0.0971,0.145
C,Why would adding a send() call make a previous send() call fail?,0.1144,0.145
C,Optional [] square brackets for a C MacroIs it possible to have a optional [/d] parameter for a macro?,0.1752,0.145
C,"C choosing variable type at run-time I have this piece of code below which seems very explicit and redundant, is there a way to choose variable type at run-time?",0.2669,0.145
C,Two files into one line output of each in C program,0.0936,0.145
C,Dynamic memory access only works inside function,0.1238,0.145
C,Finding the Average in a sequence of number in c while ignoring the negative numbers in the sequence,0.1788,0.145
C,C 2D Arrays removing certain predetermined rows by shifting the ones below it,0.1496,0.145
C,SIGSEGV Error while running function in Ci begginer at c programing and while i am runing my C program i got strange error,0.2095,0.145
C,Trying to find prime numbers,0.075,0.145
C,How do I call a Java Native Interface C function from my Go code?,0.1142,0.145
C,Integral type error when adding float to integer,0.1095,0.145
C,`dirent.h` in multiple directories I searched dirent to find C routines,0.1376,0.145
C,How do I use a users input to open a text file and then load it into a 2D array?,0.1337,0.145
C,"My global function written in Cuda only run the last blockSolved: Sorry, it's my fault, I should use atomicAdd(times,1); instead of *times++ in the kernel function.",0.2682,0.145
C,Why is this statement correct?,0.0808,0.145
C,How do I use the free() function in c?,0.0608,0.145
C,FFMPEG RTSP Server using muxing doc example I am trying to develop RTSP server using FFMPEG.,0.1679,0.145
C,Allocating memory to a 2D array in C Why can't I allocate each index of a 2D array individually.,0.1649,0.145
C,access to process' arguments outside main() Is it possible to access process' arguments elsewhere than inside main function?,0.2227,0.145
C,"string read from struct crashes when system(""CLS"")",0.1089,0.145
C,Why is it ok to use a string literal to initialize an unsigned char array but not to initialize an unsigned char pointer?,0.2068,0.145
C,C: How can I make it so scanf() input has one of two formats?,0.1005,0.145
C,How to make a coordinate system for a labyrinth?,0.0968,0.145
C,Converting struct to pointer of member type,0.1049,0.145
C,"Add character after specific character in string (max 1string,array)",0.1459,0.145
C,how to pass space seprated substring of string as aguments of a function in c,0.1397,0.145
C,C language about input ouput with prinf function i exactly type yes but why can't i see output?,0.1649,0.145
C,How to correctly compare 2 doubles?,0.0853,0.145
C,get time of day returns inaccurate result I'm having a very strange issue.,0.1356,0.145
C,How to read from Windows Named Pipe with timeout?,0.0999,0.145
C,Making a function for updating the moves of a 2-D array tic-tac-toe table,0.1275,0.145
C,Calculating the number of interrupts within 1 sec from process context,0.146,0.145
C,How to write non-ascii from stdin to file properly,0.097,0.145
C,result of arithmetic operation like: 1/3 in C float variable,0.1166,0.145
C,Fscan with structure,0.0851,0.145
C,Size of malloc'd chunk seems wrong,0.0708,0.145
C,How to make transmission code about CAN protocol,0.1095,0.145
C,How do function pointers in C work?,0.0718,0.145
C,Linux wait queues... does ordering matter?,0.1052,0.145
C,Configuration of the input capture functionality of PIC18F46K22,0.1609,0.145
C,Evaluating an expression using a stack (C) I need to make a stack that evaluates expression in the same way it would in racket.,0.2145,0.145
C,System V AMD64 ABI floating point varargs order,0.106,0.145
C,Using fgets() to recieve a sentence input I seem to be having an issue with some code.,0.1492,0.145
C,C Stack Manager Project: file I/O with syscalls problems,0.1127,0.145
C,C program taking in three integers and seeing if they make a triangle and a right angle,0.1548,0.145
C,Assigning string to char* in structure,0.0981,0.145
C,What happens if a word truncates an int?,0.0795,0.145
C,Quick sort recursive function in C - doesn't work with big number of elements Has this function been written correctly?,0.2077,0.145
C,"How do I create bcrypt hash in C and storing them Since a similar question, was regarded as off-topic...",0.1775,0.145
C,"Even Fibonacci Numbers - Project Euler ,Getting some error",0.1363,0.145
C,Problems with non-atomic access example on GNU website,0.1179,0.145
C,Improving mmap memcpy file read performance I have an application that sequentially reads data from a file.,0.196,0.145
C,Tensorflow C API: SessionRun batch size (how to properly set),0.1234,0.145
C,Fatfs significant slow down in directories with many files,0.1305,0.145
C,"Declared a self referential struct in 'header.h' file and trying to define it in 'main.c' and this causes error""main.c""",0.1998,0.145
C,Minimum Maximum Mark I need to find the maximum and minimum mark from 5 integers which are inputted by the user.,0.1937,0.145
C,ntohl() and htonl() in Ruby?,0.0552,0.145
C,Problem of _do_fork() in Linux kernel module programming,0.132,0.145
C,How to delete nodes in a doubly linked list,0.0832,0.145
C,How to record thousand of information by using Structure?,0.1252,0.145
C,freeing malloc'd memory causes other malloc'd memory to garbage,0.1267,0.145
C,Unable to build Allegro C++ program in Visual Studio 2010,0.1136,0.145
C,Invalid conversion 'void*' to 'struct*',0.1053,0.145
C,How do design a IF statement for a condition to only print out a specific type of file from my directory?,0.1804,0.145
C,meaning of Immediate Operand of Cast I was looking at this SO post.,0.1233,0.145
C,Segmentation fault for radix sort C I'm trying to run radix sort by splitting digits into 8 but numbers and sorting it.,0.2032,0.145
C,C Pointers: Exception Thrown: Read access violation,0.1295,0.145
C,Why does GNU dd reuse file descriptors 0 and 1 with dup2?,0.1028,0.145
C,Issues regarding the use of memory in C,0.0786,0.145
C,Shortest difference between elements of an array I am new to online judges.,0.1431,0.145
C,"How to combine a strings and store it in a array after using strtok() from a ""full string"" in C",0.1599,0.145
C,C - Error in Comparing Variable of Struct and String,0.1072,0.145
C,How to change new to malloc?,0.0555,0.145
C,"Makefile, better understanding rulesReading the official documentation",0.2042,0.145
C,infinite loop when using free() in while loop,0.0942,0.145
C,String and for loop,0.0475,0.145
C,Need to understand one usage of pthread_mutex_lock() and pthread_cond_wait() and pthread_cond_signal(),0.2234,0.145
C,Why am I getting Segmentation fault for using array of char pointers?,0.134,0.145
C,Return vector from pthread function?,0.1103,0.145
C,How does fscanf() deal with double values?,0.0926,0.145
C,Dijkstra's algrotithm for unweighted graphs,0.1226,0.145
C,GCC 8 Invalid Result of Implicit int to float cast,0.097,0.145
C,Function printf() to print backspace problem,0.1203,0.145
C,Linux userspace example for rpmsg-lite protocol,0.12,0.145
C,Get Min and Max label in from the array loop,0.0794,0.145
C,C programming language excercise1-18 Hi guys i am reading The C programming language by Kernighan and Ritchie and trying to solve along the questions.,0.2552,0.145
C,Invalid next size with realloc function,0.1056,0.145
C,Implement a pipe in C: Is it necessary to fork?,0.0843,0.145
C,JNI - How to convert 'jint' argument to 'unsigned int' C type value,0.1206,0.145
C,"Socket Programming C, receiving messages is carrying over from previous messages",0.1717,0.145
C,how memory allocation is done,0.0799,0.145
C,Unicode Box Drawing characters not printed in Ruby I work on a game in Ruby.,0.1361,0.145
C,Why does sizeof() not return the length of an array?,0.097,0.145
C,How to assign task for each thread without forcefully using c I.e each thread need to take some work after completion of first work?,0.2237,0.145
C,sscanf with colon delimeter I'm a newbie to C Programming.,0.1111,0.145
C,Counting the amount of times a number appears in a 2D array C,0.1099,0.145
C,C: How to use sizeof to split a char? I have a char array which I want to split for every 16 bytes. How is that done in C?,0.2027,0.145
C,"Stack/Frame pointer as external variable Currently, I was writing some logging logic and wanted to make some indentation.",0.2158,0.145
C,"Weird behavior of right shift in C (sometimes arithmetic, sometimes logical) GCC version 5.4.0",0.1699,0.145
C,Run exec command on php I'm trying to run exec() from my php file.,0.1107,0.145
C,How do I return a pointer to an array of struct in C?,0.0886,0.145
C,"c reading a file using fgets, strtok causes segmentation fault",0.1303,0.145
C,SDL2 iOS multitouch second finger down not detected,0.1198,0.145
C,Why Converting command char double pointer to char is not working in case of command line argument?,0.1791,0.145
C,C - Loop through void* knowing element size,0.0964,0.145
C,How to fix SIGSEGV in C in this situation?,0.0778,0.145
C,"Assigning an array's head pointer to an existing array in a union, in C I'd like to ""equate"" two arrays, where one is inside a fixed union (should not be changed).",0.2668,0.145
C,How can I fit a return statement in a ternary conditional?,0.1111,0.145
C,Gstreamer RTSP `gst-launch-1.0` Equivalent C CodeI am currently working on a project using NVIDIA Deepstream that involves GStreamer.,0.2317,0.145
C,cs50 pset5 unload problem - memory leakage I am trying to solve the cs50 pset5.,0.1446,0.145
C,understanding command execution in shell implementation,0.1737,0.145
C,How to print string into an array after used the isdigit?,0.1083,0.145
C,gets() function using getchar from assembly I'm having some problems making a gets() function on a C code i'm doing for one of my classes.,0.2291,0.145
C,"How do I call this function with the arguments (void (*store) (int*,int))?",0.1285,0.145
C,printing same float value always,0.0946,0.145
C,Makefile with different header directories?,0.1447,0.145
C,C extracting odd digit from integer,0.0886,0.145
C,At least two timesI'm doing part where I just can't figure out how can I count if at least 2 times some character has shown up.,0.2131,0.145
C,How to check an input for a specific data type?,0.0862,0.145
C,realloc of array inside a structI,0.0801,0.145
C,Why isn't timespec_get defined on any C compiler on my Mac?,0.108,0.145
C,Define the following modules to display the system’s summary.,0.1274,0.145
C,Enable a linux service to show popup window,0.0923,0.145
C,Two questions about basic C programs1.,0.0981,0.145
C,"Can a loop create a new, different array each time it runs?",0.1063,0.145
C,What is this zero-invariant modulus function called?,0.1207,0.145
C,Why does the GCC Compiler allows us to declare zero length strings (directly) and negative length strings (indirectly)?,0.2124,0.145
C,"C Linker optimization with libraries Suppose I have a function foo() in some C library and I am statically linking this library to some executable, but there is no call to this method from library or from the code within the executable.",0.3791,0.145
C,"skipping functions in return sequence of callersIn a sequence of function calls, such as",0.1688,0.145
C,How to set a debugger flag on C build?,0.0652,0.145
C,Is this a proper implementation of a DeleteList function?,0.1252,0.145
C,Valgrind : Conditional jump or move depends on uninitialised value(s) occurs even I initializing the memory,0.1984,0.145
C,Error importing stdlib.h from Swift Bridging Header (Linux),0.1293,0.145
C,"Clang + pycparser fail to parse pythread.h header from CPython 3.7Clang + pycparser fail to parse pythread.h header from CPython 3.7, but this was working in CPython 3.7-dev in Travis CI.",0.3045,0.145
C,issue with multiplying a define by a negative number,0.1116,0.145
C,**Assertion `!xcb_xlib_threads_sequence_lost' failed** while running graphics program in C,0.2161,0.145
C,Scan value from a text file into structure,0.0889,0.145
C,Program always outputs 0 value,0.0848,0.145
C,"Is it safe to fread 0 bytes into a NULL-pointer? In my environment, the following code runs fine, but is it guaranteed to be okay?",0.2169,0.145
C,C MACRO evaluationI wish to declare a statically allocated array.,0.1391,0.145
C,C - Unexpected results with fork and sleep functionsI found this Redirect ouput to another instance termina,0.1996,0.145
C,C - pointer to array: how to copy just the value (not address) of one pointer to another?,0.152,0.145
C,What are compiler flags to see pure C code generated from Objective-C?,0.1307,0.145
C,How to check that two arbitrary memory ranges are not overlapped in c/c++,0.1318,0.145
C,How to compile files with GLFW in Linux?,0.0795,0.145
C,Number of elements in a static array,0.0784,0.145
C,Segmentation fault while using getchar,0.1241,0.145
C,Accessing the C Interface from the C/C++ BLPAPI SDK,0.096,0.145
C,Inotify ordering guaranteeI have a directory,0.1269,0.145
C,Access data of double pointers array,0.0928,0.145
C,What terminating condition for this recursive flood fill implementation?,0.1725,0.145
C,Accessing process stack pointer from kernel space,0.1276,0.145
C,Alocating array positions to splinted words after using the strtok function,0.1597,0.145
C,Does offsetof require pointer derefence?,0.13,0.145
C,Converting data to code,0.0712,0.145
C,Segmentation fault when removing trailing whitespace from string in c,0.1528,0.145
C,How does C exactly run?,0.0464,0.145
C,"C : how Get OS name ( Ubuntu, Debian,Centos,.. ) and if Definition OS name = ubuntu I want to write a script with C.",0.1885,0.145
C,How to increase the font-size of a button or label in a gtk3 program in C?,0.126,0.145
C,Creating a related x-macro from an existing one,0.0958,0.145
C,How to pass non const dynamic multidimensional array to function wanting const multidimensional array?,0.202,0.145
C,c-how to read and write at the same time in multiple pipes?,0.1035,0.145
C,Scanf Specific Error Condition on Character Input,0.1276,0.145
C,u-boot: how to access 'bootcount' from linux userspace?,0.1123,0.145
C,Makefile Giving Duplicate Error C,0.0995,0.145
C,"How can I print a dangling pointer, for demonstration purposes?",0.1313,0.145
C,Program crashing at realloc,0.0948,0.145
C,"Dealing with multiple fork()s For an exercise, I have to write a program that compares two files in parallel.",0.1882,0.145
C,How to use strtok in text file,0.0557,0.145
C,"array where each even index powered by 2, odd index powered by 3",0.1159,0.145
C,C Make error while linking C code with CUDA I am having linking errors while building a project using c make.,0.188,0.145
C,scanf and no switch case is executed in c,0.0769,0.145
C,How to fill a 2D array without using a for loop?,0.0835,0.145
C,Difference between Node->next!=NULL and Node!=NULL in C,0.1058,0.145
C,Searching a char value inside char array in C,0.0895,0.145
C,Cython from C pass unsigned char array to Python,0.099,0.145
C,Kernel Module which opens a script when inserting an USB-Stick,0.1239,0.145
C,C's open overwriting file to be opened and fdopen returning NULL,0.1227,0.145
C,Fibonacci Sequence using Linked List crashes after linked list is destroyed.,0.1607,0.145
C,Why do fgets reads my first input in scanf?,0.081,0.145
C,concatenate two integers in hexa and save them in long long int C,0.1199,0.145
C,C macros using enum,0.0475,0.145
C,C program stuck in infinite-loop-like nautre but without printing any variables,0.1546,0.145
C,Swift doesn't allow function overloading in objective-c or c headers,0.1331,0.145
C,C code to relocate the vector table,0.0746,0.145
C,How do I open/write/read a uart device from a kernel module?,0.1059,0.145
C,Why I am only seeing the first character,0.082,0.145
C,C fcntl() not working?,0.0504,0.145
C,5*1 matrix of 2d array in cwhen i am working with 2d arrays.,0.1024,0.145
C,How to get hello on DB410C and Chip select pin of DB410c is high.,0.1142,0.145
C,Deleting Elements from an Array based on their Position every 3 Elements,0.1435,0.145
C,Cant see printf in mplabX IDE anywhere... Why?,0.0927,0.145
C,MySQL assumes partial `pwrite()` means disk is full,0.1099,0.145
C,How to make code say 'invalid input' when a user enters a character or a string (Validate),0.1565,0.145
C,How to wait for network packet with GNU-EFI simple networking,0.1212,0.145
C,Strange Clang behavior.,0.1012,0.145
C,Gradle: How to designate a output directory for C/C++ object files?,0.1239,0.145
C,cannot understand this error,0.1007,0.145
C,ARM Cortex M7 unaligned access and memcpy,0.0973,0.145
C,Assign an Int from a Double Pointer (Pointer to Pointer) in C,0.1115,0.145
C,Difference between Debug and Release when exporting C++ functions from DLL as C,0.1515,0.145
C,Why the switch statement displays default in this C calculator?,0.1332,0.145
C,Problems with global-variables affecting Unit Test results,0.1438,0.145
C,Unnamed unix domain socket has wrong address length,0.1198,0.145
C,C socket to handle full recvBeej's guide/ tutorial on Socket Programming gives a readily usable snippet on sending all data over send.,0.2296,0.145
C,Replace Function Pointers with Functions Which level is the best place to do points-to analysis and replace function pointers with real functions?,0.2523,0.145
C,"Splitting string into tokens ignoring substrings wrapped in """"I am creating my own command line parser and I am splitting substrings with strok() and delimiters of \t (whitespaces)",0.2971,0.145
C,"Post increment behaviorRecently, I upgraded my project from gcc 4.3 to gcc 5.5.",0.1416,0.145
C,How do I link to a library with Code::Blocks?,0.0784,0.145
C,How to best enhance my program to take advantage of strcmp's timing optimization?,0.1522,0.145
C,Struct variable,0.0971,0.145
C,Second pthread won't enter second loop I'm facing a problem with my threads.,0.1361,0.145
C,Function Overload C multiple argumentsI like to voverload a C function.,0.1469,0.145
C,Handle ambiguous struct declarations while debugging C code,0.1472,0.145
C,Can the address of a variable with automatic storage duration be taken in its definition?,0.1657,0.145
C,How to move a star pattern horizontally?,0.0907,0.145
C,Why I can create a shared memory bigger than the size mounted on /dev/shm using POSIX?,0.1503,0.145
C,Opening a file pointer for logging macro in header file,0.1117,0.145
C,Can't find the segmentation fault in my code,0.0863,0.145
C,Can not find libraries in C code,0.0633,0.145
C,Generating an array of random numbers using two functions,0.1274,0.145
C,Looking for alternative to set of nested #ifdef-s,0.0999,0.145
C,Why does gcc create a new stack for each function?,0.0951,0.145
C,EFM32 Gecko Starter Kit USART1 Receive not working (EFM32G890F128),0.1514,0.145
C,delete specific node from doubly linked list (in c) - can't delete tailI am trying to delete just one node from a doubly linked list.,0.2223,0.145
C,Custom code to read and write physical address memory on linux I have try to access physical memory directly.,0.1929,0.145
C,Can I pass the values of a matrix to another matrix by simultaneously indexing both matrices in c?,0.1736,0.145
C,expanding a struct the right way,0.0758,0.145
C,Integer value changes during insertion to array,0.12,0.145
C,sizeof unsigned int is 8,0.0553,0.145
C,Creating a Singly Linked List with Data from a Filestream,0.1176,0.145
C,C Makefile linker error -I'v written the Makefile below. I'm getting the following error during compilation. I'm not sure what IBS is?,0.2248,0.145
C,Is the conditional move optimization against the C standard?,0.1346,0.145
C,Read string from index 1 in C,0.0519,0.145
C,Measure time (in clock ticks) with contikiI tried to measure the time of some operations on the telosB platform.,0.1968,0.145
C,Scheduled events to ALSA sequencer are not being outputted,0.1305,0.145
C,How do I prevent asprintf writing over variables on heap?,0.1156,0.145
C,Understanding the inlining with gcc (inlined function assembly code present in binary?),0.1777,0.145
C,fread can't read an object from file Task is to read a map from a file and then display it.,0.1538,0.145
C,Struct Sizes conflict,0.0927,0.145
C,How to close child processes with exit(0),0.083,0.145
C,Different results on different computers,0.1339,0.145
C,Why `mysqli_query()` returns null? How can i figure it out?,0.1116,0.145
C,Why does sizeof(MACRO) give an output of 4 bytes when MACRO does not hold any memory location?,0.1643,0.145
C,OpenCL: How to distribute a calculation on different devices without multithreading,0.18,0.145
C,How does C parse command line arguments?,0.0907,0.145
C,C - Eliminating Loop Stutter?,0.0917,0.145
C,C: Reading 128 bit value from flash address,0.0898,0.145
C,Is floating point math broken?,0.0808,0.145
C,"array value not updatingI have a strtok implementation (sort of), but it doesn't print the token!",0.1713,0.145
C,How Get arguments value using inline assembly in C without Glibc? How Get arguments value using inline assembly in C without Glibc?,0.2263,0.145
C,How to make signal handler only run it once and terminate all processes?,0.1357,0.145
C,C Saving Data from a Text File into an Array of Structures I want to ask about file processing and struct in C language.,0.2037,0.145
C,Process list of strings from R to C,0.0649,0.145
C,Capturing data being written to open file descriptor,0.1232,0.145
C,What is the significance of the .h extension in header files?,0.1176,0.145
C,What is the transformation of uint via RGBA8_SNORM in glTexImage2D-glGetTexImage round-trip?,0.1853,0.145
C,What is the correct way to link assembly code with C code using gcc,0.1204,0.145
C,Porting uint from c to c,0.0418,0.145
C,list function' lists a different function?,0.1118,0.145
C,How to rebuild newlib and newlib-nano of GNU Arm Embedded Toolchain,0.1305,0.145
C,What does using ampersand (&) with minus operator achieve?,0.1314,0.145
C,Allocating memory to 2D array using an array of NULL (c)thanks for taking the time in reading this.,0.1718,0.145
C,Calling Malloc from Within a Wrapper Macro,0.1011,0.145
C,segmentation fault on array c I am pretty new to programming and this is a college assignment.,0.1685,0.145
C,GEMM with single-precision and double-precision matrix in BLAS,0.1323,0.145
C,Truncated value is being stored,0.0897,0.145
C,Launched Failed.Binary not found in EclipseI just installed Eclipse and I get this error whenever I hit the button run: Launched Failed.Binary not found.,0.258,0.145
C,Open() with O_WRONLY blocks even though I open() with O_RDONLY on the other end,0.1432,0.145
C,fail to output expected **argv in C,0.069,0.145
C,Pointer to function Prototype,0.1066,0.145
C,Return type in case of Callback functions,0.0973,0.145
C,"Linux: Buffer overflow of simple C program is giving SIGBUS I am a beginner in binary exploitation, and I'm training for the exploitation of buffer overflows.",0.2644,0.145
C,C putchar doesn't work after stdout is redirected,0.1021,0.145
C,C Linked List error not linking properly,0.0935,0.145
C,Generic functions taking unknown type parameters in C,0.1266,0.145
C,Segmentation fault 11 crashing in for loop,0.1011,0.145
C,glReadPixels() couldn't obain the A's value which outputng from fragement shader.sush as,0.1621,0.145
C,Difference between struct tcphdr and struct tcp,0.12,0.145
C,Can not understand why im getting exception thrown error,0.1242,0.145
C,Array of struct with pointer type,0.0801,0.145
C,Advantage of using compound assignment,0.1241,0.145
C,Why don’t we have to call main function in C?,0.0753,0.145
C,C program using getopt can't resolve url parameter,0.1053,0.145
C,Cannot run C programs on MIST architecture,0.1011,0.145
C,EVP encryption core dumped,0.0889,0.145
C,stack corruption detected Fatal signal 6 (SIGABRT),0.1257,0.145
C,Error message appears as 'struct IteratorG' has no member named next,0.1369,0.145
C,"Getting ""missing braces around initializer"" when initialize a linkedlist",0.1703,0.145
C,Eclipse; Escape Sequences don't work?,0.0905,0.145
C,How to force Cmake execute a top-level C Make Lists.txt of a multi component dependency?,0.1557,0.145
C,Improper Initialization of 2D Array in C I am trying to construct a 2D array for an assignment.,0.1674,0.145
C,"Why this C program with ""abort()"" does not crash?",0.0911,0.145
C,How to release memory while preserving virtual address range?,0.1378,0.145
C,Why the size command didn't list a stack or heap segment for any executable or object file?,0.1592,0.145
C,Volatile pointer points to non volatile data,0.1087,0.145
C,MPI combined non-blocking send and receive with waitall in C,0.1184,0.145
C,Initialize type def field of a type def struct,0.0927,0.145
C,Using scanf to create new struct object,0.0897,0.145
C,Shared memory sync using semaphore I have two codes : PRODUCER (PR) and CONSUMER (CO).,0.1556,0.145
C,Having trouble understanding pointer operations,0.1683,0.145
C,How do I call a function with pointer variable?,0.0936,0.145
C,G Streamer's autovideosink missing for command line tools - Debian 9.4,0.135,0.145
C,G Mock C Framework Functions,0.075,0.145
C,How to read connections at the same time using select?,0.1068,0.145
C,GZIP compression using zlib into buffer,0.1056,0.145
C,Execute PE from memory I tried to write LoadLibrary function in C.,0.1262,0.145
C,Function Modification,0.1622,0.145
C,why is a negative long value greater than a positive unsigned long value?,0.1382,0.145
C,"Segmentation fault(core dumped) in recursively listing of directories and files in C, Linux",0.1745,0.145
C,How to properly initialize task_struct in the linux kernel,0.1305,0.145
C,Malloc and Calloc not freeing correctly,0.1056,0.145
C,strtol not working as expected,0.0848,0.145
C,How to pass function with different number of arguments as argument in C? [duplicate],0.1588,0.145
C,Find subsets of size K in N set,0.0511,0.145
C,Strange behaviour of Win32_NetworkAdapterConfiguration::EnableDHCP?,0.2587,0.145
C,C program to test other programs with repeatable input and no restart,0.1357,0.145
C,Using linkedlist to store txt's sentences,0.0973,0.145
C,how to manipulate data from an input file in c?,0.0862,0.145
C,s scanf doesnt seem to capture the correct parts of my strings,0.1174,0.145
C,How to dynamically change data type?,0.0896,0.145
C,Passing reference to a c executableIs it possible to send a reference to a variable as a parameter to an executable in C?,0.2068,0.145
C,How are variables tied to their values in C?,0.0841,0.145
C,Enum and a function that returns the month name as a string,0.1096,0.145
C,i dont know this use of struct and pointers can anyone help me what does this line of code do,0.16,0.145
C,How do you query a pthread to see if it is still running?,0.0985,0.145
C,Add a line in NcursesIs there a function in ncurses to add a line and move the text after the cursor to that new line?,0.1992,0.145
C,Changing visibility of hidden symbols on OS X,0.0992,0.145
C,Substituting the next character from a stream of characters in a while loop,0.1447,0.145
C,How to get WebKit cookies with C?,0.0642,0.145
C,Initial output of parent is lost while redirecting,0.1163,0.145
C,How to implement Counting Sort on array of Student ID associate with Score I have an array of student ID with their respective score.,0.2269,0.145
C,What is the correct behavior of non ascii chars in printf format?,0.1236,0.145
C,struct_ prefix vs no prefix I'm currently writing some basic cgo code.,0.1307,0.145
C,Basic square function done with array & malloc,0.1106,0.145
C,Stucked while preparing an sql request pro*c,0.0957,0.145
C,system() with dot doesn't create the .dot file,0.0861,0.145
C,"Memory Allocation, Outputting Garbage Why is this outputting garbage instead of char values in arrayLetter?",0.2054,0.145
C,Open and write files in Android NDK Why can't I open files in writing mode in C?,0.1366,0.145
C,Is an array name a pointer?,0.0513,0.145
C,"standard way to solve ""passing argument of function from incompatible pointer type"" with function pointers parameter",0.2194,0.145
C,"How can I change the ""Dim the display"" and ""Dimming display brightness"" setting (Windows) from wihin my application?",0.204,0.145
C,Speck cipher implementation in C - Test vector Error,0.1182,0.145
C,"ncurses - No output from pad Trying to get output from pad, but getting only a blank screen.",0.1607,0.145
C,Create a file of a specific dimension filled with zeroes,0.1147,0.145
C,How to make what function I use in c be controlled by a variable,0.1133,0.145
C,MinGW DLL __stdcall calling convention linker error,0.1352,0.145
C,Reading 2-D string Array From File In C,0.0706,0.145
C,How to make specific row child editable in Gtk Tree View,0.1074,0.145
C,Cutting a string?,0.0558,0.145
C,Implement a 2D split() function,0.0818,0.145
C,Segmentation faults every time I try to take command line input,0.1267,0.145
C,Run c/c++ code from nodejs,0.0437,0.145
C,How to prevent user from inputting char,0.0897,0.145
C,Fastest assembly code for finding the square root. Explanation needed,0.1508,0.145
C,call failed: RPC: Can't encode arguments I'm creating a very simple RPC.,0.128,0.145
C,Solving user inputted equations in C,0.0928,0.145
C,"Calling a Structur Pointer error: ""expected a identifier..""",0.1348,0.145
C,Compile ptrace() program on OSX,0.0818,0.145
C,Minimum sum of two elements from two arrays such that indices are not same,0.137,0.145
C,Function with an argument that can be different structs,0.1211,0.145
C,Passing struct into function,0.1007,0.145
C,How caching in stdlib fopen works?,0.081,0.145
C,C in Xcode having trouble with creating file I am new to Xcode and I an currently learning C. How does file opening work here?,0.2124,0.145
C,fopen() crashing on second use in c,0.069,0.145
C,How can I rewrite my if-statements to work?,0.081,0.145
C,miniz C can't zip file with absolute path,0.0769,0.145
C,Converting Python instance to ctypes.c_void_p,0.1311,0.145
C,Who decides the sizeof any datatype or structure (depending on 32 bit or 64 bit)? Who decides the sizeof any datatype or structure (depending on 32 bit or 64 bit)?,0.268,0.145
C,Using sscanf for an unknown number of variables,0.106,0.145
C,Reading C program's output files in javascript,0.1026,0.145
C,C compiler option in Bazel CROSSTOOL file How does one set C only (not C++) compiler flags in the CROSSTOOL file in Bazel.,0.2052,0.145
C,How do I do reverse sentence in this simple way?,0.0892,0.145
C,C Case in loop problemsI have multiple errors with this project.,0.1276,0.145
C,Gtk3 and cairo animation twitch I've made a very simple animation with gtk3 and cairo.,0.1548,0.145
C,How does C17 want me to initialize my atomics?,0.0905,0.145
C,Function to repeat a certain menu in C I am new to C programming language.,0.1316,0.145
C,Explicitly ignoring NULL value but C behaves weird I am writing a program to check a certain word in a string.,0.1899,0.145
C,Visibility of change to shared memory from shm_open() + mmap(),0.13,0.145
C,The preLaunchTask 'helloworld' terminated with exit code 1,0.1388,0.145
C,arithmetic and cast pointers and structures,0.1226,0.145
C,log4cplus: use clogger API to write a single log from multiple processes,0.1419,0.145
C,Why isn't scanf working when I try entering strings in a char pointer array?,0.1361,0.145
C,Binary Search in C - Stuck in a loop,0.0633,0.145
C,how to run a C program with a test file?,0.0657,0.145
C,Union Assigned Values in C,0.0651,0.145
C,"Pointers, dereferencing and referencing",0.1607,0.145
C,"C: Is there a way to lower the speed of printf-outputsas said in the heading, is there a way to lower the speed of printf-outputs in C?",0.2247,0.145
C,Wrong struct member values after pointer assignment,0.1352,0.145
C,Hardcoding or substituting char **argv in C,0.0992,0.145
C,How to know which DNS served a request?,0.0761,0.145
C,LCD weird charactersI have been working on a project in which I need to show numeric outputs via 2x16 LCD display.,0.1975,0.145
C,Macro preprocessor directive,0.1455,0.145
C,learning c having trouble understanding pointers void,0.1427,0.145
C,Why `-fvisibility-inlines-hidden` is not the default?,0.1167,0.145
C,I run a random number generator but the outer loop only runs once [duplicate],0.1413,0.145
C,Is Java's Generic T object the equivalent of C's Opaque pointer?,0.1159,0.145
C,Replacing characters in a string using pointers,0.12,0.145
C,How to store value of variable,0.0673,0.145
C,Unable to show all UPnP devices within the local network C++,0.1148,0.145
C,Using a multidimensional array within a structure,0.1276,0.145
C,using EOF instead of feof,0.0602,0.145
C,I have to count the occurence of letters in a file with each letter having its own fork process,0.1659,0.145
C,How do I install libDb from source on OSX,0.0769,0.145
C,Using floorf to reduce the number of decimals,0.0992,0.145
C,Dynamic objects (C pointers handling) when they are passed to a function,0.1402,0.145
C,K&R replace multiple spaces with single space,0.0992,0.145
C,Conditional jump or move depends on uninitialised value(s) in C valgrindsentences = malloc(sizeof(int) * totalSentences);,0.2229,0.145
C,./a.out is not recognized in window for executing lexIm using DevCpp and flex on windows 10.,0.1619,0.145
C,Switch case weird scoping,0.083,0.145
C,Error while printing the given inputs,0.0971,0.145
C,Postgre sql C How to convert uint64_t into numeric?,0.1062,0.145
C,Convert hexadecimal numbers to decimal numbers,0.1354,0.145
C,manually copy .data section from flash to ram with IAR EWARMI have written a bootloader for a Kinetis K24 Cortex M4.,0.2004,0.145
C,Why is this C-string assignment illegal?,0.0907,0.145
C,Trying to assign a character to a string inside a pointer to a struct causes a segmentation fault,0.1726,0.145
C,Are there real vectors (one-dimensional arrays) in Perl?,0.1176,0.145
C,Why fwrite prints null bytes while writing binary file in C?,0.1166,0.145
C,Direct access to structure task_struct from Usermode as root,0.1368,0.145
C,double free or corruption (!prev) pthread,0.1042,0.145
C,Problems reading\writing to devices for embedded Linux project,0.1431,0.145
C,Decimal To Binary in C Char Array I want to return a 16BIT binary from a decimal number.,0.153,0.145
C,Why do stacks typically grow downwards?,0.1023,0.145
C,Is there a fast way to interpose a character between strings?,0.1194,0.145
C,Binding Toggle Buttons to each other using Glade & GTK+ (in C),0.1149,0.145
C,Using .NET CLR in luajit as a module,0.0658,0.145
C,Strange things happen when handling http request multithread,0.1506,0.145
C,Why does linking my program with iso_c_binding cause undefined references to __gfortran_?,0.1862,0.145
C,Determine length in bytes of content of a variable,0.1053,0.145
C,why the array in c does not swap the last elements,0.0908,0.145
C,random chars in dynamic char array C I need help with char array.,0.1183,0.145
C,UART interrupt infinite loop microchip,0.1241,0.145
C,gprof : function 'etext' is taking 100.05% of time running I used gprof to get a profile of a c code which is running too slowly.,0.2137,0.145
C,Code that hugs commands between save and retrieve mechanism,0.1337,0.145
C,Are dev_t and ino_t required to be integer types?,0.0999,0.145
C,Is malloc neccesary when creating array in function call?,0.1252,0.145
C,gcc : undefined reference to 'function',0.1132,0.145
C,`makefile` not working as expected,0.0965,0.145
C,malloc issues- C program runs in debugging but crashes in normal running,0.1419,0.145
C,"HC-05 ⸮ In Serial Does Not Function I recently got a HC-05 Bluetooth module for my arduino, but I cannot send or receive data from it.",0.2231,0.145
C,C - Using fgets until newline/-1,0.0659,0.145
C,variadic-functions to a dynamic array?,0.0981,0.145
C,libhiredis does not work when passing redis,0.1049,0.145
C,can't overwirte return address outside of gdb,0.0992,0.145
C,Why does c print a different array the second time it's printed?,0.1159,0.145
C,snprintf floating with specified width and specified padded digits and specified precision,0.1904,0.145
C,"How can I best ""parallelise"" a set of four nested for()-loops in a Brute-Force attack?",0.1468,0.145
C,HexRays - output has values read that are never written?,0.1176,0.145
C,c typedef(ed) opaque pointer,0.071,0.145
C,Program is working on code block but not in hacker rank,0.1046,0.145
C,Matching hashes in C I am fairly new to C and am currently practicing by writing a program which that allows users to search for hashes written in a text file.,0.2644,0.145
C,"Writing an LLVM pass to detect malloc function calls, number of bytes assigned and the variable name pointing to that memory",0.2165,0.145
C,CMake CMAKE_WINDOWS_EXPORT_ALL_SYMBOLS Can't Export inline method,0.1881,0.145
C,Variable types in C and who keeps track of itI am taking a MOOC course CS50 from Harvard.,0.1551,0.145
C,OpenGL Hooking -- Rendering to an arbitrarily-sized FBO,0.1261,0.145
C,Character type pointer memory allocation?,0.1349,0.145
C,Parallel assignment in C++,0.079,0.145
C,printf function on multi thread program,0.1056,0.145
C,Variable arguments inside a macro,0.0995,0.145
C,C FILE creation not working,0.07,0.145
C,Unable to free the value of a pointer (which holds a pointer) I have a database which stores pointers as data.,0.188,0.145
C,"Can someone help me with ""unknown type name 'treeElement'"" error?",0.1312,0.145
C,Got 'nan' when using ctypes in python3 where a float is expected,0.1194,0.145
C,"What does this code mean in C, "" int x = ~!printf; ""?",0.0841,0.145
C,why my first child process does not receive signal from his parentthis program have been writted in C and compiled on ubuntu.,0.216,0.145
C,Different nCurses behaviours with different terminals,0.1652,0.145
C,c function: re-initialize a static array or declare new every call?,0.1272,0.145
C,Any built-in function to chanage case in C?,0.081,0.145
C,Writing data in different files in C I'm studying C at the moment and I'm not that good yet.,0.1557,0.145
C,C program to save structure data to an Excel file in a tabular format,0.1251,0.145
C,C access symbol in executable (linux),0.0905,0.145
C,Why does this code only return every other coordinate from my data set?,0.1332,0.145
C,"How to input two strings I'm trying to write a program where the user has to write two different strings, but after the first string is entered the program ends.",0.2669,0.145
C,How can I print an array like a grid?,0.062,0.145
C,GNU argp: How to parse option with only long name?,0.0931,0.145
C,Read 2 data stringI have faced a problem with my program and I don't understand why.,0.1473,0.145
C,Converting Complex c function to fortranI am converting some c functions to fortran.,0.1655,0.145
C,Why I cannot compile with -fPIE but can with -fPIC?,0.094,0.145
C,For loop' to arrange Numbers in ascending order.,0.1045,0.145
C,Unclear relationship between pointer dereferencing and casting in a specific scenario,0.1873,0.145
C,"How to sync N processes to wait for each other through semaphoreLinux, C.",0.1367,0.145
C,Copy array via memcpy I saw there are a lot of articles about memcpy but I can't find the solution for my problem.,0.193,0.145
C,NPPExec scanf Notepad++ Consoleim new to NPPExec and c coding.,0.1263,0.145
C,Why wont my file open and how can I fix it?,0.0697,0.145
C,Return error code after first detected error,0.1087,0.145
C,How to compile static .lib library for Windows in Linux or Macos,0.121,0.145
C,C - Writing duplicate array records into a text fileIn this C program i have an array with duplicate student IDs.,0.196,0.145
C,"fread() causes Valgrind error: ""Conditional jump or move depends on uninitialised value(s)",0.1742,0.145
C,gmp strange behaviour that doesn't let me compile new project,0.1212,0.145
C,l value required as left operand of assignment <-- I dont get thesewhy that always appears every time i want to do these,0.204,0.145
C,c function not printing when called and jump to the next function I am trying to make  a game  called Tic-Tac-Toe-Tomek(variation of Tic-Tac-Toe).,0.2421,0.145
C,Is it ok to define static inline function with same name in different files?,0.1403,0.145
C,Scanning char array using read() Can I set char array by using read method in a function?,0.1555,0.145
C,"How to get net encap in c\c++ on linux? Is there a way in Linux, using C\C++ code, to get the information about all network adapters ""Link encap:*****""?",0.2436,0.145
C,"Why and How, is this C program showing 7.21 accurately?",0.101,0.145
C,UDP Socket Programming - recvfrom() one Port and send to() other PortUDP Socket Programming - Server listening on Port 5000 - Client listening on Port 6000,0.2609,0.145
C,"Count number of blanks, spaces, and tabs in C",0.0851,0.145
C,function parameter type compatibility,0.1538,0.145
C,C - Passing pointer to function,0.0818,0.145
C,Why do we need to include prototypes in source file in C?,0.1028,0.145
C,Configure doesn't read --with-openssl-dir during static Tor compilation I'm trying to compile a static version of Tor with MinGW-w64 (MSYS 2).,0.2368,0.145
C,Defining preprocessor directives gives unknown identifier while compilation,0.2021,0.145
C,Why my c program only produce zero answer while using for loop?,0.1184,0.145
C,Counting primes up to 18 digits optimization,0.1087,0.145
C,Why is “while ( !feof (file) )” always wrong?,0.0842,0.145
C,Multi Threading - Peterson's algorithm not working,0.1257,0.145
C,Counting average from random numbers from 0 to 1,0.099,0.145
C,Speed measurement from lidar sensor for automatic braking system,0.1495,0.145
C,Execute C language input file on linux,0.086,0.145
C,Print extended ascii with write function How do I print character 128 from extended ascii with write function in c language?,0.2165,0.145
C,segmentation fault (core dumped) using pointer,0.1288,0.145
C,C Statistical Analysis Program having mathematical errors,0.1579,0.145
C,Why does converting a certain short to double equal a 4004 digit number?,0.1357,0.145
C,How to keep threads paused in C,0.0595,0.145
C,Controlling mouse wheel by code I'm trying to develop a program that scroll a text page.,0.1557,0.145
C,Options for Py_BuildValue when creating handle Which options should I use for Py_Build Value when I am trying to return PyObject which is handle at C?,0.2536,0.145
C,C language-> Read a file to a dynamic array,0.0788,0.145
C,How to uppercase first char in the C input?,0.081,0.145
C,calling sock_sendmsg in kernel module returns (-1) permission denied I am working on a driver and I need to send UDP packets from the kernel.,0.2371,0.145
C,calloc causes Bad Access,0.0771,0.145
C,"Why can pointers be NULL In C or C++, isn't NULL just the constant integer 0? Why are we allowed to assign some pointer to the value NULL if it a constant integer?",0.2682,0.145
C,"Why does ""typedef struct anything_at_all boom;"" compile without errors?",0.1628,0.145
C,Convert struct with pointer to char array,0.0973,0.145
C,"VM Placement with FF, BF and WF Algorithms Please I am working on VM Placement using First-fit (FF), Best-fit (BF) and Worst-fit (WF) algorithms.",0.238,0.145
C,Matrix addition in c using malloc not allowing full input,0.1176,0.145
C,Open MPI Waitall() Segmentation Fault I'm new with MPI and I'm trying to develop a non-blocking programm (with Isend and Irecv).,0.2147,0.145
C,How does c String(using: .utf8) and with UnsafeFile System Representation(_:) differ from each other?,0.1815,0.145
C,What is an undefined reference/unresolved external symbol error and how do I fix it?,0.1543,0.145
C,Dynamic libraries loading at different addresses despite ASLR being disabled I have a program that I'm using to demo a return-into-libc exploit.,0.2447,0.145
C,"How recursion works for this binary search tree algorithm I have the following binary search tree, with root node 20.",0.2048,0.145
C,Can't understand how a long double number can be greater than 2^80,0.118,0.145
C,Structure used in other source files,0.0928,0.145
C,Is there a function similar to string compare but for integers?,0.1249,0.145
C,Where did the name `atol` come from?,0.0699,0.145
C,Dijkstra's algorithm on a graph represented by adjacency list I was implementing Dijkstra's algorithm on a weighted directed graph given by an adjacency list.,0.2673,0.145
C,How to understand this GNU C inline assembly macro for PowerPC stwbrx,0.1357,0.145
C,copy data from linux kernel space to user space,0.0958,0.145
C,"C implementation of merge sort, as shown in Cormen's et al ""Introduction to algortithms"" not working properly",0.194,0.145
C,Unexpected truncation when copying data to empty string in C,0.1264,0.145
C,Changing specific set of bits in a byte,0.0786,0.145
C,Count the amount of individual characters (vowels) within a string in C,0.1376,0.145
C,Hooking sys_execve on Linux kernel 4.6 or higher,0.099,0.145
C,Sharing a 3D int array between processes C/C++ I'm currently modifing a code which uses a cache loaded on the fly from a database.,0.2177,0.145
C,"Why does this not out ""invalid input"" when i enter 4 / a in command arguments",0.1345,0.145
C,strange value when print linked list values in c,0.099,0.145
C,Nested loop in mips assembly,0.075,0.145
C,"C how to define many variable the each name add 1 for switch case usingmy code below, because define test_X will so many, maybe from test_1 to test_100.",0.2533,0.145
C,glReadPixels causing crash I have a 3d scene which I can render on my display.,0.1407,0.145
C,"Please explain this behavior of fgets() in C To my understanding, fgets() will scan for input until a carriage return(\n), but my this code shows otherwise.",0.2566,0.145
C,stm32l4 RTC HAL not working,0.07,0.145
C,Makefile - Only Makes One of Two Libs I am new to makefile and am trying to compile several files.,0.1688,0.145
C,control reaches end of non-void function c programming using Xcode,0.1349,0.145
C,What is the best way to have multiple threads read a file at the same time? What is the best way to have multiple threads read a file at the same time?,0.251,0.145
C,Why do we send the lengths of strings as parameters to functions when we can use strlen() inside the function to get the lengths of the words?,0.2373,0.145
C,Int variable mysteriously changes value after returning from void,0.1526,0.145
C,Linked List Insertion Simple,0.1007,0.145
C,SIGSEGV Segmentation Fault at strcmp() on a forked() child process,0.1361,0.145
C,"Returning pointer to statically defined array of structsI statically defined a my Struct and inside the struct, I have an inner Struct array of size 3.",0.2545,0.145
C,intersection and union of two unsorted arrays,0.1124,0.145
C,Is there any usage for ' * ' in C else than multiplication and pointer?,0.1294,0.145
C,do-while loop does not end,0.0503,0.145
C,"Strcmp not comparing strings from argv** Updated 26/10 -> First of all thank you all for you help, I am getting closer now, I need more work and studying but I really appreciate you are helping me a lot :-)",0.3311,0.145
C,How can I add mouse support to my own X based window manager,0.1075,0.145
C,C++/C: Prepend length to Char[] in bytes (binary/hex),0.092,0.145
C,memory allocation of structure error in c (Segmentation fault),0.1388,0.145
C,How the system know the end of data segment2 Questions (the same topic),0.1317,0.145
C,Can someone please tell me whats wrong with the following Assembl code.,0.1392,0.145
C,Build a .ko file using a .o fileI know that we can make a .ko file using a source .c file with a subsequent makefile given below.,0.2139,0.145
C,Converting a class from C# (AVL tree node) to C,0.0823,0.145
C,(Unix/Linux) How would I execute a C program from another C program that requires an input file?,0.1673,0.145
C,Navigate through Array using pointer,0.1143,0.145
C,"My program compiles and when ran, it doesn't give me the input i put in The purpose of my program thus far is to create 4 arrays.",0.2157,0.145
C,2d random walk with periodic boundaries I am simulating a random walk in 2d with periodic boundaries.,0.1833,0.145
C,"Canceled pthread, but not PTHREAD_CANCELED?",0.1408,0.145
C,IPC between Python and C on Windows,0.0746,0.145
C,"C Program Works in GDB But Not Normally Whenever I run the code below normally, it exits instantly.",0.1745,0.145
C,What is signed integer overflow?,0.0907,0.145
C,How to copy the last node in a linked list into a variable then delete the original in the list in C?,0.1715,0.145
C,Better way to check repetitive if-statement conditions,0.13,0.145
C,Read pipe in child process hanging on second read,0.1021,0.145
C,Is accessing a device driver in Linux only possible using its device file?,0.1407,0.145
C,Using pointers to replace char in char array,0.0957,0.145
C,I don't really understand how to interpret the following logical expressions,0.1539,0.145
C,Run time Error- c projecti make a function to print an B Tree in level order none recursive way.,0.1659,0.145
C,Understanding the maximum values that can be stored in floats in C,0.1279,0.145
C,Rand() not generating random variables in C,0.0992,0.145
C,Function return character pointer in C,0.1014,0.145
C,Bit toggling confusion in C,0.07,0.145
C,How to write a memcpy function full MISRA:2012 compatible?,0.1185,0.145
C,Trying to use timer_A to control an LED,0.0786,0.145
C,function from linux shell script not execute in c program,0.1176,0.145
C,how do I import a c library?,0.0453,0.145
C,Divide and conquer average,0.0889,0.145
C,"linked list add node using push functionstruct node* AppendNode(struct node** headRef, int num)",0.1797,0.145
C,Simple Linked List in C (2) : Trash resultI ask a question again.,0.117,0.145
C,Binary representation of the 32 bits integer,0.1087,0.145
C,Array function (image processing project) I faced an  issue of my assignment  related the array function.,0.1915,0.145
C,Simple if character does not equal,0.0843,0.145
C,Does writing to standard output allocate memory?,0.121,0.145
C,Array Indexing Error in Multidimensional Column Shifting (pointers being used),0.1753,0.145
C,Can i use different timer channels when other channels (of the same timer) have i2c alternate function,0.1843,0.145
C,struct problems with malloc,0.0948,0.145
C,Add two different integers together,0.1094,0.145
C,How to read input line at the end character or at '\n' character? How can I read in C a line from the console to not initialize a some array like int buf[30];?,0.2609,0.145
C,Is the max value of size_t (SIZE_MAX) defined relative to the other integer types?,0.1517,0.145
C,input text file into an 2d array in c,0.0642,0.145
C,Just tried smth simple with pointers in C and it is confusing,0.1148,0.145
C,~ no response on stdout ~ in C,0.0541,0.145
C,"Attempting to run program with Linked Lists and receiving ""Segmentation Fault 11",0.1627,0.145
C,How can I use an external C library wrapped with Cython in a separate Python process via multiprocessing?,0.188,0.145
C,What is the output of this program Insert in beginning of an array in c and reason why is it?,0.159,0.145
C,Print Window on inactive desktop in Windows 10,0.1026,0.145
C,unclear about __bss_end and _start in the source For updating mon_len in the global data following statement was used in the u-boot source.,0.2376,0.145
C,What do you mean by block numbers in an inode?,0.0833,0.145
C,"make: 'file' is up to date, followed by nothing to be done for all",0.1124,0.145
C,Calculating total number of processes in fork() code,0.1182,0.145
C,Why do I always get the same sequence of random numbers with rand()?,0.1227,0.145
C,C program not terminating,0.083,0.145
C,How to pass value of a character to another .bat file in c?,0.1019,0.145
C,linked list inside a linked list segmentation error,0.1198,0.145
C,Is it possible to parse pcap packets from buffer I have a bunch of huge pcap files (> 10GB) that are compressed with lzma.,0.2052,0.145
C,Pass list of list from Python to C as uint64_t matrix,0.0991,0.145
C,Implicit declaration of function 'sqlite3_rekey' is invalid in C99,0.1514,0.145
C,Why printf function print the result in order when the order of number is not corresponding to the format?,0.1869,0.145
C,A free() needed after malloc on mcu (even when the array/pointer is always in use)?,0.1433,0.145
C,"Odd behavior of Windows thread I am combining GTK+, WinAPI and Winsock to create a graphical client-server interface, a waiting room.",0.2282,0.145
C,C variable showing different different Value,0.1269,0.145
C,Problems while linking .so in Android Studio,0.1058,0.145
C,Obtaining handle to key with NtCreateKey/NtOpenKeyPURPOSE,0.1579,0.145
C,Accessing free'd memory even without pointing to it,0.1084,0.145
C,How do i fill specific columns in a mutlidimensional array in C?,0.121,0.145
C,How do I refer to literal registers in gcc inline assembly in AT&T syntax?,0.1316,0.145
C,Why don't you need to specify the array size when using a pointer in C?,0.1219,0.145
C,stack pointer offset for function arguments,0.1226,0.145
C,How to print a 5 bit/n bit number in C?,0.0587,0.145
C,Linking a Static Library built with arm-none-eabi- in Keil uVision Project,0.1407,0.145
C,How to obtain a VSX value of zero?,0.059,0.145
C,Unable to send image via RabbitMQ C master,0.0889,0.145
C,"How to reopen dialog, that was closed with EndDialog(); in C",0.1112,0.145
C,C Header define order/position Currently I'm trying to include a library in a C header file.,0.1612,0.145
C,swig c library and ctypes uint8 invalid type,0.0957,0.145
C,Caesar cipher in C - encryption and decryption I made this program and seems that doesn't work can you tell me why?,0.1957,0.145
C,Pause program after displaying ten characters,0.1311,0.145
C,Multi dimensional array reference in struct in c,0.1095,0.145
C,C - where is constant located in a process's memory?,0.097,0.145
C,Asking a user to input their name and outputting their initials in C,0.1273,0.145
C,C using scanf() on Strings,0.0572,0.145
C,C char qsort in array of pointers to strings,0.0863,0.145
C,C Macro to convert a string to a pascal string type,0.0936,0.145
C,Too few arguments to function 'fgets'?,0.0915,0.145
C,How array is initialized with the the help of sizeof operator?,0.1221,0.145
C,"C, SDL: error: cannot convert 'SDL_Surface*' to 'SDL_Surface* (*)[15]",0.1367,0.145
C,Why option -m32 is not working on my linux operating system?,0.1148,0.145
C,Printing manually crafted string not working,0.1269,0.145
C,"Forging X events, I'm looking for server time",0.0873,0.145
C,Simple UEFI bootloader Windows 10,0.0995,0.145
C,How to declare multiple pointer-to-pointer using while in C?,0.1166,0.145
C,Determine if a range is contained within a set of ranges I have a set of ranges within an array.,0.1649,0.145
C,C program for parking simulation not giving output,0.1163,0.145
C,"What's the consequence of a sequence-point ""immediately before a library function returns""?",0.1731,0.145
C,Is there any definition for #pragma location?,0.1068,0.145
C,char *str[ ] pass by reference not working I am passing a char *str[] in help function and then adding contents to it but in main function its values are unchanged.,0.2683,0.145
C,How to code properly with MPI?,0.064,0.145
C,type conversion when using pointers in arguments,0.1238,0.145
C,Error accessing 64bit DLL function,0.1044,0.145
C,Why no error on multiple declarations of same structure variable I started doing programs on structures.,0.1943,0.145
C,structs - why gets function is not working compared to scanf?,0.1234,0.145
C,How do you add/specify predefined macros for GCC?,0.0999,0.145
C,What is the calling convention for the main function in C?,0.1111,0.145
C,"Plain C: Binary Heap Segmentation Faults/Reallocation ErrorsI am VERY new to C, but I thought that I'd learn it while I'm learning basic data structures.",0.255,0.145
C,C Make - Using POSIX feature test macros?,0.0888,0.145
C,Undeclared variable c in structure pointer function,0.1352,0.145
C,How to append the letters ULL to a number you don't already know in C,0.1187,0.145
C,C socket blocking call I wonder about the behaviour of socket on blocking and nonblocking actions.,0.1811,0.145
C,Dispatch Read Source event handler not firing for bound socket I'm trying to implement a simple TCP socket server in Swift.,0.2123,0.145
C,How to apply DSCP fields on SYNC-ACK packets using setsocketopt function,0.1435,0.145
C,unexpected output with getchar(),0.1144,0.145
C,C INPUT of Switch Casehow to input String and use it in the Switch command?,0.1339,0.145
C,Data not getting stored in EEPROM,0.0801,0.145
C,From C to Python: writing binary,0.0725,0.145
C,Single UDP socket multiple clients processing data in another thread,0.1499,0.145
C,sampling with raspberry in c,0.075,0.145
C,Brackets used in C and their purposes,0.0822,0.145
C,How to use GPIO Port Control (GPIOPCTL) in ARM Cortex M4 TM4C123G microcontroller?,0.1574,0.145
C,Copy a file with buffers of different sizes for read and write,0.1174,0.145
C,Android NDK non-deterministic Socket connect() time outI have problems with client/server application that is part of a bigger system for distributed computing.,0.2733,0.145
C,linked list error on inserting new data in node or element in C,0.1149,0.145
C,How can I pass a fixed value to a pointer?,0.0716,0.145
C,How does the program access the inherited file descriptors?,0.1315,0.145
C,How to read data from a serial port and write it to a file,0.0991,0.145
C,Sidereal time calculation in C I have some code which I taken from Javascript.,0.1451,0.145
C,how to extract integer from a string and assign each set of strings to different variables?,0.1658,0.145
C,adding same variables with different values in loop,0.1198,0.145
C,Why the for loop is not working for particular values?,0.1068,0.145
C,"initialising array with declared variablesI have tried the below code, but it doesn't work.",0.169,0.145
C,Whats the meaning from the IP Headers in C iph_tos?,0.098,0.145
C,atoi — how to identify the difference between zero and error?,0.1234,0.145
C,Can you edit a Postgres Array Type in C?,0.0715,0.145
C,Rationale behind the container_of macro in linux/list.h,0.1211,0.145
C,Is the name of function a pointer variable?,0.0898,0.145
C,User customization of a static library vs re-entrancy I want to create a static library in GCC (Basically AVR-GCC).,0.1975,0.145
C,"Checking if function, tested with C Mockery, calls another particular function I am facing problem in writing mock code using CMockery for a function shown below.",0.2727,0.145
C,Please explain the output of the following C program.,0.1125,0.145
C,Step-over switches thread while debugging multi-threaded C program with vscode,0.1591,0.145
C,Error when linking C libraries downloaded from Homebrew to Xcode Project,0.1515,0.145
C,str len giving unexpected outputs C,0.0886,0.145
C,"Add openssl library into my project, got errors 'openssl/ossl_typ.h' file not foundI installed openssl-1.1.0 f and added the library into my source code.",0.2542,0.145
C,C Array Memory Error?(Beginner) When I try to print all the values in the array(which should be zero?),0.1736,0.145
C,Some char arrays don't end with '\0',0.0609,0.145
C,What does int values[] mean?,0.0631,0.145
C,How can i printf ascii code using other variable?,0.0999,0.145
C,C: Different value every time program is run,0.0933,0.145
C,Passing C string to a function that returns C string pointer,0.1184,0.145
C,decrements the loop value by 2 only in the 6th position,0.1046,0.145
C,Capturing the RTSP streaming using libcurl How can I capture the RTSP streaming using socket connection?,0.1943,0.145
C,reading .txt file in c to lines,0.0566,0.145
C,Access violation writing location 0x00D00000,0.1536,0.145
C,Changing namespace to obtain capabilities I have code that calls functions that require CAP_NET_ADMIN capabilities.,0.2249,0.145
C,Garbage value retrieval,0.1078,0.145
C,To get the 3rd line from a file as string (w/o new line),0.0915,0.145
C,sizeof(text) not equal to : fp_len + 1,0.0718,0.145
C,"programe name .exe stops working in c IDE ,whenever i use SCANF funtionprograme name .exe stops working in c IDE ,whenever i use SCANF funtion",0.2388,0.145
C,Taking the crypt of a password is adding some weird foobar thing so that it doesn't equal,0.1562,0.145
C,issues with reading data from csv I am working on a code in c that needs to read csv data and enter it into a structure.,0.202,0.145
C,Import C dll function in python,0.0716,0.145
C,Number of Triangles in a Vertex in C,0.0683,0.145
C,behaviour of implicit function declaration,0.1438,0.145
C,Assembly: Memory address of variables in C Programming,0.1276,0.145
C,OpenCL 1D Array Big Number Multiply I am working on multiplying two integer array for big numbers.,0.177,0.145
C,Is it always possible to convert an `int` to a `float` Is a conversion from an int to a float always possible in C without the float becoming one of the special values like +Inf or -Inf?,0.3028,0.145
C,How to terminate Scanf() if input entered after whitespace is invalid one in C?,0.1446,0.145
C,Auto release of stack variables in C,0.0784,0.145
C,Variable in C with limited range of acceptable values How can I have a variable in C whose value should lie only between 20 to 520?,0.2209,0.145
C,Is it undefined behaviour in C to use pointer to a typedef type as a pointer to the primitive type?,0.1707,0.145
C,Inter-thread communication using condition variables?,0.1619,0.145
C,Mingw -mconsole option causes linkage error on undefined referces for MS GUI functions,0.1704,0.145
C,Recursive copy function to copy data from socket to a file.,0.1138,0.145
C,fgets() doesn't wait for input running with Eclipse-neon,0.1107,0.145
C,Delay load python DLL when embedding python+numpy,0.1129,0.145
C,MPI_Waitall invalid request,0.138,0.145
C,reading in a file line by line - where is the file?,0.0882,0.145
C,force utilisation of a specific library at execution I compile an executable with option to use specific library (not system library).,0.2336,0.145
C,cjson - symbol(s) not found for architecture x86_64,0.1123,0.145
C,"MacOS using sysctl() to get HW_MACHINE_ARCH getting ""no such file or directory""",0.1552,0.145
C,Regexp puzzle : encapsulated structures,0.1557,0.145
C,System calls - functions used by kernel,0.099,0.145
C,"error ""Invalid initializer""This is program which turns seconds into secods-minutes-hours.",0.1763,0.145
C,Why can not I get proper sentence output?,0.083,0.145
C,Establishing via code whether console should be saved to a file (and the name of such file),0.1609,0.145
C,"C Sharedmemory only 1024 int in forked processi should write an program that write integers into a shared memory, fork a childprocess and the childprocess should read the integers.",0.2992,0.145
C,"can't work fread, getc while reading bytecode of python a byte pertime",0.1307,0.145
C,Is it possible to get GCC to read from a pipe?,0.078,0.145
C,"mmap SIGBUS error and initializing the file I'm trying to model a basic CPU by mmapping a 1 MiB file, corresponding to the RAM size.",0.2219,0.145
C,Is it possible for two process in different languages to communicate by using UDP,0.1536,0.145
C,atmega embedded C programming I am trying to learn embedded C programming for atmega.,0.1617,0.145
C,C - make negative value positive and use it outside a function,0.1203,0.145
C,Palindrome - C language only I was wondering why the result is not correct.,0.1401,0.145
C,C - ZLib - Invert Compression,0.0868,0.145
C,C -- Neither scanf or fgets seem to execute,0.0849,0.145
C,C code in code composer studio So the question is: Write a program in C such that it contains a function which calculates the third power of a given integer.,0.2609,0.145
C,Why should ftime not be used?,0.0598,0.145
C,"Decimal to BCD to ASCII Perhaps this task is a bit more complicated than what I've written below, but the code that follows is my take on decimal to BCD.",0.2542,0.145
C,How do you specify variables to be final in C?,0.0833,0.145
C,Create simple displaySorry for this simple question but I don't really understand how correctly create consol on C.,0.2049,0.145
C,how to convert latitude and longitude to pixels,0.106,0.145
C,"error: expected constructor, destructor, or type conversion before '('I'm just working on a RFID Sniffer on Arduino but something happened that it doesnt't work anymore.",0.2801,0.145
C,Memory leak synchronous reading interrupt transfer data via libUSB,0.1558,0.145
C,C - Macro contradictionI just started learning C and I am not sure about how everything works.,0.1699,0.145
C,GDB backtrace variables values,0.1125,0.145
C,How can a program access an IDE hard disk?,0.0778,0.145
C,double free or corruption (!prev),0.0877,0.145
C,C program not giving prime numbers I have installed Eclipse in Ubuntu Mate.,0.1431,0.145
C,GNU ARM Eclipse: how to simulate pin input?,0.0874,0.145
C,Why am I not getting a Buffer Overflow?,0.0761,0.145
C,Externally defined constant in C header file,0.1087,0.145
C,a program that reads simple data declarations and responds with the amount of memory that would be allocated to that variable,0.2194,0.145
C,Extracting string from ELF section in C I have created a new ELF section and added a line of text into it.,0.1807,0.145
C,Linker cannot find symbols in libraryI built a C library using CMake.,0.134,0.145
C,Launching an APP from volume ID I'm trying to launch an .exe file in windows using and a volume ID.,0.1681,0.145
C,"C programming, doing multiple calculations in one function",0.1413,0.145
C,ARMCC 5 optimization of strtol and strtod I have a board based on STM32L4 MCU (Ultra Low Power Cortex-M4) for GNSS tracking purposes.,0.2252,0.145
C,Implicit declaration in C language,0.1044,0.145
C,Find a series with recursion,0.075,0.145
C,"Solving compound assignment expressions Okay, I know the output for the expression (x *= y = z = 4;) is 40; but how exactly did we get 40?",0.2247,0.145
C,How to make text colored in c lang in cmd? how to make text colored in c lang?,0.1314,0.145
C,Adding to array inside linked list C,0.0784,0.145
C,Seeding pseudo random generator with random number from a better random source,0.1591,0.145
C,Stack Overflow C variable position,0.1044,0.145
C,Are parameters copied twice for inline in c?,0.0933,0.145
C,How to write to memory location reserved for struct,0.1084,0.145
C,Linux Kernel Patch Version Macro Definition I'd like to build my kernel modules for centos 7 kernels.,0.1798,0.145
C,Multiple alarms in C?,0.0544,0.145
C,How to Create IPC (Interprocess Communication) C programme to create with two child process,0.1745,0.145
C,printf a selected numbers in an array,0.0822,0.145
C,How can I implement a merge sort by using fork processes?,0.1083,0.145
C,Why do many C functions require the size of one of its arguments?,0.1183,0.145
C,"How to get the cursor position in a C program using termcap, without writing a character?",0.1601,0.145
C,C - spiral traversal of 2D array outwards (starting from center) and clockwise,0.1525,0.145
C,shared variable between instances of program,0.1269,0.145
C,Spell checker in C,0.0416,0.145
C,C pthread join/exit Threads (Exit wont work),0.0908,0.145
C,"A Child Process That Calls Exit() But Does Not Become A Zombie For learning purpose, I wrote a piece of code to generate zombie processes.",0.2318,0.145
C,"Incomplete Definition of Type (struct ) I tried many times to fix the error ""Incomplete Definition of Type of struct * ,please can you help me to find the problem and fix it?",0.2839,0.145
C,Strange behavior of c char** array assignment I am new to C language and hoping to get a good understanding char array assignment coming from Java background.,0.2644,0.145
C,GCC not able to locate files in the directory,0.0895,0.145
C,Segmentation fault (core dumped) after adding an array inside a struct,0.1424,0.145
C,Passing pointer from recursive function I've been ask to make selection sort code with only recursive method.,0.1962,0.145
C,How can I sort an array of strings in C?,0.0657,0.145
C,"what is this ""continue"" does exactly? I have this part of the code, I don't understand. I know ""continue"" in if, skips that statement. But why?",0.2339,0.145
C,The array that I created has unexpected size,0.0957,0.145
C,How to put a variable in a shared memory?,0.0747,0.145
C,Executed shellcode terminates main program I am trying to execute shellcode in a memory region.,0.1794,0.145
C,Need to remove character from a string in C,0.0832,0.145
C,All files has FILE_ATTRIBUTE_ARCHIVE attribute,0.1634,0.145
C,I am trying to write a function that removes all the odd elements from a given linked-list and also returns an adress of,0.2045,0.145
C,Why does malloc not return?,0.0661,0.145
C,scanf_s returning Null every time I am using scanf_s to two different inputs and place them into char arrays.,0.1929,0.145
C,C - Creating a struct in a source file I am hanging around for the last 6 hours trying to get this damn problem solved.,0.2003,0.145
C,Trying to build a stack with pointers and malloc.,0.0999,0.145
C,Exponential function in C using recursion function,0.1314,0.145
C,Serial Communication not working in C,0.0971,0.145
C,Sort composed structs using qsort()I have the following structs.,0.1342,0.145
C,User Prompt to Play Again Not Working i made a simple snake game below.,0.1285,0.145
C,LTE to Wi-fi Handover I am working on a Linux based device which have LTE and Wi-Fi modules.,0.1571,0.145
C,what is the method to call this C function(libqp_gsmo.c) from R?,0.1143,0.145
C,CMake - Creating a static library,0.0916,0.145
C,Linker error with mysql.h in c programming,0.0889,0.145
C,What happens to the data in the socket when read and write system calls are used?,0.1438,0.145
C,when will libcurl close the socket which is opened by OPEN_SOCKETFUNCTION open_callback?,0.1836,0.145
C,Segmentation fault on double pointer dereference,0.1439,0.145
C,Cross Compile a automake project?,0.0956,0.145
C,recv is always reading 0 bytes after second recv call,0.1058,0.145
C,How to output the value returned by a function that is a float in C,0.117,0.145
C,wrong sha1 output in hex My code is supposed to calculate a sha1 hash from a string content and then print it as hex values.,0.2097,0.145
C,strcpy misalignment __strcpy_sse2_unaligned() What should be the correct approach(es) to solve __strcpy_sse2_unaligned() problems?,0.2613,0.145
C,How to convert an Eclipse managed cdt project into Makefiles,0.1264,0.145
C,Print every step of merge sort in C,0.0649,0.145
C,How to for loop iterate for two variables?,0.0864,0.145
C,Why does my function always return 1?,0.0793,0.145
C,C- Performing mathematical operations on string characters,0.1588,0.145
C,"Counting numbers in a file, in C I'm trying to count the number of numbers in a text file.",0.1522,0.145
C,how to calculate PrimesI want all Primes and the programm work but i get a warning,0.1472,0.145
C,Concatenating large string in C to write to file I am new to C so I am having a tough time figuring this out.,0.1841,0.145
C,"Access Violation Exception in OpenCL Program I get an Access Violation Exception in this line,",0.1771,0.145
C,Using a variable to declare multiple structs in C,0.1021,0.145
C,gcc -lns l error in socket programming on mac os,0.0892,0.145
C,Is there any way to reduce the operations between these two dependent matrices?,0.1531,0.145
C,How do i store a string inside a node in a linked list?,0.0935,0.145
C,Deleting a node that has two subtree/node I have problem deleting a node that has two subtree.,0.1654,0.145
C,optimal way of using malloc and realloc for dynamic storing,0.1235,0.145
C,Storing strings using fgets I have a file which contains information about films like this,0.1693,0.145
C,"Get depth of call stack in gcc I want to write a debug printing function that prints LINE, FILE, func and some other stuff.",0.2074,0.145
C,"A pointer ""addr"" in a struct was allocated memory but when I call it in another function, it can't work",0.1747,0.145
C,signal handler not called for dl open or dl close,0.0941,0.145
C,Indexing into argv with literal vs variable,0.1049,0.145
C,"I wrote this method to delete duplicate elements of a linked list, but it shows segmentation fault, why?",0.1837,0.145
C,how do header implementation file get included in another c file,0.1294,0.145
C,"cannot find symbol ""Embeddedrcall_Init"" I am trying to create a dll file using swig for an embedded R C Program in windows environment.",0.2306,0.145
C,C progr. - finding number of palindromes in a sentence - how to set a loop to tokenize words while performing the counting,0.2089,0.145
C,Skipping lines of code in C i/o,0.0511,0.145
C,Exit not minimize a window?,0.0661,0.145
C,How to acquire and release the locks in OpenMP,0.0927,0.145
C,Duplicate symbol error when linking C code I am trying to use some functions that are written in C.,0.1729,0.145
C,Atmelstudio UC3C AVR32 - framework objects in wrong place in memory?,0.144,0.145
C,"Is it possible to (recursively) ""introspect"" nested C structs using x-macros?",0.1483,0.145
C,C programming sprinf issue,0.0889,0.145
C,Malloc/free own implementation,0.1125,0.145
C,"send about UDP socket in C and C++A non-block UDP socket called ""connect"" and use ""send"" to send data, is it necessary to use ""select/epoll/kqueue"" to test whether it is writable? In the case, the other side recv buffer is full, ""send"" may fail, so I can use ""select"" to test that it's writable so that ""send"" may return success?",0.5214,0.145
C,How can I implement a IF to detect the last byte when file reading?,0.119,0.145
C,Can I run a test in a loop in Ceedling?,0.0628,0.145
C,Clang -Wunused-const-variable in C vs. C++A file with just a const declaration,0.138,0.145
C,precision issuse with taylor series for finding cosine,0.13,0.145
C,"How pointer variable works, without initialising it in the code in TurboC++?",0.1473,0.145
C,How to correctly use inet_pton rotine in Windows 10?,0.1094,0.145
C,Synchronising processes with semaphores I'm having a tricky time understanding how to alternate control between two processes using semaphores.,0.2564,0.145
C,Simply Two Dimensional I'm trying to solve this exercise.,0.1156,0.145
C,Do I cast the result of malloc?,0.0566,0.145
C,Copying entire input line in (f)lex (for better error messages)?,0.1222,0.145
C,Query the structure field with the user input in C I am experimenting a new thing in C to convert the user input string to the structure field and then obtain the value of it.,0.289,0.145
C,Sending HTTP GET request to freegeoip in C I have written a C-programm on Windows to get my location using freegeoip.,0.2012,0.145
C,Call a function in shared .so from C My goal is creating a shared library created from c++.,0.1559,0.145
C,How to open the output file in C without keyboard/trackpad?,0.1138,0.145
C,READ File line by line using C I am working on a program that reads a txt file line by line and copies each line into an empty text file.,0.2292,0.145
C,static library doesn't contain macro,0.0928,0.145
C,Do statically linked libraries require linking with their dependencies?,0.1694,0.145
C,Playing Mp3 file using FFmpeg on Android This question has been asked a lot but no code has worked for me.,0.1823,0.145
C,Understanding char * to int * conversion and its meaning,0.127,0.145
C,"Errors like ""Conflicting types for 'move'"" when using XcodeI got a problem with Xcode, that only appears on Xcode.",0.1977,0.145
C,Python 2D array i C using ctypes i'm trying to use a self written c lib to proces 2d array from python but with little success.,0.2134,0.145
C,"Pointer does not increment, if incremented in other function",0.1346,0.145
C,(C) How to fill a 2D array with an input that's a full N x N matrix?,0.1097,0.145
C,"How to embed an icon (.ico) in a static library (Visual Studio) Is there a way to embed resources (such as icons, dialogs) in a c++ (Win32 API) static library?",0.2569,0.145
C,Trying to create linked list in C.,0.068,0.145
C,creating an array of structures from a file in C,0.0912,0.145
C,How to distinguish int from int pointer in C?,0.0873,0.145
C,Reading integers with commas between them,0.1141,0.145
C,I need help in C program How Do I check all the if statement? is there any code I can use?,0.151,0.145
C,Segmentation Fault with Pointers and Structures This program is supposed to manipulate a student list.,0.1953,0.145
C,Forcing the size of an enum'd field in a structure[NOTE: this is related to Specifying size of enum type in C and What is the size of an enum in C?,0.2449,0.145
C,Create a function to copy n char like strcpy in C,0.0881,0.145
C,EDC machine crashes if I initialize a globa l variableI am working on EDC machines from Ingenico.,0.1748,0.145
C,Running python script that should accepts arguments from a C program,0.1404,0.145
C,expected ‘double (*)(double)’ but argument is of type ‘double’ in C,0.1215,0.145
C,Issues with ARP and sending data,0.0758,0.145
C,GCC insert a static library containing assembly into a dynamic lib,0.1349,0.145
C,binary search in Data Structure and Algorithm Analysis in C,0.1235,0.145
C,Control flow understanding,0.1304,0.145
C,Local variables defined inside loop I have a function and several nested loops in it.,0.1566,0.145
C,C: converting a uint8 array to a string containing the hex representation of its bytes,0.1589,0.145
C,Cannot access memory - gdb,0.079,0.145
C,Checking whether unlocking file was successful - fcnt l While writing a code to train some unix locks I have come across a problem.,0.2233,0.145
C,Why is this function causing a run time error,0.0895,0.145
C,"store bits(byte) in long long by concatenationpoly 8_bitslice() array if char as input, this input will be converted to bits(byte) by the function int ToBits().",0.2641,0.145
C,c - client server socket programming - sending files,0.1276,0.145
C,volatile variables or volatile structure problems in C,0.13,0.145
C,Read text file and display content in ascii format I'm trying to read a maze file and convert to ascii and display when the code is run.,0.2281,0.145
C,IPC mechanism for master-slave communication,0.1269,0.145
C,Can't add the data to the struct I am trying to deal with the struct in C language.,0.1409,0.145
C,Marshalling strings between managed code and native DLL,0.1335,0.145
C,Read a file line by line without moving the pointer from the beginning of a line in C,0.1479,0.145
C,setgid does not work on /tmp/I have this C program,0.089,0.145
C,Trying to implement a red-black tree in C I need help implementing a red-black tree It seems to keep seg faulting on my malloc calls.,0.2236,0.145
C,How to override handle_message in GstBin?,0.1108,0.145
C,How to dynamically add new data to a 2D Array?,0.0833,0.145
C,Removing Elements From a Linked List Recursively in C,0.1147,0.145
C,"error: expected ‘:’, ‘,’, ‘;’, ‘}’ or ‘__attribute__’I am making a function that loads a file in memory in form of linked list.",0.2045,0.145
C,Printing Hello World Only 3 Times Not 5 I am trying to print hello world 5 times using a new function to do so called: hello_world.,0.2202,0.145
C,"Link C variable to Lua I'm looking for a solution to bind a C variable (integer, double, normal C string or similar) to Lua.",0.2065,0.145
C,Using offsetof with enum does not compile in Visual Studio 2015,0.1267,0.145
C,Guaranteeing the order of execution without using volatile or memory barrier and locks,0.1719,0.145
C,How to change size of a struct's attribute in C?,0.0835,0.145
C,Strlen() of allocated pointer I create a buffer like this but I don't give it content.,0.1492,0.145
C,python os.pipe() to create pipe and open the file descriptor in c,0.1168,0.145
C,Difference in linked lists between c and java,0.0992,0.145
C,Having trouble understanding this const pointer error,0.1427,0.145
C,SSE to Neon (_mm_movelh_ps)Im moving some SSE code to Neon and Im cannot find any equivalent to _mm_movelh_ps.,0.1938,0.145
C,C Rotating String Program?,0.0839,0.145
C,Mock().enable and disable are not recognized compiling test group project with cpputest lib,0.1745,0.145
C,Program runs then says it stops working,0.0897,0.145
C,"Do #ifdef, #ifndef and #undef work with function-like macros?",0.1194,0.145
C,C program that runs a loop from n and goes till 1,0.0836,0.145
C,gcc linking object files with warning/optimization flags,0.1369,0.145
C,Make file error when when compileing C codeI downloaded the C source code for single-threaded Linux versions of cubist software.,0.2241,0.145
C,"what is the effect of private(i,j) in this code?",0.0817,0.145
C,IBM Websphere MQ - MQGET does not remove the message from the queue,0.1272,0.145
C,Trying to terminate a char array and print afterwards I'm making a char array binary representations of a number.,0.198,0.145
C,Call C shared library API (in .so lib) from Java Script I have a custom C shared library (.so lib) with some APIs.,0.189,0.145
C,Using -> to access property of struct but getting compiler error telling me to use ->?,0.1556,0.145
C,How are const char and char pointers represented in memory in STM32 How does MCU now that the string a variable is pointing on is in data memory or in program memory?,0.2752,0.145
C,C Program - printf overlapping with other printf chars,0.1251,0.145
C,"Online Judge PS [Floyd_Warshal, C++]",0.0945,0.145
C,Why can I update a pointer to a (constant) string literal?,0.1075,0.145
C,Regarding the output of this do while loop program in C,0.1046,0.145
C,MPI_Gatherv: Garbage values received in root's array,0.1207,0.145
C,Storing final token of a string using strtok()?,0.0986,0.145
C,"Counting strings in C, using fgets and str",0.0864,0.145
C,Simple menu in c I am a new computer science student and I am currently working on a university project on super shop management system.,0.2307,0.145
C,What is the order of the completion packets for WSASend() and WSARecv() in this case?,0.1513,0.145
C,Why won't the second scanf() execute,0.0727,0.145
C,How to check if user input a string value?,0.0778,0.145
C,Why am I getting errors while compiling this code and how to fix them?,0.1261,0.145
C,What does the modulo operator mean when applied to character arithmetic?,0.1497,0.145
C,"undefined reference to main issue (using arduino, RaspberryPi, GCC)",0.1501,0.145
C,Dividing a number represented by two words by a number represented by one?,0.1407,0.145
C,How to retrieve cookie value from HTTP_COOKIE variable,0.13,0.145
C,Code is ignoring IF command in C,0.0633,0.145
C,Stuck on maximum unsigned short variable prompt,0.12,0.145
C,Why define a macro with the same name and content in C?,0.0975,0.145
C,How to set several number of threads in hybrid openMP/MPI program,0.1253,0.145
C,DSP libraries - RFFT - strange results Recently,0.1265,0.145
C,How to add integers in from two 2d arrays into a new 2d array with specified length by user?,0.1589,0.145
C,gcc generating a list of function and variable names,0.1116,0.145
C,C program two dimensional array char value output for 2 character I want to show output with a two dimensional array.,0.2032,0.145
C,Swap two structure and two int using void pointers in function parameter,0.1435,0.145
C,rand() return the same number,0.072,0.145
C,Error Segmentation fault (core dumped),0.1162,0.145
C,How to save the result of typeof?,0.0642,0.145
C,explanation of the nested for loop,0.0843,0.145
C,Easy math using multiplication/division however not getting correct answer in relation to denominator,0.201,0.145
C,How do I debug software that outputs a .mix?,0.0819,0.145
C,c max array size effected by printf,0.0746,0.145
C,Why does the C Standard allow this code to compile without errors?,0.1262,0.145
C,"C - RGBA Conversion Not Returning The Desired RGB Result Okay, I have a method that I am having a difficult time with returning the desired results.",0.2479,0.145
C,Valgrind doesn't like my realloc()?,0.0787,0.145
C,XTC file reading error,0.0653,0.145
C,Merge sort in C giving wrong results I wrote a merge sort program but I got wrong results.,0.1571,0.145
C,Assignment from incompatible pointer type — how to fix?,0.1261,0.145
C,How to pass a struct containing char* in java using JNA and avoiding the data copy?,0.147,0.145
C,"How to use malloc and free for Dynamic Memory Allocation I just started learning C, coming from php.",0.1766,0.145
C,Global variable not updated by child processes in C,0.1084,0.145
C,How do I call a function with a struct in C?,0.0725,0.145
C,Rtl Secure Zero Memory unresolved in static lib using MinGW,0.1235,0.145
C,Run alias command in exec system call,0.0822,0.145
C,Using fgets and using printf only some lines are printed,0.1147,0.145
C,"Pass an array by value Generally when we pass array by its name, it’s call by address.",0.1478,0.145
C,Horizontal xor of two SSE values I would need to do horizontal xor of two 128bit integers (by 32bit integers) and combine the results to one 64bit integer.,0.2583,0.145
C,Understanding merge sort code,0.1066,0.145
C,Iterating over an array that point to other arrays,0.1053,0.145
C,Array dynamically allocated by file size is too largeI am working on a class assignment and need some help with dynamically allocated arrays.,0.2432,0.145
C,"OpenMP, how do I treat these variables?",0.0841,0.145
C,How to measure speed of short piece of C/assembly code?,0.1028,0.145
C,Semaphores and possibly non-reentrant function in embedded C,0.1368,0.145
C,linux terminal command with a pipe in c code,0.0863,0.145
C,"CentOS - Error parsing XML fileI need to port a C app, from RedHat (x86) to CentOS (x64).",0.1497,0.145
C,Converting IP address char to long,0.0843,0.145
C,Why do C Functions Alter Arrays Automatically?,0.1134,0.145
C,error while using fopen frequently,0.1044,0.145
C,Is declaring a string literal with a pointer more memory efficient than declaring constant array?,0.1839,0.145
C,"Linking .c and .h filesFor my program I am linking 3 files in total. A main.c, sortfile.c and my.h(header file).",0.1853,0.145
C,note: expected 'float *' but argument is of type 'int *'I have a warning,0.125,0.145
C,"Recursion manual tracing I am learning recursion, some times it blow my mind.",0.1466,0.145
C,Scanf skips every other while loop in C,0.0786,0.145
C,Implicit declaration of function ‘wait’,0.1211,0.145
C,Read mmapped data memory efficient I want to mmap a big file into memory and parse it sequentially.,0.1756,0.145
C,"libmxl2 - change value of element, with mixed content I am doing some tiny wrapper for using libxml2 library.",0.1929,0.145
C,NodeJS: Performance of Native Addon vs External Binary,0.1276,0.145
C,Link dynamic C runtime with clang (windows) Clang on windows (using msvc libs) links with libcmt (the static runtime library) by default.,0.2329,0.145
C,strncat(): Random character in target string,0.117,0.145
C,How do i change the format of I/O?,0.0526,0.145
C,C function conversion to c++ I am experiencing a problem with C language while I am trying to adapt a callback written in C to C++.,0.2179,0.145
C,Why doesn't strcpy use a const pointer for dest?,0.0892,0.145
C,C function that uses bitwise operations to see if an int x fits in n bits/*,0.1294,0.145
C,Array to binary format I will implement a function that exports one of three arrays to a binary .mat file in double format.,0.2096,0.145
C,"Shift/Reduce conflict in Bison, when trying to add optional rule I am trying to solve shift/reduce conflict in Bison.",0.2023,0.145
C,Check if a string has only numbers in C?,0.0715,0.145
C,Unhandled exception calling Cert Create Certificate Chain Engine function,0.1779,0.145
C,Passing fscanf / sscanf string into a structure field char[4] How the two struct field definitions below differentiate from each other.,0.2346,0.145
C,"stm32 c, export prototype to rest of project",0.0933,0.145
C,Passing an operator as an argument to a function in C,0.0991,0.145
C,"using several different functions For my assignment, my program needs to ask the user which of the five functions he wants to execute.",0.2296,0.145
C,Joining lines in C [Strange output not compatible with documentation] I started coding C in vim and I have some problems.,0.2089,0.145
C,"How to remove line breaks after ""ctime"" in C program?",0.0999,0.145
C,switch and if statement order (Robot C),0.0841,0.145
C,Creating n random points and creating quadrilaterals (stuck) C,0.1388,0.145
C,"Failed to upload log bucket, id '1' (delivery error code '1')",0.1086,0.145
C,Check if the next read will set EOF indicator,0.0895,0.145
C,Need help i get segmentation fault in program in C First I will explain what I want to program.,0.1649,0.145
C,Character array and address of character array,0.1162,0.145
C,"Argument type error in C I am supposed to ask the user for a 3 digit number and then replaces each digit by that digit plus 6 modulus 10, then sum all update digits.",0.273,0.145
C,C: size of *array[x]?,0.0247,0.145
C,How to initialize object of structure in main function?,0.1189,0.145
C,How to add image channel with torch?,0.0756,0.145
C,What should be the type of the regmap_read val pointer,0.1088,0.145
C,"Can bit-level operations ever be ""fast"" in software?Let me clarify the soft-sounding title straight away.",0.1858,0.145
C,How can I mount davfs from within application?,0.1001,0.145
C,C bind config file to executable I have a C Programm which reads from a configuration file during runtime.,0.1869,0.145
C,C - Why is my merge function not working?,0.078,0.145
C,How to build protobuf-c in windows using mingw?,0.0936,0.145
C,What is the purpose of the h and hh modifiers for printf?,0.1028,0.145
C,Can malloc() be used to define the size of an array?,0.091,0.145
C,"Use of sizeof() with normal arrays and garraysit is a practice program to sort GArrays, I have used sizeof() to know the size of my arrays.",0.2309,0.145
C,Close SSH connection and change IP address at the same time,0.1156,0.145
C,How can i get every line of a text file separately using C,0.1025,0.145
C,Not reading correct value in file handling in C,0.0958,0.145
C,SDL_SaveBMP saves images upside down,0.1143,0.145
C,How to use function srand() with time.h?,0.0746,0.145
C,What does this mean and how do I rectify it *** stack smashing detected ***: ./array1output terminated This is the code.,0.2034,0.145
C,function to print linked list in reverse order,0.1026,0.145
C,Access to existing fields in a large C/C++ project,0.0931,0.145
C,Transpiling to C vs C++ : range of CPU instructions,0.0996,0.145
C,Redirecting a list of pointers from one structure to another,0.1264,0.145
C,TCP socket read/write freezes server,0.0928,0.145
C,"Serialization in C with malloc Searching all the web for ways to serialize data in C so I could send a struct over a  TCP/IP socket, I couldn't find anything simple.",0.2723,0.145
C,"C: realloc works on Linux, but not on Windows",0.0851,0.145
C,"Count dynamic libraries loadings I need to make a C dynamic library (DL, with extension .so), which can count how many programs have loaded it at runtime.",0.2554,0.145
C,C multidimensional arrays and dereferencing array pointers,0.1616,0.145
C,Writing to closed file descriptor doesn't raise error,0.1147,0.145
C,Allocation of Return Values of User Defined Functions: Performance?,0.1545,0.145
C,Does changing v4l2 default settings improves usb camera performance?,0.1599,0.145
C,How can I create a netcat type listener using C?,0.0892,0.145
C,Call a function in C++ by its address without knowing the return type,0.1267,0.145
C,Multiple successive declarations/definitions on same indentation level,0.1849,0.145
C,Saving C Binary search tree to txt file I am doing a C BST library and im trying to do a function that will save the binary search tree into a text file.,0.2548,0.145
C,Why I am getting junk character in the end of every C program I am writing,0.1297,0.145
C,C 3d array pointer decay with & and without,0.0874,0.145
C,"C- HTTP web server: how to cache I know that by using wget INSIDE my c program for the server, this is possible.",0.1879,0.145
C,getchar and EOF I was working on the following example of C code from Deitel & Deitel.,0.1523,0.145
C,No directory as /usr/src/linux-2.x/include/asm-i386/unistd.h,0.1059,0.145
C,Infix to post-fix expression following is the infix expression,0.1323,0.145
C,comparing number with special character,0.129,0.145
C,Can ctags search for conditional loops in the code,0.1053,0.145
C,"OpenGL, object blinking when moving I'm new to OpenGL, and I'm trying to move an object using the mouse.",0.1766,0.145
C,Why is a non-static variable in a function being initialized to 0 and why is it becoming static?,0.1669,0.145
C,What does *-- notation do in C?,0.0551,0.145
C,Why can a struct contain a pointer to another struct that is not defined?,0.1332,0.145
C,Adding an element to the end in linked list C program,0.0991,0.145
C,Array as function with arguments?,0.0956,0.145
C,Extracting bits from uint8_t type array,0.1056,0.145
C,Write a file in c of an array of integers with fputc,0.0914,0.145
C,"C - Can't store file into an array of strings (based off line break) I'm pretty new to C and someone ""challenged"" me to try and create a sorting program using C.",0.2637,0.145
C,Error: Segmentation Fault 11 in Palindrome,0.1151,0.145
C,Replace a word in C can you advice me?,0.0652,0.145
C,Safe programming. How to avoid TOCTOU vulnerability when checking a file and then writing in it,0.1745,0.145
C,Addition without using a + sign,0.0818,0.145
C,Why does the compiler optimize away shared memory reads due to strncmp() even if volatile keyword is used?,0.1878,0.145
C,Printf called before scanf inside forked process in C,0.1147,0.145
C,Export Public Key and Private Key from EC_KEY OpenSSL into SecKeyRef,0.1404,0.145
C,What type of delimiter is being used?,0.0793,0.145
C,Portable BIT macro in CI have a bare meta,0.0769,0.145
C,having trouble with while-loop in battle ship program in c I'm trying to make a battle ship program.,0.1727,0.145
C,MPI_Waitsome is Failing I am attempting to use the MPI_Waitsome function but with a different array of indices (and outcount) dependent on the processor rank.,0.2676,0.145
C,Getting address of a variable in pointer using function in C I have a case that I need address of a variable in a pointer.,0.2062,0.145
C,Void function: removing elements from an array?,0.1144,0.145
C,typedef struct clarification,0.1455,0.145
C,New to programming. Need help adjusting code to allow for undetermined number of students,0.1711,0.145
C,how do I make sure that the user is entering a integer in c?,0.1024,0.145
C,printing wrong character from file?,0.1054,0.145
C,"the code is giving error during compilation, please explain",0.1315,0.145
C,Dynamically-resizing a matrix causes segmentation fault,0.1503,0.145
C,Seg fault from within my print function after reading in a file in c,0.1228,0.145
C,"How to get the node name or path of the character device in kernel I've got ""n"" character device in one kernel driver.",0.1985,0.145
C,Using argv and strcmp at C I am having some problem to use the strcmp function.,0.1394,0.145
C,malloc return value as while condition,0.1014,0.145
C,C programming - assigning a character to braille dots,0.1217,0.145
C,Stop reading from fgets if there are too many characters So i have a char array and using fgets I store the string into my fgets.,0.2175,0.145
C,An optimized algorithm or a method to find a multi word string (keywords) in a sentence (that has multi words)?,0.1901,0.145
C,sizeof compound literal array,0.1066,0.145
C,C - Seek to beginning of stdout I am looking for a way to seek to a beginning of stdout.,0.1488,0.145
C,How to handle recv() returning -1 from Browser on HTTP Server?,0.1167,0.145
C,"Reading in a listI've to code a program that reads in a list of student's names and ids and sort them based on first name, last name, and id.",0.2344,0.145
C,What makes fgets() actually wait for user input if pointed to stdin?,0.1281,0.145
C,"Converting an int to uint8_t array HEX value I'd like to take an int, and convert it into uint8_t array of hex numbers?",0.2011,0.145
C,retrieve letter from string in C,0.0758,0.145
C,Is there any other way to output the data only when the program reaches the end of program?,0.1592,0.145
C,split words into letter and replace the letters with something else,0.1377,0.145
C,C - mallocing a structure containing various variables gives segfault,0.1608,0.145
C,"Array of structure, strange when printing users older than",0.1283,0.145
C,"How to map a C function to Java Native Method using Java Cpp In JavaCpp github wiki, I notice that it have Tutorial about access C++ class.",0.2315,0.145
C,"C: Sorting order from file input, receiving an abundance of compilation error",0.1532,0.145
C,Correct Subscript Ordering for Two Dimensional Arrays,0.1427,0.145
C,"C Programming: passing struct as a parameter - Function I am trying Add a new ITEM to G I array, but this doesn't seem to work.",0.211,0.145
C,"mov ds, ax shows 0xC0000005 error in Visual Studio",0.1031,0.145
C,How to use fread() to read 2 integers in a line?,0.0799,0.145
C,Running program from console with parameters,0.1269,0.145
C,"C Buffer Pointer different memory locations In order to process data, a function requires a pointer to a data buffer.",0.2048,0.145
C,C Radix sort array of string First I want to thank you that you allow me to take your time.,0.1551,0.145
C,Built-in function to get curand's curandStatus_t as string,0.1205,0.145
C,Getting the volume label of a Fat12 disk in C,0.0824,0.145
C,"How to format a number from 1123456789 to 1,123,456,789 in C? How can I in C language format a number from 1123456789 to 1,123,456,789?",0.2253,0.145
C,Distinguishing between entered commands in C I am working on a project in C.,0.1403,0.145
C,"c++ how to get ""one digit exponent"" with printf",0.087,0.145
C,Compare hexadecimal character array,0.142,0.145
C,"Writing to a file in C not working I have the following code, and I keep on getting the ""Program has stopped working"" error after I have input the characters.",0.2612,0.145
C,Affine cipher gets the same key in C language I tried to encrypt an affine cipher reading from text file.,0.1824,0.145
C,How to tell gcc to disable padding inside struct?,0.0999,0.145
C,OpenGL - Allocating data to a list in C and using it in gl Buffer Data doesn't work correctly,0.1599,0.145
C,"How to read the output of another process in Linux CI am a c++ guy, new to Linux C.",0.1378,0.145
C,2 thread parallel in linuxI just begin to implement thread.,0.1215,0.145
C,Storing Strings in a Structure,0.0848,0.145
C,Behaviour of printf using length subspecifier with a string,0.1337,0.145
C,Function return Char array CI try to return char array from function.,0.134,0.145
C,Finding the position of a substring in a larger string,0.1088,0.145
C,Program not receiving required input I have a problem with my homework.,0.1392,0.145
C,How to sort strings from a file by giving each line an ordered index using insertion sort in C,0.1639,0.145
C,Preferring shortest possible types,0.1361,0.145
C,Invalid write/read of size 8Working on some C code working with Matrices.,0.1382,0.145
C,semaphore hogging by one process,0.0946,0.145
C,How to compile a 32bit hello world on alpine?,0.0873,0.145
C,C - Segmentation fault with pointer to array i'm hoping someone can help me with this little piece of code.,0.1843,0.145
C,Files -- does not proceed to get input I have a test tomorrow and files confuse me a lot.,0.1518,0.145
C,How to exit from Contiki code?,0.064,0.145
C,"Getting result 1 more, divisor counting Program - C",0.1123,0.145
C,Pointer Variable and String copying - C,0.099,0.145
C,"Basic sort function, having difficulty initializing my array correctly",0.1662,0.145
C,"Linked lists in c, struct of struct, segmentation fault I'm trying to implement a train structure in c.",0.1788,0.145
C,I'm confused by this. Won't the array contents stay the same? What will be the contents of the a array after the following statements are executed?,0.245,0.145
C,How to get value of a variable before a loop after loop is executed?,0.1214,0.145
C,"what does ""Undefined symbols for architecture x86_64:"" mean in c?",0.1332,0.145
C,Trying to find the parent of a node in a binary tree,0.0914,0.145
C,How to use epoll and make the handler functions non-blocking?,0.1194,0.145
C,Custom CMake configuration type.,0.1193,0.145
C,"Difference between scanf's width specification and scanf_sscanf_s(""%s"", a, 10);",0.1582,0.145
C,getname is an unknown symbol in Linux,0.0822,0.145
C,C Code declares expected variable type after function call,0.1305,0.145
C,How to use only 2 pins by not affecting others pin?,0.0918,0.145
C,Casting double to int using gcc yields weird results,0.1116,0.145
C,Run-Time Check Failure #3 - The variable 'name_t' is being used without being initialized,0.1655,0.145
C,Copy lowest bytes of an unsigned long long to array in C,0.1018,0.145
C,STM8 interrupt serial receive,0.1066,0.145
C,Inserting text item into List view without an associated icon I have a simple list view which has an image list added to it.,0.2108,0.145
C,"How to convert an unsigned char* into char*I want to convert unsigned char* to char*, print the value and again convert char* to unsigned char*.",0.2387,0.145
C,why is printf() changing char* valueint,0.0957,0.145
C,How scanf function works in C?,0.064,0.145
C,find special cases while comparing files in reverse order,0.1274,0.145
C,c memset pointer array I have a dynamic allocation of my pointer array with a length of 10.,0.1592,0.145
C,How to understand changing key value in insertion sort?,0.1189,0.145
C,"Error message ""Thread1:signal SIGABRT"" on ""return 0"" I wrote a code in C-programming trying to search words in a string and replace this words with other words.",0.2644,0.145
C,Can a windows client access the server registry when RPC is already opened?,0.1431,0.145
C,Why does enclosing increment operator in parentheses not make a difference? Why is that the same and where is documentation backing this up?,0.2405,0.145
C,How would I get strtok() to return the decimal number and not whole numbers?,0.1375,0.145
C,I've added a MAX7320 i2c output chip. How can I get the kernel to load the driver for it?,0.1502,0.145
C,Solving for the date and days passed via functions,0.1053,0.145
C,Reading from socket streamI want to create a simple request / response application in C using sockets.,0.1874,0.145
C,How can I reimplement this function as tail-recursion or otherwise use less memory?,0.1569,0.145
C,Why does my linked list code produce a segmentation fault when deleting the head node?,0.1589,0.145
C,#define macro causing segmentation fault or something else causing segfault?,0.1694,0.145
C,"How to find age of a person in years, months and days (ignoring Leap Year) without using Library functions in C?",0.1909,0.145
C,Why is my output a null?,0.0385,0.145
C,using s scanf to read string with spaces from char[],0.099,0.145
C,Deleting all structure entries in C Programming I am having trouble deleting all entries into a defined structure.,0.2065,0.145
C,"How to solve ""control may reach end of non-void function"" in C?",0.1103,0.145
C,Find the duplicate element from an integer Last week I attended interview.,0.1471,0.145
C,"Showing dead lock, using Pthreads, on Dining Philosophers",0.1354,0.145
C,Referencing external global variables fails miserably,0.1652,0.145
C,"Hash function issue - adding functionality I tried adding functionality to the djb2 hash function, but it doesn't appear to like the changes.",0.2406,0.145
C,Linking shared library to executable libourown.,0.1364,0.145
C,Learning C pointers i cant figure out why this is not working (K&R excercise 5-2),0.1397,0.145
C,C Program using a function to round a floating- point number to 3 digits after the decimal?,0.1609,0.145
C,why memset fill 0 in 2d array correctly but fail to fill 1 in that array?,0.1263,0.145
C,Function to free a struct in C I'm having a problem where when I call a function I wrote to free a struct my program terminates on the first free instruction.,0.2626,0.145
C,How to implement an infix calculator with precedence and associativity,0.1558,0.145
C,Reading from a file with fopen: is a char** returned correctly?,0.1195,0.145
C,I'm trying to get this program to ask for the book title and number but something is not right with the while loop,0.1938,0.145
C,Unexpected return value ^M from getchar / putchar when reading a file,0.1378,0.145
C,Count number of lines in the input I was trying to calculate the number of lines in the input given by the user.,0.1905,0.145
C,How can I have in a __m128 variable a whole complex number?,0.108,0.145
C,convert signed to unsigned value in C I have got a negative value somehow which I need the equivalent positive value.,0.2032,0.145
C,how to dlopen so file in apache module development with apxs,0.1184,0.145
C,malloc is not working properly?,0.0857,0.145
C,Opening a device file fails due to No such device or address,0.1122,0.145
C,Strange behavior in buffer overflow exploit without gdb,0.1335,0.145
C,Optimize Boolean Mask Assignment This question is similar in nature to: Is -!(condition) a correct way to obtain a full-bitvector from a boolean (mask-boolean)?,0.2654,0.145
C,Getting rid of || or's in C programmingI'm using || so that if the user types in a Y or y it equals the same.,0.1787,0.145
C,void function parameter in both the definition and declaration?,0.1441,0.145
C,Reasons for SetEntriesInAc l error 87 in MSDN sampleI do not know a lot about security descriptors for windows.,0.1969,0.145
C,"Wine Close Button On Top BarIf ""Allow windows manager to decorate window"" is on.",0.147,0.145
C,Interesting pointer behaviour with scanf and while loop I am a web developer and studying C in my spare time.,0.1902,0.145
C,"Bus Error when writing to mmaped data When I first made this project last semester, the code worked fine.",0.1838,0.145
C,Null pointer with unsigned char in cI'm constructing an unsigned char * in c and I want to know how I finish it.,0.1888,0.145
C,"OpenCV using cvImageCreate() with grayscale image fails, and resizing usually fails",0.1764,0.145
C,get file name case sensitive I read in an xml-file in c-code.,0.1048,0.145
C,Conflicting types for C method using jni?,0.0945,0.145
C,error while loading shared libraries: libflann.so.1.8: cannot open shared object file: No such file or directory I tried compiling flann library on remote server.,0.2704,0.145
C,Polynomial in Circular Linked List While printing the polynomial the first coefficient and exponent are getting printed repeatedly for n( no of terms ) times.,0.2689,0.145
C,C program using array char* crash I want to build a program that allow to insert name and print out.,0.1717,0.145
C,how to use mq_setattr() in c I got the required message queue arguments using the following code.,0.1725,0.145
C,Adding value to array in C doesn't work I want to add a string to a string array but it doesn't work.,0.1698,0.145
C,WIFEXITED WIFEXITSTATUS macros I'm using the luajit ffi library to call into the C library function waitpid.,0.1942,0.145
C,How to name processes and insert values in respective process as named in UNIX,0.1465,0.145
C,Number of calulations/steps in each line of an algorithm I have a function here that I can see is O(N^2).,0.1769,0.145
C,inverting bitmap colors using C doesn't change the image,0.1147,0.145
C,cypher alphabet to array - capitalized and grouped,0.1257,0.145
C,What does a for (;;) loop do,0.0423,0.145
C,How can I handle 'processor mismatch' warnings without silencing them or including custom built copies of the dependencies?,0.2228,0.145
C,Array same element in C c finding the array of the same element,0.1149,0.145
C,twos complement range in c,0.0651,0.145
C,What happens to the array elements when changing the pointer (C)?,0.1268,0.145
C,"segmentation fault in fgets, trying to run shell command in c program",0.134,0.145
C,Selecting CLOB in Oracle using C and embedded SQL,0.1021,0.145
C,Compiling C Libraries to be linked in C++ builds... do you need to specify C++ standards?,0.1527,0.145
C,Assigning a random value to an array,0.0784,0.145
C,printf differentiating between a character and a number,0.1335,0.145
C,Insertion in Circular Linked List (output not coming as desired),0.1342,0.145
C,C language calling nested function I know that C does not support nested functions and it's only a gcc extension.,0.1956,0.145
C,Why do C fundamental types have identifiers with multiple keywords,0.144,0.145
C,Reverse pyramid using same row number I encountered the following question which ask you to print the reverse pyramid.,0.2109,0.145
C,"Raytracing in C - Cylinder, normal vector and rotation",0.1226,0.145
C,C programming - how to use a While loop for save user's values in an array,0.1272,0.145
C,How to exit infinite for(;TRUE;) in C?,0.0653,0.145
C,What are #pragma equivalencies in gcc?,0.0948,0.145
C,sprintf to copy int into string in C I'm trying to convert an integer to string using sprintf but it's not working as expected.,0.2141,0.145
C,What is the meaning of expression a = b != c; I have the following code that I don't understand,0.1597,0.145
C,"C, memory corruption(fast) error on free()",0.0898,0.145
C,Dynamic array of int pointers causing segmentation fault,0.1369,0.145
C,Android/Tensorflow: Why is Random Shuffle Queue needed for testing?,0.143,0.145
C,How to exploit printf vulnerability for different input methods?,0.1473,0.145
C,C - execution time of program in millseconds using <time.h>,0.1155,0.145
C,"Finding the dimensions of an array through assembly I have an assignment to reverse engineer the assembly to find the values of R, S, and T in the following code.",0.2683,0.145
C,"How to use dup and or dup2 to redirect standard out into a pipe, then out to antoher pipe and then back out to standard out?",0.2081,0.145
C,Is it not type safe if you are allowed to assign an int to a float (or vice-versa)?,0.1388,0.145
C,How to get average distance between 3 points,0.0957,0.145
C,printf() prints string without newline to stdout in line buffer mode after scanf(),0.1559,0.145
C,Delay measurement and synchronisation between raspberry pi I am doing a project with 2 raspberry pi which work as servers and a laptop which is the client.,0.2608,0.145
C,"C - Constructor, better to return struct or pointer to struct?",0.1244,0.145
C,Convert double value to uint_8 type array I'm new to C development.,0.1233,0.145
C,Casting cost addressing pointer in c from unsigned char * to const char *?,0.1405,0.145
C,Code blocks output console has stopped working,0.1162,0.145
C,Wrap a function that takes a struct of optional arguments using kwargsIn C,0.1422,0.145
C,C Cannot Access Memory at Address,0.0801,0.145
C,invalid controlling predicate' error when compiled with-fopenmpvoid random,0.1788,0.145
C,How do I follow value propagation through function calls with GDB reverse debugging?,0.1655,0.145
C,select() on STDIN and Incoming Socket,0.0905,0.145
C,Can num++ be atomic for 'int num'?,0.0567,0.145
C,Function with a pointer in its declaration. Why?,0.1045,0.145
C,Why is array[i][-1] == 0? How does one prevent undefined variables from being used?,0.1428,0.145
C,GCC cross compiler (for ARM micro) complains about 'non supported floating point ABI' at a function where no FP instruction is present,0.23,0.145
C,C - reading lines from file I am trying to read line by line from a file and print out the line.,0.1614,0.145
C,FFmpeg AVFrame Audio Data Modification,0.1241,0.145
C,"Extra integer in the outputI wrote a program which takes an integer and depending upon that number takes further action, like calculating Factorial, Fibonacci and Exiting the program.",0.3049,0.145
C,How to get address range for different memory section in C?,0.1138,0.145
C,"Standard I/O stream -- fgets() buffering type The book ""advanced programming in unix environment"" discussed pipe in chapter 15, it shows that we should pay attention to the buffering type when deal with standard I/O functions.",0.3615,0.145
C,"OpenGL 3.0 glVertexAttribPointer: legacy works, forward compatible (core) doesn’t",0.1691,0.145
C,Swift 3: Compilation error converting String Array to C Char Array,0.1331,0.145
C,GCC: How do i change the base adress,0.0658,0.145
C,C: Swapping musical keyboard notes using call by reference I need to make a C program which provides for users to play a song and create a song via PC keyboard.,0.2654,0.145
C,Socket - sending a big string in c,0.0652,0.145
C,Contents of variables are unexpectedly changing?,0.1406,0.145
C,Meaning of errno constant EMEDIUMTYPE Recently,0.1354,0.145
C,"What does the ""install"" function mean in C syntax?",0.0987,0.145
C,"C: for (i=0;i<=N;i++) { t[i] = pow(a,0.i); } ALWAYS returning 1 C programming",0.115,0.145
C,Error in code used to calculate no. of sweets a customer buys providing banknotes,0.1522,0.145
C,c good programing practice using #define and hex values instead of decimal,0.1471,0.145
C,Vectorized memcpy that beats _intel_fast_memcpy?,0.1693,0.145
C,Using system() after fopen() and before the corresponding fclose() (file descriptor leak),0.1746,0.145
C,How to compile with an another libC on Linux?,0.0873,0.145
C,"Error 234, more data is available, with RegQueryInfoKey and RegEnumValue",0.1577,0.145
C,Unable to print tokens in game boardI am writing a simple board game.,0.1283,0.145
C,"Power of ""number"" accumulating in an Array I got a formula in a program that depends on accumulating the power of a number inside an array.",0.2332,0.145
C,Spawning after time passed in C I'm making simple game and trying to make char spawn after 5 sec from the start of the game.,0.2089,0.145
C,Strange behavior while using C's getline() I have encountered some strange behavior in the getline function while writing a small c program.,0.2397,0.145
C,How to get the universal Principal Name Object from smartcard?,0.1303,0.145
C,OpenCL kernel float division gives different result I have a OpenCL kernel for some computation.,0.1817,0.145
C,"ASN source code unexpected TOK_capitalreference, expecting '} 'While completion ASN.1 source code giving error: ""ASN.1 grammar parse error near line 19 (token ""IDENTIFIED""): syntax error, unexpected TOK_capitalreference, expecting '}'",0.3769,0.145
C,"C program crashes after printing few lines I have written this piece of code in C, but when I run it, the program crashes after printing few lines.",0.245,0.145
C,This pipe program is not compiling,0.0843,0.145
C,Concatenation of two strings into one in C,0.0889,0.145
C,Trying to do simple do_operation function in C,0.1026,0.145
C,Using switch statement to make a simple calculator I created a program of using 'switch' statement to make a simple calculator.,0.2203,0.145
C,what is wrong with this code? (to check whether a given number is a prime number),0.1413,0.145
C,Disallow input at certain times I have got a text based game in c that uses scanf.,0.143,0.145
C,sscanf returning -1 while scaning short int from a memory pointer in c?,0.1317,0.145
C,"I am getting a SegFault error, but why?",0.0736,0.145
C,Segmentation fault Error comes,0.1125,0.145
C,Bit hack: Expanding bits I am trying to convert a uint16_t input to a uint32_t bit mask.,0.1546,0.145
C,What's wrong with this function that shortens strings?,0.1157,0.145
C,"Socket Server Memory usage goes up, becomes unresponsive",0.1344,0.145
C,Type casting error in pointer in C,0.0708,0.145
C,What makes this saved array different from the loaded array?,0.1244,0.145
C,"Permission denied after a compilation error occured I am working on this piece of code, trying to learn basic C programming.",0.2156,0.145
C,How exactly does sockaddr_storage work?,0.1251,0.145
C,Getting input as string and Printing I'm trying to write a mastermind program but I'm stuck with string inputs.,0.1918,0.145
C,Add header #ifndef into C header files in current directory,0.1215,0.145
C,hook audio streams on microphone devices in C,0.0992,0.145
C,Reversing only the order of a Sentence in C,0.0832,0.145
C,Arrangement of 2 by 2 condition in if statement in C-family language,0.1273,0.145
C,Trouble understanding fork() output,0.1321,0.145
C,"How to read from a text file I made in C I am new to C, I am just trying to read a simple text file I created in C.",0.193,0.145
C,data type conversion in C,0.0602,0.145
C,Ignore SIGQUIT once I am trying to write a function to install a signal handler on a process to ignore a SIGQUIT signal the first time it is called and then exit on the second SIGQUIT signal.,0.3135,0.145
C,C random number generator generate sometimes the same numbers,0.14,0.145
C,c++ different print behavior between values and variables,0.1354,0.145
C,PInvoke - Marshal an array of structs from pointer,0.1114,0.145
C,Explanation of packed attribute in C,0.0928,0.145
C,How to properly free() my mallocs in c I need to have a dynamic array so I have used malloc in my code.,0.1724,0.145
C,Draw 2D and 3D in the same OpenGL window I'm creating a 3D game with OpenGL and I would like to make a toolbar in the top of the window.,0.2277,0.145
C,Reading a value with a timer in C I am writing a multiplication table program to help my niece learn.,0.1746,0.145
C,Finding max value of char in C,0.0557,0.145
C,"Why the input ""abc!!!"" but the output is not ""abc+++""?",0.087,0.145
C,Convert _mm_clmulepi64_si128 to vmull_{high}_p64,0.1439,0.145
C,Pointers to pointers and realloc in C,0.0822,0.145
C,Undefined reference when trying to use external library I am trying to incorporate a C library into some Rcpp code.,0.2019,0.145
C,"What happens when shutdown socket with SD_RECEIVE, but peer sends packet?",0.1506,0.145
C,"JNI IMU code not compiling ""base operand of ‘->’ has non-pointer type ‘JNIEnv’"" I'm working on a native module to allow use of the RPI sense hat in java and my native will not compile",0.2969,0.145
C,Why doesn't the function printk() use a comma to separate parameters?,0.1307,0.145
C,Does const struct pointer guarantee safety from memory corruption / crash issues?,0.1709,0.145
C,AXIS2/C: wrong element type or null node (om_element.c),0.1058,0.145
C,About the pointer usage in C for an array and a normal value,0.1075,0.145
C,Alignment and SSE strange behaviour I try to work with SSE and i faced with some strange behaviour.,0.1756,0.145
C,unknown type name C vs C++,0.0437,0.145
C,C programming with const parameter in function I have one doubt.,0.1276,0.145
C,Unable to find error in C code When I execute the following code program exits before I get to input any string for word 2. i.e scanf-word2 is not executed. Why?,0.2661,0.145
C,DrawText WinAPI Not Showing Result,0.1044,0.145
C,Getting SSL_ERROR_SYSCALL for an incoming DTLS Connection on an existing DTLS Connection on the same port,0.1977,0.145
C,Passing a string to strdup from global pointer to a 2D VLA array of strings,0.1352,0.145
C,json_object_put is not working on loopi worked with json-c library in C language.,0.1522,0.145
C,Floating-point zero in C implementations (IEEE 754 invariants?),0.1397,0.145
C,how to calculate the number of days between two different dates,0.1267,0.145
C,UPNP - Bind between Device and Services (miniupnp) I am using miniupnp SW package running on my router.,0.1829,0.145
C,"ISR for Timer Compare Match not runningso basically I'm trying set up a ISR(Interrupt subroutine) to simply turn a light on, but the ISR doesn't seem to run.",0.2599,0.145
C,Why this reverse function can not work in the for loop?,0.1028,0.145
C,"*file f_flags setup in linux devicei'm write a linux device module, and i need an ioct",0.1503,0.145
C,for which test cases did the code go wrong?,0.081,0.145
C,Why we address registers in micro-controller programming like this why when we write address for register we add offset to the the base address?,0.2447,0.145
C,Memory alignment while using attribute aligned(1) I'm debugging the following code snippet to analyze byte alignment of structure members.,0.2422,0.145
C,miniupnpssdpd query for number of connected devices failed,0.1438,0.145
C,Transferring Fortran multiD arrays to C I am having issues transferring 3D arrays from Fortran to C.,0.1812,0.145
C,C Make not compile on raspberry I'm new with c make.,0.0897,0.145
C,Raspberry PI multiple ethernet server listener I have a simple TCP server listener program running on the third generation raspberry pi.,0.2393,0.145
C,How to get the size of kernel functions when compiling linux kernel?,0.1314,0.145
C,NET-SNMP agent trap v3 configuration I am trying to implement agent trap v3 sender using net-snmp.,0.1736,0.145
C,C static inline parameter evaluation optimization Assume an API in which every function returns an error code which is zero in case of no error and nonzero for error values.,0.2874,0.145
C,Reading a program's own memory as data,0.0751,0.145
C,arithmetic operation differs if variable is char or int,0.1211,0.145
C,Difference between ANDing with bitwise shift and hex values,0.1337,0.145
C,Using Lapack Fortran in eclipse C++ project?,0.1002,0.145
C,Arm scatter file issueSo I'm relatively new with arm and I'm having problems with scatter files.,0.1695,0.145
C,FFmpeg scale image do not use command way,0.0854,0.145
C,From propietary format to c++ classes,0.0905,0.145
C,While file data with regex I have problem on while file data on get only regular expession.,0.1621,0.145
C,"How to filter out ""_id"" from mongodb C driver results",0.1019,0.145
C,Interactivity w/ Standard-In via pseudo-runloop blocks program execution,0.1597,0.145
C,Find a triplet with sum=0 in a BST - Time complexity with below code I wrote the below code for finding a Triplet in a BST that adds upto 0.,0.2328,0.145
C,printf crashes after successful printing Language is C.,0.131,0.145
C,memcpy in Abstract Data Type List Array based in C,0.097,0.145
C,Arrays in and out of Struct with user input,0.0832,0.145
C,Create Polygon Rgn and const POINT * I give you only the lines concerning my problem.,0.154,0.145
C,How to catch all udp messages like Wireshark without drops?,0.1215,0.145
C,Convert const char* to binary operator+ I'm stuck at trying to figure out the correct data types for T1 and P1 (see below).,0.2057,0.145
C,Can I use only one header for a bigger application?,0.098,0.145
C,Neighbor function optimization to solve 8-Puzzle using A*-Algorithm,0.145,0.145
C,"Determine number of printf arguments Is there a standard C/C++ function that, given a printf format string, returns the number of arguments it expects?",0.2538,0.145
C,#program in C - How read a word and the line of this word in a .txt?,0.1103,0.145
C,libcur l crashes at fwrite() when I set READ DATA and READFUNCTION to upload a file I want to use libcur l to chunked upload a file to remote Http server.,0.2551,0.145
C,Difference between char * and char (*)[25],0.0953,0.145
C,Desiging Shellcode gives incorrect results,0.1438,0.145
C,Write C function that returns int to Fortran,0.0957,0.145
C,How to print results with signs when calculation is done on array in C language I am trying to do SPI transfer in a raspberry pi.,0.2175,0.145
C,C union containing structs - memory mapping - compiler skips one byte?,0.1459,0.145
C,How to compile .c .h .so file?,0.0444,0.145
C,"bluez scan enable/disable connection time out I was writing client were I'm continuously enabling and disabling scan after each constant time intervals(e.g every 4sec),",0.2806,0.145
C,"Not returning string. This program converts digit like 123 to words like ""One Two Three"", why in the end I am not getting anything?",0.22,0.145
C,Start Linphone MediaStreamer2 Audio & Video Stream Together,0.1598,0.145
C,Error using library functions of cygwin compiled dll in visual studio I am trying to call cygwin compiled dll in wisual studio environment.,0.2396,0.145
C,What is the issue with the following code?,0.0864,0.145
C,Character Array Initialization,0.1606,0.145
C,Use Python in C,0.0239,0.145
C,segmentation fault when assigning a value to de-referenced double pointer,0.1542,0.145
C,Linked List - Stack Building - C - Is this tutorial correct,0.1205,0.145
C,Paint child window that overflows outside top-level windowIs it possible to paint my child window that overflows outside its parent top-level window?,0.2554,0.145
C,Get length of 2-D array in C,0.0408,0.145
C,MPI_Barrier - Only some processes passes the barrier I'm facing a situation where only some processes bypass the MPI_Barrier function.,0.2369,0.145
C,Realloc array of pointers to an Struct in C,0.0832,0.145
C,Change default output stream on argp By default argp uses stdout.,0.1304,0.145
C,"What is the maximum size I can use in ""shmget"" system call?",0.1047,0.145
C,C stack frame tracing I'm trying my hand at stack smashing to follow along with a security text I have.,0.1766,0.145
C,C Integer Behavior: Dividing by Zero,0.0896,0.145
C,Why cannot use * alongside . to visit a member of structure?,0.1165,0.145
C,"Not printing a full line, just chunks in C?",0.0788,0.145
C,Using custom hardware decoder with chromium browser?,0.1361,0.145
C,MQTT synchronous message reception at the subscriber I have a simple publisher and a subscriber written in C.,0.1962,0.145
C,C/C++ Compiler that allows int width selection Does anyone know of a modern native Windows C or C++ compiler that allows you to select between 16-bit and 32-bit type int?,0.2789,0.145
C,Cannot display all the element of my array in C?,0.0892,0.145
