Programming Language,Questionnaires,Difficulty,Average Difficulty
Python,My registration code returns incorrect even if the details are correct,0.1798,0.1795
Python,Plotting whole month in python with only 1 day data,0.1232,0.1795
Python,Python O365 Outlook Connection Issues,0.1381,0.1795
Python,json.decoder.JSONDecodeError: Expecting value: line 1 column 1 (char 0) when migrating I am building a Location based webapp and I am stuck on a Problem.,0.3332,0.1795
Python,Automating the Ticket Search/Close task in BMC Remedy AR System,0.1567,0.1795
Python,How to transpose (transform) Pandas DataFrame with 2 columns (values should become new columns)?,0.2282,0.1795
Python,How can I access value in nested dictionary using a single key?,0.1482,0.1795
Python,"select specific columns to normalize in Pycaret How to select specific columns, in the Pycaret setup function, to normalization?",0.2916,0.1795
Python,t-test module issue python I am working with t-test on a pandas dataframe.,0.1681,0.1795
Python,Get column and row from Trinomial triangle,0.1201,0.1795
Python,How do I add weighting to a curve not the data points during fitting?,0.1573,0.1795
Python,Function to convert Python 2D list into 2D dictionary including mean and max calculations (ideally using pandas),0.2605,0.1795
Python,sampling univariate gausssian with specific mean and standard deviation using jax.random.normal,0.241,0.1795
Python,python web scraping IP blocked I am trying to extract the source code of the html page.,0.1974,0.1795
Python,"My player is not moving correctly, when the key is held down, it should move continuoulsy, but only moves once",0.2458,0.1795
Python,Importing gcsfs in datalab is giving an error,0.1194,0.1795
Python,Django Multiple File Upload in UpdateView - not getting file information using request.FILES.getlist,0.2445,0.1795
Python,"Mean, Median Calculation of Image Each Bands I have an image has 4 bands and I calculate the mean, median, min, max, std.",0.2647,0.1795
Python,"I can't find the code of a Ruby web application I'm super new to web development, but not new to programming as a whole.",0.2663,0.1795
Python,Factoring out common setup code for a pytest fixture,0.1357,0.1795
Python,Secondary x axis labels I have two csv files that have been generated on one chronological basis during my recording (they both have a timestamp column based on one clock).,0.3735,0.1795
Python,How to make python code to ready content of some directory and add it in list?,0.1762,0.1795
Python,Is their any package in python which can record video and audio using web cam?,0.1791,0.1795
Python,how can i create multiple menus with kivymd/python?,0.1294,0.1795
Python,YouTube Analytics API Refresh Token Limit I created Refresh token to authenticate my YouTube Analytics API using Python and saved it on my system for future use.,0.3532,0.1795
Python,I need to generate and save output of html/css code in JPG with the help of Python,0.1841,0.1795
Python,"Tkinter Scrollable and expandable Paned Window I already searched a lot on Stackoverflow, and a lot of blogs, docs.",0.2599,0.1795
Python,my date is not flowing in my x in pandas dfenter image description,0.1542,0.1795
Python,using datetime modules in if,0.086,0.1795
Python,splitting column into multiple columns I have a dataframe containing one column.,0.2016,0.1795
Python,Extract specific fields from a text file in python3,0.1319,0.1795
Python,Twosum problem: Why does code A run so much faster than code B?,0.1418,0.1795
Python,Most efficient way to replace every possible combination of up to N items in a tuple in Python?,0.2154,0.1795
Python,pandas str contains with maximum value,0.1188,0.1795
Python,Embed text file into Excel Sheet I have a text document that I need to embed into an excel sheet using Python.,0.2456,0.1795
Python,python installing boto3 - could not find a version even though pypi shows th index,0.1929,0.1795
Python,Image smoothing using Rect Bivariate Spline I am trying to create image interpolation using Rect Bivariate Spline.,0.267,0.1795
Python,How to compare resampled data generated by SMOTE with original training data with respect to some attributes?,0.2541,0.1795
Python,Clear serial buffer before acquiring data I've created a short script in python which reads incoming serial data from an Arduino and writes it to a CSV file.,0.3447,0.1795
Python,"In Python, how do you increase gain by 2 for raw audio data?",0.1328,0.1795
Python,np.random.randint causes ValueError: low >= high,0.134,0.1795
Python,numpy make sub-arrays based of unique column,0.1153,0.1795
Python,Limit data displayed (rows) in Plotly,0.1062,0.1795
Python,"Display the output of the program on GUI with tkinter? I would like to display my program's ""live"" output on GUI (all what printed in it). how can i access to my output?",0.3679,0.1795
Python,numpy Tries to Allocate More Memory than Available — Related to malloc,0.1757,0.1795
Python,Why does the Click library mix up files?,0.0961,0.1795
Python,Why getting error 'ConfigFileNotFound' while configuring OCI in jupyter notebook?,0.2219,0.1795
Python,Python Discord bot error: module object is not callable What is this error?,0.1776,0.1795
Python,Instantiating Django's User Model I have seen the different ways of creating an instance of Django's User Model.,0.2528,0.1795
Python,Is there a better way to fetch text from HTML table using selenium?,0.1555,0.1795
Python,ModuleNotFound Error : Mysql module is not being found?,0.1517,0.1795
Python,How to play the alarm after 5 second when the eyes had closed in python?,0.1626,0.1795
Python,Pandas grouping two columns as master column,0.1291,0.1795
Python,How to set authentication access to Swagger Docs via Oauth2 on Flask?,0.167,0.1795
Python,How to implement alignment through traceback for Levenshtein edit distance,0.2041,0.1795
Python,Google Places return an image in Flask Using the python Places sdk to fetch images using a place_id.,0.2279,0.1795
Python,how to compare between between m.author and member.id?,0.1315,0.1795
Python,Pandas Column Min - Variable Window I want to calculate the min/max of a column with a rolling window that is based on another column.,0.2952,0.1795
Python,TypeError: NoneType takes no arguments,0.1393,0.1795
Python,How to get the excel output in desired format using pandas dataframe,0.1658,0.1795
Python,How do I tweet from my bot account when the bot app is created under a separate account?,0.1979,0.1795
Python,"python , i need to use 2 functions to create another new one which includes only the 10 elements with the biggest name of the previous list",0.3065,0.1795
Python,Substring in Json file to column in csv,0.0948,0.1795
Python,How does one only use html (no serverside scripts) to convert checkbox values into a txt file that is downloaded?,0.2529,0.1795
Python,For loop in python vs MATLAB,0.0684,0.1795
Python,How to convert mulitple columns of a df from hexadecimal to decimal,0.1627,0.1795
Python,Python - Plotly - sample code error (iplot),0.1212,0.1795
Python,How to create a boolean variable determining if the price of day i is bigger or smaller than the day (i-1)?,0.2367,0.1795
Python,How to use sympy to locally switch to use of “set of equations” from standard sequence of lines of assignments?,0.2481,0.1795
Python,What does [0:2] right beside the tensor mean?,0.1017,0.1795
Python,How to get list of original feature names from Pipeline?,0.1385,0.1795
Python,Regroup the data in one dataframe using the information from another dataframe,0.1972,0.1795
Python,Trying to do an error message of missing required permission for discord bot on python,0.2027,0.1795
Python,"AttributeError: 'HTMLParser' object has no attribute 'unescape' I trying to extract some table html, but it returns some error and i have no idea why.",0.326,0.1795
Python,cannot upload the json file by using the mapbox cli,0.1232,0.1795
Python,subset pandas with different values but same index,0.1398,0.1795
Python,How to find minimum substring out of string,0.1112,0.1795
Python,"Concatenate 2 dataframes (update) aggregating by sum I have 2 dataframes, df1 and df2.",0.2012,0.1795
Python,"Creating a wordcloud visual with two dataframe columns Currently, I am trying to create a WordCloud using two columns of a data frame.",0.2977,0.1795
Python,Is there a Python function to mark the beginning and end of sentences with a specific character after tokenizing?,0.2575,0.1795
Python,Creating 2 plots but they're overlapping into one graph. How can I create 2 separate graphs using matplotlib?,0.2465,0.1795
Python,How to apply different conditional format to different rows?,0.1633,0.1795
Python,"python sympy solve to do system of equation, but on my last solve I keep getting a TypeError: bad operand type for unary -: 'type'import sympy",0.3094,0.1795
Python,Can't access the second of element of list of size 3,0.1156,0.1795
Python,Thread member “sharing”Context & problem,0.1418,0.1795
Python,"Upscale image to higher dimension using autoencoder - Conv2D, Upsampling2D",0.211,0.1795
Python,No xtick and ytick showing matplotlib object oriented,0.152,0.1795
Python,Programming Error pymysql.err.1064 when Update in Python I got an Error and I don't figure out why.,0.2219,0.1795
Python,Plot shaded lines for std from different dataframes in one graph (Python),0.1777,0.1795
Python,how to remove folder path from a string in python I have tried this code but it didnot work how to remove the path from String.,0.282,0.1795
Python,python - run subprocess command with single quote,0.145,0.1795
Python,How to get the progress of a long pymysql executemany operation?,0.1579,0.1795
Python,"How to apply zscore on pandas columns where one categorical column has all same value I have a pandas dataframe which is actually a test set where one column - ""HasMobile?"" is all having 1.",0.4067,0.1795
Python,Pythonic way to efficient create dictionaries from Pandas,0.1684,0.1795
Python,Convert the dictionary into tuple and printing it in reverse order,0.1666,0.1795
Python,How can I avoid a Pickle Error with multiprocessing caused by an object not needed by child processes?,0.233,0.1795
Python,Python - string into list without punctuation,0.1464,0.1795
Python,Which is the fastest way to get a substring from a given string?,0.1465,0.1795
Python,"Automate login with selenium and python, how to correctly extract element for user and password",0.226,0.1795
Python,IndexError: list index out of range while assigning class labels,0.1667,0.1795
Python,Unknown label type: 'continuous' - sklearn,0.1443,0.1795
Python,Don't know why it's rejecting my else statementdrinks = 5,0.1327,0.1795
Python,How can I disable my player from jumping multiple times in a row?,0.1495,0.1795
Python,pandas/python : Convert a list with punctutations in to str form in a column of dataframe,0.2041,0.1795
Python,ModuleNotFoundError: No module named 'dtype'(TDS),0.159,0.1795
Python,Interactive Brokers - TWS API - Minimum Price Increment I am trying to create a TWS API script which will place an order in the STK market.,0.3041,0.1795
Python,Django - add Model Translation to already registered model I want to add fields in my db to translate.,0.2304,0.1795
Python,How to assign a name to the a size() column?,0.0918,0.1795
Python,I was getting an error in a cv2 face recognizer - You'll need more than one sample to learn a model.,0.2211,0.1795
Python,Class method (python) - property setting (active in method) then lost,0.1729,0.1795
Python,how to sort a multidimensional array with one column in ascending order and another column in descending order?,0.2555,0.1795
Python,Scipy fftconvolve output with complex signals I am working on a project where convolution integrals of complex arrays need to be determined numerically.,0.3388,0.1795
Python,multiprocessing Pool slower with method than function,0.1695,0.1795
Python,How to use saved model to resume training in google colab?,0.1381,0.1795
Python,"How to check for key(last_password_changed_at) exists in index if not exists, Update the `field' in the accounts index to current date using python",0.3232,0.1795
Python,Find latest patch set for a Gerrit change using python-gerrit-api package,0.1752,0.1795
Python,Remove unwanted parts from strings in a column,0.1234,0.1795
Python,find total combinations of 2 different lists with multiple values into 2-tuple I wish to find the total combinations from below 2 lists into 2-tuple.,0.3282,0.1795
Python,Filter Json based on nested value I have been struggling with filtering a json file and tried multiple solutions to no success.,0.2843,0.1795
Python,tuple' object has no attribute 'format' when taking data from a .json file(using python 2.7),0.2049,0.1795
Python,How to test the download endpoint of a flask server,0.1232,0.1795
Python,Update dataframe column values if values in another column are in list,0.1721,0.1795
Python,Error transferring files from Python server to Android Client,0.1696,0.1795
Python,Upgrading from tenserflow v.1 to v.2 tf.contrib.opt.scipyoptimizerinterface,0.1878,0.1795
Python,Deep Diff ignore with regex,0.0802,0.1795
Python,PyInstaller : script not found I want to create a simple .exe file of a simple python script with pyinstaller.,0.2466,0.1795
Python,How to handle “Memory quota exceeded” in heroku app developed using streamlit and PyTorch?,0.2142,0.1795
Python,How to generate a probability tree by tree data structure in python?,0.1639,0.1795
Python,split list into n chunks according \n in python,0.1143,0.1795
Python,k-NN of points in R^d (defining the Joint Space),0.1029,0.1795
Python,How to make Qicon fill entire Q Table Widget Item or grid in Q Table Widget,0.1696,0.1795
Python,Python - Global variables and class methods,0.1364,0.1795
Python,How can I extract special part of a text which is separated by “----” using regex in Python?,0.2009,0.1795
Python,Problems executing code after Keyboardinterrupt,0.196,0.1795
Python,How to clear everything in output?,0.0949,0.1795
Python,Import “embed_video.fields” could not be resolved Pylance report Missing Imports,0.2088,0.1795
Python,GCP logging to both local and cloud logging on IoT device?,0.1381,0.1795
Python,How to handle zero after decimal in pandas dataframe,0.1357,0.1795
Python,Plotly Vertical Box Plot on Numerical Logarithmic X-Axis,0.1508,0.1795
Python,Python query to get height price user with count,0.1206,0.1795
Python,Change the “shape” of the edge after using edge detection,0.1398,0.1795
Python,how to save certain data from discord like a message or a link to the discord bot and call it when you need it,0.246,0.1795
Python,Pandas best practice: remove column names?,0.1313,0.1795
Python,Python Program to find the neighborhood density of words: NameError: name 'a' is not defined,0.2132,0.1795
Python,How to remove categories from json files?,0.1124,0.1795
Python,pandas.read_html returns wrong table contents,0.154,0.1795
Python,Saving plots to memory rather than disk for python web app,0.1401,0.1795
Python,Tensorflow not detecting GPU on Python 3.6.9 but working on Python 2.7,0.1586,0.1795
Python,python floating point imprecision,0.1491,0.1795
Python,Why is my tweepy bot liking my own tweets and not the specified user id?,0.1626,0.1795
Python,Creating a function to call an API multiple times with unique inputs (PRAW reddit api)Beginner here.,0.2296,0.1795
Python,PDF file reading using wand image error : wand.exceptions.DelegateError,0.189,0.1795
Python,How can I display form instance?,0.0848,0.1795
Python,Pandas groupby with delimiter join,0.1207,0.1795
Python,How to remove empty rows in csv using pandas?,0.1068,0.1795
Python,Insert list of tuples into sqlite3 database with unknown tuple size,0.1699,0.1795
Python,How To Work With Webdriver Without Opening The Browser (Edge) In Python?,0.1727,0.1795
Python,Unable to install python “Scalene” module,0.1263,0.1795
Python,igraph layout that respects node size I want to plot a graph with igraph with different node sizes.,0.2254,0.1795
Python,Check CPU consumption by specific part of a program,0.1319,0.1795
Python,Could not fetch URL installing python packages installation,0.1766,0.1795
Python,I Want to pick those line which are include into list.,0.1248,0.1795
Python,How to automate this downloading prompt using python?,0.1492,0.1795
Python,AWS Pinpoint | Is there a way to send a pinpoint notification to all users that have the app?,0.2079,0.1795
Python,Unable to set MacOS Finder Comment Metadata using xattr in Python,0.1633,0.1795
Python,Executing stored procedures in SQL Server using Python client,0.1696,0.1795
Python,"column_mult = np.multiply(column_sums, column_numbers) ValueError: operands could not be broadcast together with shapes (1,1920) (1,640)",0.308,0.1795
Python,Why is my DataFrame not callable for .values()?,0.1161,0.1795
Python,Can an embedded matplotlib plot in pyqt5 be interactive?,0.1482,0.1795
Python,Unable to install Python build with shared library using pyenv on MacOS 11.1,0.179,0.1795
Python,Permission Denied to create file in new directory,0.1357,0.1795
Python,The size of the array while getting the value from the function,0.1501,0.1795
Python,writing expression in python: multiply string to int I have two DataFrames: one has string and the other has int.,0.2529,0.1795
Python,Serial.read() not decoding correctly I have some python here that is trying to send numbers to an arduino via serial.,0.2607,0.1795
Python,Python not outputting the right thing,0.1137,0.1795
Python,Do i need to implement JWT in Django?,0.0838,0.1795
Python,get boto3 method default values,0.1033,0.1795
Python,Increasing resolution of exported Excel charts using Python,0.1766,0.1795
Python,“FileNotFoundError: [Errno 2] No such file or directory” every time the experiment runs a day later,0.2264,0.1795
Python,parsing nan from bytes doesn't give back a nan when using numpy.,0.1465,0.1795
Python,Vectorize a manipulation of a portion of DataFrame,0.1398,0.1795
Python,How to add punctuation in django email message body I am building an app that allows users to send emails to preferred email addresses.,0.2998,0.1795
Python,OCR on PDFs using links in python,0.0797,0.1795
Python,Module 'darknet' has no attribute 'load_network',0.154,0.1795
Python,Join tuples in list based on length of next tuple,0.1162,0.1795
Python,How to have a default output for an Image Classifier?,0.128,0.1795
Python,How to get the ranked cosine similarity?,0.1079,0.1795
Python,Find a value in Python Dictionary,0.0936,0.1795
Python,how to monitor the cpu usage of every code line in python program,0.1512,0.1795
Python,Unable to extract the contents of a web page using Beautifulsoup with html.parser,0.1933,0.1795
Python,Need help separating number so i can do operations with each one,0.1533,0.1795
Python,"Using PyCharm on a remote server I never used a server before (only my local machine), and recently I was given a server with Python files on it.",0.3175,0.1795
Python,How can I solve an encoding error while reading in a modified .csv file?,0.1643,0.1795
Python,Plotly: Define colours for a pie graph - (using low-level API),0.143,0.1795
Python,cvxpy how to formulate an expression that depends on the sign of decision variable,0.1962,0.1795
Python,How to get the maximum in each bin of a numpy.histogram 2d in python,0.1531,0.1795
Python,How to import library modules to my namespace from another module?,0.1645,0.1795
Python,How to put a button image borderless/tansparent,0.1275,0.1795
Python,running python directory in cmd,0.1033,0.1795
Python,How to reshape a pandas dataframe with boolean values,0.1394,0.1795
Python,Running average of time series containing NaN values,0.148,0.1795
Python,pytest: I can run all tests from the root folder but I can't run tests individually (ImportError),0.2179,0.1795
Python,Pygame Init Function Broken,0.1076,0.1795
Python,Behaviour behind python's intersection update for sets,0.1561,0.1795
Python,Variables not showing up in the environment Pycharm,0.1439,0.1795
Python,"Where exactly to use Morphological Operations (Dilation, Erosion, Opening or Closing) while binarizing image using OpenCv",0.2865,0.1795
Python,ORM for Multiple relational databases in Django Let say that I have 3 models in an App and I need to get the price of the item using the Order Class.,0.3299,0.1795
Python,Why is the node gain output from xgboost different from that calculated manually?,0.1973,0.1795
Python,How to concatenate values of one Dataframe column?,0.1369,0.1795
Python,Support vector machine from scratch I'm trying to build the linear SVC from scratch.,0.1957,0.1795
Python,How to copy a worksheet along with its local defined names with openpyxl?,0.1734,0.1795
Python,Parameter passing in Python vs Java,0.1037,0.1795
Python,How do you switch the colors of a bar chart in python matplotlib?,0.1495,0.1795
Python,AND logical operator on 3 columns with OR in python,0.1232,0.1795
Python,Is there a way to get a value usuing beautifulsoup,0.1197,0.1795
Python,Gather usernames in instagramthe main problem is i want to gather and get user names of who liked my posts,0.2397,0.1795
Python,How to drop_duplicates in a balanced way?,0.1124,0.1795
Python,python: Change the scripts working directory to the script's own directory,0.1827,0.1795
Python,what's wrong with this statement 'the about page' w'ont be rendered i am using django 1.11.9,0.2041,0.1795
Python,Why a class can be used a tuple?,0.0634,0.1795
Python,How I need to use stdin/stdout here,0.0785,0.1795
Python,"Query pandas datetime and filtering between current date, upper & lower timedelta",0.21,0.1795
Python,how to solve “key_send doesnt work” problem,0.1181,0.1795
Python,Problems when posting to a page on my flask application,0.1373,0.1795
Python,How to solve TypeError: cannot pickle 'cv2.VideoWriter' object?,0.167,0.1795
Python,how the error Tuple object error in sqlite3 can be resolved,0.1434,0.1795
Python,While loop as a grade calculator in relationship to # of assignments completed,0.1934,0.1795
Python,Is Heroku handling Django template files differently than my local Django?,0.191,0.1795
Python,Count to first column and sum to the rest of the columns pandas groupby,0.1647,0.1795
Python,How to turn a string of 1s and 0s to a signal for processing Fourier Transform?,0.1789,0.1795
Python,Custom memory layer for A3C,0.0802,0.1795
Python,Replace Images in Pdf using Python Is there a way to replace images or text in a PDF document using python?,0.2396,0.1795
Python,How to define the `__path__` attribute for a module in python 3?,0.1476,0.1795
Python,"python multiprocessing on windows, if __name__ == “__main__”Running python 2.7 on windows 7 (64bit).",0.2292,0.1795
Python,Can't update image source in Kivy project,0.103,0.1795
Python,RuntimeError: Working outside of request context.,0.1666,0.1795
Python,How to seperate async requests from the underlying socket request,0.1725,0.1795
Python,Multiconditional if statements,0.1827,0.1795
Python,TypeError: argument of type 'int' is not iterable in python flask,0.1571,0.1795
Python,Unable to display tag name of .xml file ( returns None ) Why does this code return None and not name value?,0.2352,0.1795
Python,Mulitivariate multi-step time series forecasting with Keras,0.1766,0.1795
Python,Why can't mypy distinguish between Qt widget types in a Generic python class?,0.1802,0.1795
Python,Flask url with only one parameter is not processed,0.1281,0.1795
Python,YOLOv3-tiny and DarkNet - 2 classes but classifies only 1,0.1398,0.1795
Python,Heroku remote ERROR: Could not find a version that satisfies the requirement django-admin-black==0.0.1,0.2317,0.1795
Python,supress /n at the end of the txt file,0.0766,0.1795
Python,Comparing values in a dictiionary to a column in pandas to update dictionary,0.1841,0.1795
Python,Load a csv file to Elasticache(Redis) I'm trying to figure out the best approach to load data into the Redis cluster.,0.2598,0.1795
Python,Loading a local h5 model without top,0.0931,0.1795
Python,Transforming pandas rolling apply functionality to numba?,0.1842,0.1795
Python,why does cv2.resize not work in the loop?,0.0917,0.1795
Python,Remove every occurance of 'Chapter X' in string in python,0.1398,0.1795
Python,Variable stays the same after being added to I am coding a game in Python with the tKinter library.,0.2233,0.1795
Python,Pandas slice rows in multindex dataframe fails,0.1381,0.1795
Python,How do I return numpy.ndarray of pandas plot method?,0.1245,0.1795
Python,Converting pixels colour creates noise just a quick question,0.1658,0.1795
Python,Plotly Colors for bar charts change from one bar chart to the next,0.1542,0.1795
Python,About values('created_at__day') and values('created_at__week'),0.2168,0.1795
Python,How to make 6 calculation as fast as possible based on one datastream?,0.1644,0.1795
Python,Fetch Youtube channel's about email using script?,0.1329,0.1795
Python,Sentinel-2 data: plotting RGB Composite Image using Python3,0.1595,0.1795
Python,How to convert elastic search date field into typestamp field Elastic Search log outputs time as a date type.,0.2477,0.1795
Python,How can i calculate the WER(word error rate) by using pretrained model of tensorflow hub Speech to text model,0.2457,0.1795
Python,Python Selenium - FedEx login not working,0.1263,0.1795
Python,Python date object to datetime,0.0976,0.1795
Python,Finding all 2 Part Permutations in a Single Column Associated with an ID,0.1722,0.1795
Python,Adding metadata to a CNN using keras I have a convolutional neural network and would like to include some metadata.,0.2599,0.1795
Python,I'm not sure how to get this class to work,0.0872,0.1795
Python,Vscode - can't import numpy but pip says it is installed?,0.1306,0.1795
Python,Colormap of 3d array in python,0.0785,0.1795
Python,Partial word match between two columns of different pandas dataframes,0.1865,0.1795
Python,parsivar : NLTK was unable to find the java file,0.1155,0.1795
Python,Fastest implementation of `ast.literal_eval`,0.1695,0.1795
Python,Can't send/receive a header with axios and python,0.1162,0.1795
Python,How to get the y value on the pointed curve according x value from mouse movement,0.1856,0.1795
Python,Regular expression to extract the first part of a string,0.1408,0.1795
Python,Mac OSError: [Errno -9996] (no default output device),0.135,0.1795
Python,from dataframe get number of days between the first order of the item A and the previous order which can be the item A or different item,0.3019,0.1795
Python,How can I access Json attribute and check if (key)exist in payload or not using python,0.1948,0.1795
Python,How to use trained tensorflow model in flutter?,0.1247,0.1795
Python,Unable to import Tensor flow lite model in Android after converting from Keras LSTM model I am new to machine learning and deep learning.,0.3042,0.1795
Python,How to find and append dictionary values which are present in a list,0.1602,0.1795
Python,"In python, what is the proper syntax for using a function as an attribute of a class?",0.1909,0.1795
Python,Decimal doesn't get converted to int,0.0931,0.1795
Python,I am not migrate in python django,0.0797,0.1795
Python,I want to get eer from roc curve I use binary classification which divides into true and false.,0.2154,0.1795
Python,check numpy array values b/w 2 columns of pandas Dataframe,0.1401,0.1795
Python,A prettier package for python-chess's print(board),0.1256,0.1795
Python,Regex multiple parenthesis and remove one with specific pattern,0.1771,0.1795
Python,Compare list of tuples against column in dataframe,0.1398,0.1795
Python,Python threading runs all functions at the same time I created a tkinter app which has 4 functions.,0.2254,0.1795
Python,How to log the graph from fairseq to tensorboard,0.1206,0.1795
Python,"Reading .csv in AWS S3 for DynamoDB with Lambda - TypeError: a bytes-like object is required, not 'str'",0.2279,0.1795
Python,Parsing a string composed of multiple JSON objects run together,0.1654,0.1795
Python,Writing a program to reverse the list in Python,0.1168,0.1795
Python,Add a moving picture to a plotly animation plot,0.1168,0.1795
Python,Can't pickle Enum after reloading it : not the same object,0.136,0.1795
Python,How to use RMagic in jupyter for console text output I'm using jupyter with RMagic cells for the R language.,0.2419,0.1795
Python,Getting decoded value from pylibdmtx.pylibdmtx.decode,0.1695,0.1795
Python,"Python Pandas: Using a map function within a lambda / TypeError: (“int() argument must be a string, a bytes-like object or a number, not 'list'",0.3064,0.1795
Python,Firestore; add user email identifier without creating a collection,0.1859,0.1795
Python,Mock a python function with another function that has arguments,0.1654,0.1795
Python,Replace date fields in pandas with date values from next columns,0.16,0.1795
Python,IndentationError: unindent does not match any outer indentation level,0.1972,0.1795
Python,Converting a pandas column from an array of string Quarters and Years to a datetime column,0.2096,0.1795
Python,How to install packages listed in `install_requires` from setup.py without installing the main package?,0.245,0.1795
Python,How to calculate the “AddAbsEquality” or “AddMultiplicationEqualit” using Google's CP-SAT solver for non-linear optimization?,0.29,0.1795
Python,Check if Column exceeding specific value and replace,0.148,0.1795
Python,why my django rest_framework does not work?,0.1213,0.1795
Python,Transforming pandas series into 2D numpy array,0.1381,0.1795
Python,Converting pandas.Multindex to numpy.ndarray with dtype float,0.1696,0.1795
Python,How do I combine the split words in different sentences the splitdocs is a list of sentence are shown as printed above.,0.2661,0.1795
Python,KivyMD Changing the weakref (or id) of an MDTab,0.1118,0.1795
Python,Filter Dataframe based on column dictionary values,0.156,0.1795
Python,i want to update the dataframe df1 based on dataframe df2,0.1368,0.1795
Python,Count the elements of each datatype inside the list,0.1319,0.1795
Python,Comparing a list of keywords to a free text column in a dataframe and retrieving matches,0.2043,0.1795
Python,How to force recalculation of dependent parameter values in function argument when non-default dependency is passed?,0.2722,0.1795
Python,Cannot import latest (0.12.2) statsmodels.api: getting TypeError: an integer is required (got type bytes),0.2371,0.1795
Python,Removing duplicates python dataframe,0.1699,0.1795
Python,get a new dataframe by time window,0.0842,0.1795
Python,"Parse log in python I'm trying to parse a log file in Python, the file contains thousands of this line",0.228,0.1795
Python,text label in column next to a combobox overlapping issue,0.1443,0.1795
Python,Python: Call asynchronous code from synchronous method when there is already an event loop running,0.2343,0.1795
Python,Web scraping using python can't find the weblink I am new to web scraping using python.,0.1974,0.1795
Python,“Multipart form parse error - Invalid boundary in multipart: None” Django and AJAX,0.2002,0.1795
Python,Dask - flexible memory allocation for Local Cluster,0.154,0.1795
Python,How to get image at navbar in python django?,0.103,0.1795
Python,Flash text issue with loading many Chinese keywords,0.1439,0.1795
Python,How can I web-scrape this page using Python,0.1018,0.1795
Python,Conversion from Pandas data frame to Spark data frame takes huge amount of time,0.1876,0.1795
Python,find the uppercase letter on a string and replace it,0.1268,0.1795
Python,TKinter. Refreshing variable taken from csv each 10 seconds,0.1595,0.1795
Python,"Training xgboost with soft labels I'm trying to distill the predictions of another classifier model, ""C"" using xgboost.",0.2685,0.1795
Python,Combine multiple CSV files (datasets) to make a joint one,0.1398,0.1795
Python,"Prefix command won't update MongoDB So, I tried making a prefix command, I'm trying to get it to post to MongoDB when you do it, it won't work, can anyone help me?",0.3592,0.1795
Python,Python Dataframe - Get max value between specific number vs. column value,0.1836,0.1795
Python,Building n by n grid with specifics,0.0887,0.1795
Python,"Google Earth Engine multiple filters on date Using Google Earth engine API, I can filter the start and end date of a satellite data.",0.2923,0.1795
Python,Returning the percentage of a listI should start by saying,0.1479,0.1795
Python,"Caching results in an async environment I am working in a Fast API endpoint that make a I/O bound operation, which is async for efficiency.",0.3065,0.1795
Python,TELEPOT Keep getting error 400 when chat not found when trying to call back query to send a message,0.2245,0.1795
Python,How do I insert data from a Panda into a SQLite3 DB by row?,0.1286,0.1795
Python,Python pandas/lists Algorithm Performance,0.1613,0.1795
Python,Python error when running script more than once: module '__main__' has no attribute '__spec__'Long time (very grateful) user of SO,0.2876,0.1795
Python,Installing pylucene using pip,0.1214,0.1795
Python,Trying to reply to inline keyboard,0.0986,0.1795
Python,Python: access class property from string,0.1301,0.1795
Python,change x-axis of a plot I am trying to create a visualization of vehicles passing by in the first 25 weeks of the years 2015-2020 all in one graph (one curve for every year).,0.3826,0.1795
Python,error while converting command line arguments to a dictionary in python 2.7,0.1812,0.1795
Python,“ValueError: bad transparency mask” when pasting one image onto another with Python Imaging Library?,0.2413,0.1795
Python,Why isn't json.dumps() using my custom classes JSON serialiser?,0.1505,0.1795
Python,Usage of bitwise shifting,0.0937,0.1795
Python,Value_Counts() output in Python is a Series I'm trying to count the # of sales by each type of video game.,0.2329,0.1795
Python,Target and output shape/type for binary classification using PyTorch,0.183,0.1795
Python,how to remove specific column of python string list?,0.1331,0.1795
Python,Concatenate arrays of coordinates in Python,0.144,0.1795
Python,Remove the datetime string from each row in a Dataframe,0.1373,0.1795
Python,Add get request before Instapy session execution,0.147,0.1795
Python,"discord.py command if no @member given I want to make it so if I type just? lol it prints '987654321', but if I type?",0.2559,0.1795
Python,flask location of etc/hosts file on android termux,0.1281,0.1795
Python,Is there a Premium Account necesary for the Spotify API? I am trying to make a Spotify voice control for volume and I can't seem to figure it out. Any ideas?,0.3451,0.1795
Python,nested dictionary find specific values from keys,0.147,0.1795
Python,"Panda dataframe groupby and summation, within group, across row values rather than by columns",0.2245,0.1795
Python,Compare user input with a list in Python,0.0989,0.1795
Python,Check for invalid observation,0.1214,0.1795
Python,Python microservices with task management queues,0.1691,0.1795
Python,Not Responding After Running os.system,0.1188,0.1795
Python,Media player in web browser,0.0802,0.1795
Python,Regular expression to extract Section Number and Description,0.1806,0.1795
Python,Selenium: Weird problem with moving an element (dragging it to another element),0.1946,0.1795
Python,Can't Use PyQt5 and Eventlet Together I want to create a Socket IO server in Python on Windows as a simulator for a Socket IO client I’m writing.,0.3211,0.1795
Python,Updating scikit-learn to latest version with Anaconda environment fails with http error 000 I use Anaconda3 installed on my pc Win10 64bits.,0.3121,0.1795
Python,How can I get a Discord.py time stamp without CTX?,0.1116,0.1795
Python,Bypass recaptcha to webcrawl a site,0.1037,0.1795
Python,TensorFlow creates images with strange colors,0.154,0.1795
Python,Efficiently extracting a few values from several large Pandas dataframes,0.1971,0.1795
Python,How to calculate time complexity of these two functions?,0.1482,0.1795
Python,Loading Data to Google Cloud Storage & BigQuery with Cloud Function,0.175,0.1795
Python,"Input 0 of layer dense is incompatible with the layer: expected axis -1 of input shape to have value 8192 but received input with shape (None, 61608)",0.3248,0.1795
Python,Why is it that my image on a button in Kivy doesn't center when I run the app?,0.1721,0.1795
Python,How do I clear cache with Python Requests? Does the requests package of Python cache data by default?,0.2292,0.1795
Python,UnboundLocalError: local variable 'parsed_upd' referenced before assignment,0.2586,0.1795
Python,Need to make minigame auto run itself,0.0976,0.1795
Python,Python: Nested For Loops To Find Difference In Elements In List --> One Loop Test & Appending to Output List,0.2404,0.1795
Python,Why can't my x term terminal opened via a bash script find the pretty table module?,0.1871,0.1795
Python,What is the query that is used in when I use square brackets with an sqlalchemy query?,0.1948,0.1795
Python,How to read data from google sheet through google app engine?,0.148,0.1795
Python,How to remove word along with = in a string (python)?,0.1189,0.1795
Python,Anotate query set counting not related objects,0.1381,0.1795
Python,Scrapy writing to a file takes very long and writes only a portion of scraped text I am writing to a csv file using scrapy.,0.2734,0.1795
Python,Logs are getting added to both defult and customer file appender,0.16,0.1795
Python,Transform cluster results dataframe into consensus dataframe,0.201,0.1795
Python,Remove intermediate/middle Layer in Keras (for Models with merge-layers),0.1823,0.1795
Python,Market basket analysis using python for large data set with millions of rows,0.1841,0.1795
Python,Exec command in custom path by Capistrano,0.1156,0.1795
Python,Converting ASCII encoded characters inside string in Python,0.1766,0.1795
Python,Python DataFrame: Cumulative sum and subraction of multiple columns?,0.1909,0.1795
Python,Python - How to make sure resource is closed I want to close f before returning from the method. I added finally blocked but it needs initialization. What to initialize it with?,0.3823,0.1795
Python,Issues in importing module in Python,0.1087,0.1795
Python,Why won't my Plotly express figure work?,0.0961,0.1795
Python,How to append a column to a dataframe with values based on condition,0.1602,0.1795
Python,Visual Studio Code Unable to start debugging.,0.1303,0.1795
Python,Getting just a binary image of the lungs,0.0989,0.1795
Python,To change the value of a variable in a function abc executed by multiprocessing according to a variable in function xyz,0.2686,0.1795
Python,Tensorflow analog to MATLAB's `repmat`? Is there a way to do something similar to MATLAB's repmat?,0.2191,0.1795
Python,How to know if an object has an attribute in Python Is there a way in Python to determine if an object has some attribute?,0.2712,0.1795
Python,Is there any way to improve this loop?,0.0879,0.1795
Python,Python PIL.Image opening a .gif and then saving it causes it to have artefacts.,0.1804,0.1795
Python,Tuple returned by function is not subscriptable I have written a function that takes a value and a list.,0.2355,0.1795
Python,python function being excuted at the same time.,0.1247,0.1795
Python,"Openpyxl Vlookup - PythonWhy does this vlookup not work? after running the script the ""P"" column stay blank. what am I doing wrong?",0.2872,0.1795
Python,Why are variables defined inside loop are accessible outside?,0.1671,0.1795
Python,Python converting text date,0.1076,0.1795
Python,Not instantly getting out a loop with break,0.1112,0.1795
Python,"Django View Set returns result in command line, provides error when visiting URL",0.1944,0.1795
Python,run parallel Selenium,0.1032,0.1795
Python,"Getting started with SpotipyI am completely new to spotipy, and Im wondering how to get started.",0.2227,0.1795
Python,How to identify a damaged video file?,0.0944,0.1795
Python,"How to skip the default data frame index, when printing a python data frame in an excel worksheet, using openpyxl",0.254,0.1795
Python,How can loop a series and add to the values multiple times to a new list?,0.1629,0.1795
Python,How to write PID to file in Python?,0.0757,0.1795
Python,how to copy all csv files from different source folders into target as per source folders using python?,0.2355,0.1795
Python,Future Warning: Arrays to stack,0.0988,0.1795
Python,Is there a way to display R-squared value on graph in python rounded to two digits?,0.1871,0.1795
Python,"“SpotifyOauthError: error: invalid_request, error_description: code must be supplied” when I input URL Down below is my code.",0.2874,0.1795
Python,Predict results in ‘’TensorFlow serving‘’ and ‘’local model reload‘’ is different I'm predicting using the same model.,0.2629,0.1795
Python,SSL cert error when connecting to Adafruit IO It seems that the Adafruit-io library is not working with newest version of Python (3.9.1).,0.3014,0.1795
Python,Tweeking retry logic to download files in a list,0.1206,0.1795
Python,Why can't I use “.text” while scraping table headers with BeautifulSoup to remove unwanted HTML,0.2186,0.1795
Python,Changing values of one column based on the other three columns in pandas dataframe,0.1962,0.1795
Python,How do I browse a column of strings and convert any integers to the word in Python?,0.1871,0.1795
Python,How to avoid automatic redirection to login page while scraping Facebook by Selenium,0.2081,0.1795
Python,Python: copied code from Repl.it to Visual Studio does not run correctly: Invallid arguments error,0.228,0.1795
Python,Faster way of iterate through x array and dataframe,0.1319,0.1795
Python,"Syntax for SQL via python script (Incorrect syntax near ',')",0.1507,0.1795
Python,Why is my bot spamming a command output when I type a command?,0.1405,0.1795
Python,is scipy.stats.linregress deterministic?,0.1509,0.1795
Python,How can I raise an exception for the programs' main function from a callback function?,0.1997,0.1795
Python,Matching bigrams against a list and removing bigram if matched I have a df column containing bigrams derived from text in another column.,0.3054,0.1795
Python,How to interpret clusters?,0.0949,0.1795
Python,"extracting unchanged raw phone numbers with phone numbers. Phone NumberMatcher I am trying to extact phone numbers, from a text.",0.2886,0.1795
Python,Exclude time zone information in datatime object datatime available as object,0.203,0.1795
Python,Tree view.get_path_at_pos returning this same path value from column name and first row,0.2105,0.1795
Python,How to simulate user action on kivy widget?,0.1083,0.1795
Python,How do programs APIs work with plugins written in Python?,0.1421,0.1795
Python,Missing requirement error on warn command,0.1339,0.1795
Python,pymssql: DB-Lib error message 20018 when using place holders I am using Python 3.8.5 with pymssql 2.1.5.,0.2309,0.1795
Python,How do I build a tree from a list of symbols?,0.095,0.1795
Python,How do I write the lambda code to print the newly created folder name inside another folder in s3?,0.2209,0.1795
Python,Any python module or any tool to get data using ssh and transfer simultaneously using rest put,0.2168,0.1795
Python,How to solve Import Error when no circular dependency exist,0.1514,0.1795
Python,rotating proxies with scrapy with authentication just a noob question but I can't seem to find the answer googling.,0.2599,0.1795
Python,Locate an element and highlight it on the screen I want to make a game in which a child has to locate a letter within a sentence.,0.2865,0.1795
Python,How to fasten VTK add Point Loop (Python),0.0973,0.1795
Python,Pandas Clear Memory,0.0856,0.1795
Python,How can I make an image in pygame have its original opacity?,0.1388,0.1795
Python,Write class attribute to specific part of spreadsheet using openpyxl,0.183,0.1795
Python,Get Dataframe Name fromlist of Dataframes I've created a list of data frames that I'd like to iterate over.,0.2396,0.1795
Python,SQL query returns result multiple times,0.1238,0.1795
Python,Why does my code stop inputting past a certain past?,0.1245,0.1795
Python,Partial Updating MongoDB Document - Mongoengine I want to update part of my mongodb document in Django using Mongoengine rest framework.,0.3076,0.1795
Python,How to convert a string to time in python3 with default values?,0.1482,0.1795
Python,"Python Dash dropdown with many values I would like to insert a dropdown menu for an ""Age"" field in my app going from 0 to 100.",0.2781,0.1795
Python,How to write Regex pattern to select all until certain pattern,0.1534,0.1795
Python,Scikit-learn - What am I predicting?,0.0973,0.1795
Python,Multiprocessing a for loop in Python,0.1087,0.1795
Python,Open image on ftp server with PIL I have many images stored in an ftp server.,0.1735,0.1795
Python,Unable to read json data using python unable to load read json data,0.1572,0.1795
Python,"Value from new window, button, and script to main script/window python+tkinter I have a main script.",0.2254,0.1795
Python,Not able to call a query from Python to Google Big Query and I am getting bad handshake error,0.2099,0.1795
Python,K-fold cross validation with deep learning (Stacked Autoencouder - LSTM) Can I apply k-fold cross-validation on the dataset that contains only one class?,0.3342,0.1795
Python,How to setup the execution environment for the 'Play' button in VS-code,0.1657,0.1795
Python,Apache server is not starting,0.0918,0.1795
Python,"Telegram bot sending error “Something went wrong, please try again” after message",0.2009,0.1795
Python,Converting timeseries data given in timedeltas64[ns] to datetime64[ns],0.1855,0.1795
Python,Adding a Method to an Existing Object Instance,0.1234,0.1795
Python,"BeautifulSoup 'markup' is not defined Following this documentation, I have done everything correctly",0.2507,0.1795
Python,Populate Postgre sql Table without String Queries I want to populate a Postgre SQL table with python.,0.2335,0.1795
Python,Why do I have to use async with when using the aiohttp module?,0.1405,0.1795
Python,How do I mount a host directory as a volume in docker compose,0.1393,0.1795
Python,Faster way of redirecting all requests to sanic?,0.1288,0.1795
Python,Explode the list values in dataframe columns,0.1291,0.1795
Python,Issues installing mypy in VS Code I'm trying to install the mypy linter in Visual Studio Code version 1.53 on MacOS.,0.2585,0.1795
Python,Building and accessing a database runtime,0.1339,0.1795
Python,Passing Django mode l properties to JavaScript with the Fetch API,0.1633,0.1795
Python,"Series Group By vs Data Frame Group By I am new to programming, python and pandas.",0.1854,0.1795
Python,"I have weekly satellite data, but I want to convert it to monthly data. How would I do that?",0.2039,0.1795
Python,how can I see the progress bar of pool.map?,0.0928,0.1795
Python,How to set the return value in joblib's cache explicitly?,0.1347,0.1795
Python,creating new rows from difference of two columns in pandas dataframe I have a data frame.,0.2055,0.1795
Python,Unable to save image from Raspi camera -> cv2.imwrite (Using Jetson Nano),0.172,0.1795
Python,How to show only latest timestamp in x-axis in Python Plotly,0.1407,0.1795
Python,Unable to Connect to Google Colab with Jupyter Notebook from Google Cloud,0.1815,0.1795
Python,How to print the output of flask function in a pop-up box in html?,0.146,0.1795
Python,Using the place method within a scrollable frame,0.1316,0.1795
Python,Python Appends Apostrophe-like Character to String hope you are all well.,0.1796,0.1795
Python,fastest way to find and replace in a large text file (single line file or single string file) in python,0.2303,0.1795
Python,How can I convert an array inside a python dictionary to a tuple?,0.1495,0.1795
Python,Ignore Django Model fields in migrations,0.1289,0.1795
Python,send email verfication link using django-email-verification with celery,0.1936,0.1795
Python,How can I make a Rust struct that modifies its own value in a different thread?,0.1789,0.1795
Python,Find and extract text in email with Python,0.1071,0.1795
Python,Why is my memory growing when using Librosa?,0.1124,0.1795
Python,How to convert custom Pytorch model to torchscript (pth to pt model)?,0.1632,0.1795
Python,Python: how can I pass parameters in def to inputs in pandas loc?,0.1477,0.1795
Python,Python selenium - clicking checkbox that also has a dropdown text,0.1679,0.1795
Python,Page not scrolling with selenium python on ubuntu 20,0.1357,0.1795
Python,How to use selenium IDE in python,0.0797,0.1795
Python,Turtle clear() isn't working on list of Turtle objects,0.1292,0.1795
Python,Getting error at the time of importing numpy library in Python 3.9,0.1542,0.1795
Python,I am getting a type error for this Python program I had to do for a class.,0.1638,0.1795
Python,How to easily initialize array with old array indices?,0.1407,0.1795
Python,"How can I determine whether or not a string variable is located in the middle, beginning, or end of a target variable",0.2605,0.1795
Python,Checking duplicate file version and keeping the latest file with specified pattern only in Python,0.233,0.1795
Python,Django urls.py file article detail path error,0.1194,0.1795
Python,How to send in Telegram Bot html code with tag 'svg' I get a html code with vector picture ('svg' tag).,0.2238,0.1795
Python,I'm getting empty table data by python web scraping,0.1232,0.1795
Python,Merging dataframes with inconsistent data,0.1613,0.1795
Python,How do I render an image based on a variable which contains the image link?,0.1708,0.1795
Python,A tricky question:about pkg_resources.markers(pyinstaller )and SDL.dll(pygame),0.2022,0.1795
Python,Python - Get edge coordinates from network x-graph viz_layout,0.1645,0.1795
Python,Remove non alphabetic characters from a list of sentences in Python,0.1699,0.1795
Python,"Conditional array processing Probably to give an idea of origin of the problem, I should start with that this is a surface diffusion problem.",0.312,0.1795
Python,Import Excel file Python Pandas (File not found) I am trying to use pandas read_excel to create a dataframe.,0.2429,0.1795
Python,Need to get only the mode value without index and data type Python,0.1542,0.1795
Python,How to select at the same time from two Listbox?,0.1104,0.1795
Python,How unsafe can it be to read ot to use a linter of an untrusted piece of code?,0.1728,0.1795
Python,How to sample M times from N different normal distributions in python? Is there a “faster” way in terms of processing time?,0.2721,0.1795
Python,Cannot import numpy library in Python 3.8.0,0.1018,0.1795
Python,Enforce memory use of Dask workers via ulimit I have a bash script to start the Dask scheduler and workers.,0.2409,0.1795
Python,python script to fetch xml data in json using API,0.1162,0.1795
Python,Loop over a list and compare an item in a list to other two simultaneously,0.1696,0.1795
Python,I want to add thickness to a rotating imageat angle 45 or 50 degrees in python,0.1776,0.1795
Python,How to do a multiplication based on a Foreign Key in django,0.1376,0.1795
Python,How can I find the words from a list with an “i” in the second position?,0.1574,0.1795
Python,How can I take bytes array from input() in Python3?,0.1164,0.1795
Python,How to change Labelframe border colors?,0.12,0.1795
Python,pass video data from one python script to another,0.1244,0.1795
Python,Dimension issue with keras concat layer when using tf.Data,0.1479,0.1795
Python,Tensorflow : Resource Exhausted Error,0.1655,0.1795
Python,Changing how highlighted code looks in juypter notebook,0.1602,0.1795
Python,Tweaking dataframe based on comparison between two of the columns,0.1725,0.1795
Python,How to input multiple learning data to model.fit() by tensorflow,0.1558,0.1795
Python,how to plot a single column graph of a CSV file in python?,0.1285,0.1795
Python,Django User.date_joined.date using UTC time?,0.1258,0.1795
Python,WARNING:tensorflow:11 out of the last 11 calls to triggered tf.function retracing Anyone know the reason for this error?,0.2698,0.1795
Python,TypeError: __init__() got an unexpected keyword argument 'feature',0.1909,0.1795
Python,Maya Python: create decreasing joint chain rotation,0.1573,0.1795
Python,convert two columns into dictionary by category python-pandas,0.1696,0.1795
Python,"OpenCV triangulatePoints() getting negative depth, what am I doing wrong?",0.1915,0.1795
Python,Send message with aiogram,0.0937,0.1795
Python,Woocommerce order export API separate rows for each item for the same order Python I have the following code in Python.,0.2675,0.1795
Python,Object creation with tuple unpacking within a list comprehension,0.1809,0.1795
Python,Replacing few characters of string in a Pandas Columns with asterisk,0.1732,0.1795
Python,How to update PyQt progressbar from an independent function with arguments?,0.1943,0.1795
Python,mse and value information in plot_tree from sklearn.tree I don't know what means the mse and value numbers that appear in splits that aren't a final leaf of the tree.,0.365,0.1795
Python,can't compare datetime.datetime to datetime.date in django,0.1479,0.1795
Python,python recordlinkage confusion matrix,0.1769,0.1795
Python,Isolating ProgrammingError in SQLAlchemy I'm trying to debug a problem inserting data into an a Microsoft SQL database.,0.2721,0.1795
Python,Python dataframe to nested json file,0.1087,0.1795
Python,"How do I fill missing categorical variables on a time based axis, after a groupby on a pandas dataframe?",0.2343,0.1795
Python,Django save many to many relationship on custom many to many model,0.1595,0.1795
Python,Changing origin in N-dimension sphere in Box-Muller algorithm,0.1584,0.1795
Python,How to get correct execution time for audio file in Linux,0.1368,0.1795
Python,What is the best way to remove rows in Pandas DF after a certain value?,0.1598,0.1795
Python,Reverse columns of dataframe based on the column name,0.1394,0.1795
Python,How to check if the line of code displays error,0.1092,0.1795
Python,what is pycache folder in flask python?,0.1034,0.1795
Python,SwiftyRSA && Python's cryptography for signature verification,0.1957,0.1795
Python,What is the right way to use the libimobile device python bindings?,0.1608,0.1795
Python,compare string against tuples in list of tuples - python,0.1457,0.1795
Python,Hue on Seaborn Barplot I am looking to plot 'surgeon id' on the x-axis and 'Total Cases' on the y-axis.,0.2255,0.1795
Python,Creating a Python Package That Adds Script to Path,0.1281,0.1795
Python,"Why is Python running my module when I import it, and how do I stop it?",0.1561,0.1795
Python,How to convert multiple timestamps to datetime using the same format for all timestamps?,0.2118,0.1795
Python,Make request with HTTPS proxy in python my VPN provider (NordVP) just closed all the HTTP ports on its proxy servers.,0.2607,0.1795
Python,How mosaic 1000 of rasters in a grid? sequentially by file name?,0.1495,0.1795
Python,Warning has been displayed while using learn.DNN Classifier() in TensorFlow,0.1923,0.1795
Python,How to create a PDF document from scratch in Python,0.1232,0.1795
Python,Convert a list of dictionaries to single dictionary with only selected items,0.1909,0.1795
Python,How to check if a value is in 1 or 2 list-columns with pandas,0.1338,0.1795
Python,Python subprocess export environment variables (which use other environment variable),0.2383,0.1795
Python,MYSQL python list index out of range,0.0931,0.1795
Python,How to check if a variable is a ctypes type?,0.0963,0.1795
Python,Using categorical_crossentropy for a sequence of images,0.1785,0.1795
Python,Django serializer won't save to database,0.1111,0.1795
Python,Reading a docx file from s3 bucket with flask results in an AttributeError,0.1782,0.1795
Python,SQLAlchemy Insert From Raw Text Select Statement,0.147,0.1795
Python,Unable to install proxybroker in PIP,0.1087,0.1795
Python,JSON response is in one line and need to convert to a Dataframe,0.1453,0.1795
Python,To tab a txt file with a python header,0.0829,0.1795
Python,"Drawing an array of shapes using Turtle, but only one showing up",0.1514,0.1795
Python,Create object if form querysets only each have 1 result in Django Create View?,0.1831,0.1795
Python,Google Document AI Invoice Parser: 400 error code I am trying to get a document ai invoice parser to work with python.,0.2628,0.1795
Python,hang issue when connecting to aws using python boto3,0.1357,0.1795
Python,Incrementing variable by 1 when button is pressed,0.1357,0.1795
Python,Python BeautifulSoup unable to find tags under certain levels,0.1696,0.1795
Python,Creating a labelled dataset for Image Classification,0.165,0.1795
Python,Python: How to require an input to correspond with a previous input?,0.162,0.1795
Python,Page not found (Django project) can someone please help with the clone project,0.1866,0.1795
Python,Whats App Web automation for random messages with Selenium,0.1583,0.1795
Python,Getting error while resizing the image and writing it with cv2 package,0.1721,0.1795
Python,How to calculate the average time and fill the nan in another column in python?,0.1819,0.1795
Python,How to compare two dataframe based on column name of the dataframe,0.1595,0.1795
Python,"Using list comprehension, how to take user input until a certain input/stop_word is encountered?",0.2272,0.1795
Python,How to send DirectInput keys to an inactive window in Python,0.1467,0.1795
Python,glTex Image2D data not filled as expected,0.1156,0.1795
Python,the effect of empty lines on training a Fast Text model I am trying to train a FastText model.,0.2111,0.1795
Python,Using tf.time stamp() in the graph in tensorflow v2 I am trying to benchmark specific blocks in my tf model.,0.2397,0.1795
Python,Unable to count objects in image using opencv python,0.1357,0.1795
Python,spyder kernel dies during training I am trying to train an fairly complex GCN network on my 10GB GPU.,0.2282,0.1795
Python,Stream Music from YouTube with Python,0.1137,0.1795
Python,Python How to find connected component starting from specific point?,0.1807,0.1795
Python,Flask Socket-IO emit message after long task I have a Flask server which performs a long task (more than 30s) when it receives a specific request.,0.3203,0.1795
Python,How to get multiprocessing for subtask work with tensorflow-gpu?,0.1667,0.1795
Python,Scatter PlotItem' object has no attribute 'geometry Changed',0.1721,0.1795
Python,Sort numpy 2d array by multiple columns,0.1066,0.1795
Python,increasing dimensions of input for NN I have a NN I built that requires 4 dimensions of input.,0.2129,0.1795
Python,python doesn't run in VSCODE terminal I have an issue with Python in VSCode.,0.1736,0.1795
Python,How to divide all values in nested list by 255?,0.1069,0.1795
Python,AxisError: axis 1 is out of bounds for array of dimension 0 particle swarm optimisation,0.2039,0.1795
Python,Comparing rows in a DataFrame,0.0918,0.1795
Python,Automation Google login with python and selenium shows “”This browser or app may be not secure“”,0.2199,0.1795
Python,Discord command taking an integer or a string in the same argumente I am making a discord bot.,0.2129,0.1795
Python,Cherrypy: How to automatically create a site-map?,0.13,0.1795
Python,How to map dictionary to replace a different column How do I use a dictinoary to replace a different column?,0.2433,0.1795
Python,Split DataFrame by grouping column values in pandas,0.1439,0.1795
Python,Open .exe from python 3.8 main,0.0629,0.1795
Python,How to minimize all open apps using python,0.1071,0.1795
Python,Python: Create list of objects OR Turn string into object,0.1421,0.1795
Python,python regex re.match,0.066,0.1795
Python,Apply a function separately to each row I wrote a small function to generate a random string of a fixed length.,0.2489,0.1795
Python,Is there a way to remove extra spaces/formatting from an input?,0.1482,0.1795
Python,Is there a way to asynchronously wait for a key in redis? Is it possible to asynchronously wait until some key exists in redis?,0.2814,0.1795
Python,Hacker rank string separated challenge,0.1439,0.1795
Python,Nothing is output in python recursive function,0.1381,0.1795
Python,"Optimize python boto3 I'm developing a Python script to process a text file, which reads file line by line, each line will create a new file on S3 bucket.",0.3375,0.1795
Python,Occurrences of value in column x greater than single value in column y - Python,0.1843,0.1795
Python,"how to incrementally increase the values of numbers in an array, across multiple arrays",0.2089,0.1795
Python,ModuleNotFoundError: No module named 'members.urls',0.1728,0.1795
Python,Trying to rotate the text by 90,0.0707,0.1795
Python,How do I pickle a “memoized” Python function?,0.1108,0.1795
Python,Python 3.X | Determining if a coordinate lies inside a rectangle,0.1558,0.1795
Python,out of memory when saving a large string data into a text file using open() function,0.1908,0.1795
Python,Python to start job from where it stopped,0.103,0.1795
Python,How to determine if values in a datetime column are between any pair of datetimes from another dataframe,0.2392,0.1795
Python,Search by ordered username in Django I want to filter users by their username and order them by pertinence.,0.2428,0.1795
Python,Node' object has no attribute 'draw',0.0973,0.1795
Python,logging into moodle using python,0.1091,0.1795
Python,Cannot change dot color despite turtle's colormode() I am studying Python Turtle.,0.1938,0.1795
Python,Python - Dataframe Styling,0.1322,0.1795
Python,azure webapp flask deployement,0.1284,0.1795
Python,Combining sparse and einsum to perform large sparse sum,0.147,0.1795
Python,How can I create a new leaf node from an existing leaf on scikit-learn?,0.1598,0.1795
Python,"ValueError: 21 columns passed, passed data had 20 columns",0.1495,0.1795
Python,How to send OpenCV video feed to Python via virtual camera?,0.1414,0.1795
Python,Creating command say embed on discord.py,0.1111,0.1795
Python,How to set up URL aliases for dynamically created URLs in DJANGO?,0.1545,0.1795
Python,Find ia a strn column is in a list column in the same data frame and create a 3rd column with a value,0.2261,0.1795
Python,"Python - How to make two very similar code blocks one/shorter? Is it possible to reuse a function, for example, to shorten the code below?",0.3011,0.1795
Python,"QisKit: Difference on Statevector / No Difference on Vizualization Why is there a difference in the state vectors, but there is no difference in the visualizations?",0.3579,0.1795
Python,How Can I Solve cv2.draw Contours() Error?,0.0986,0.1795
Python,I am trying to have the computer generate a number in a list for my game but it always malfunctions,0.223,0.1795
Python,"WinError 6, The handle is invalid - When getting UUID",0.1319,0.1795
Python,scrape data from a table that has a “show all” button,0.1194,0.1795
Python,How I can solve this python selenium problem?,0.1165,0.1795
Python,Using a pandas dataframe as an argument when writing function in Python,0.1752,0.1795
Python,Using Django ORM in plain python script / infinite task,0.1419,0.1795
Python,Techniques for increasing arithmetic intensity of elementwise CUDA kernel,0.2148,0.1795
Python,Python list comprehension sometimes slow,0.1555,0.1795
Python,Concatenating two Hex values: TypeError,0.1451,0.1795
Python,Fill a ROOT TTree from an HDF5 file,0.0785,0.1795
Python,Why is 'float' object is not iterable?,0.0924,0.1795
Python,mariadb.InterfaceError: Commands out of sync; you can't run this command now,0.1806,0.1795
Python,TypeError takes 2 arguments Javascript Python,0.154,0.1795
Python,Log Likelihood function for Machine Learning Algorithm,0.174,0.1795
Python,My bot dot he command two times how can i fix that?,0.1106,0.1795
Python,Flask-mail send_async_email() generates an exception and RunTimeError: Working outside of application context,0.2776,0.1795
Python,I cant launch my jupyter lab in my Windows 10 machine.,0.1248,0.1795
Python,"I been trying to run my discord bot, but it fails at bot.run()",0.134,0.1795
Python,Calculating a running average using time-centered “windows” using numpy,0.189,0.1795
Python,Jupyter Notebook Octave Kernel: %1 is not a valid Win32 application I recently started working with Octave on Jupyter notebook.,0.2862,0.1795
Python,Function of a function and checking if true in python,0.1303,0.1795
Python,Why isn't my regex in Python not working properly?,0.1174,0.1795
Python,How to synchronize socket SID on server and client?,0.1294,0.1795
Python,Display image when button is clicked Python GUI,0.1275,0.1795
Python,How to condense rows in Pandas by removing everything between two conditions,0.1909,0.1795
Python,Why won't my Python script run as a windows service?,0.1182,0.1795
Python,How to split a string of multiple words into a list with strings of a certain number of words?,0.2111,0.1795
Python,Why Is Tkinter Outputting Before I Push The Button,0.1281,0.1795
Python,How can I extract all columns and diagonal from a list of lists in python?,0.1681,0.1795
Python,Error when importing a function from another file python,0.1508,0.1795
Python,Intersection of Python dictionary and text file,0.1426,0.1795
Python,Converting R named array to Python I am in the process of converting an R package to Python.,0.2079,0.1795
Python,Calculate mean of selected columns with multileve l header,0.1583,0.1795
Python,Getting TypeError: 'str' object is not callable in iteration time,0.1656,0.1795
Python,Why duplicate columns are created after applying a grouping on multiple columns in pydatatable?,0.2318,0.1795
Python,"I tried to solve Best Sum problem in Python but I am not able to figure out the issue, please suggest what is wrong",0.256,0.1795
Python,Decoding a Program from Stream that contains many Programs using Ffmpeg / VLC Python,0.2046,0.1795
Python,python coding from matlab,0.0937,0.1795
Python,How to output a single print statement out of many and redirect the rest to null in python,0.2042,0.1795
Python,Finding Python base classes with static analysis and JediNote: I don't consider this a duplicate of questions such as List all base classes in a hierarchy of given class?,0.3703,0.1795
Python,can't stop at a breakpoint in Keras iterator.py during augmented training,0.1752,0.1795
Python,Django Custom User with Array of Another Model (Acting like a shopping cart),0.1806,0.1795
Python,using apply and lambda to iterate through a dataframe collecting values,0.1831,0.1795
Python,Exporting the JSON from an API in Python Currently,0.1281,0.1795
Python,How to eliminate redundancy using a function (def)?,0.1353,0.1795
Python,Very nested JSON with optional fields into pandas dataframe I have a JSON with the following structure.,0.2386,0.1795
Python,Most efficient way of testing a value is in a list in pandas I have a dataframe that I have from a csv which I am testing various aspects of.,0.3131,0.1795
Python,pyautogui.write not recognizing,0.1353,0.1795
Python,Custom Gradients in Tensor Flow - Unable to understand this example,0.175,0.1795
Python,How to round of the predicted values based on the Dtype of the column in python?,0.1815,0.1795
Python,How do I create variable variables?,0.0999,0.1795
Python,How to detect source of under fitting and vanishing gradients in pytorch? How to detect source of vanishing gradients in pytorch?,0.2896,0.1795
Python,how do i list existing files in a directory and subdirectories using recursion?,0.1914,0.1795
Python,How to place a PERPETUAL futures market order using python-binance,0.1666,0.1795
Python,Compute math in every element of the list,0.103,0.1795
Python,Sort python array field as date string by date,0.1131,0.1795
Python,"Given a non-empty array of integers nums, every element appears twice except for one.",0.1969,0.1795
Python,Pandas group by cumsum keep columns,0.1037,0.1795
Python,How to check if only one of the argparse parameters exists,0.1401,0.1795
Python,Submitting H-captcha response using Python Selenium but with no submit button,0.194,0.1795
Python,Generated sine wave sounds buzzy or 'square' instead of sine,0.1503,0.1795
Python,Does circuits supported chunked data decoding a web POST?,0.152,0.1795
Python,Splitting large data file in python I output a large array into a text file in python.,0.1948,0.1795
Python,A better way of achieving the same?,0.0854,0.1795
Python,Python Issue with if statements and randint,0.1246,0.1795
Python,Why does it says: 'Klasa' object has no attribute 'ispisi?,0.1365,0.1795
Python,Plot a function of a column with DataFrame,0.1071,0.1795
Python,How to unnest (explode) a column in a pandas DataFrame?,0.1305,0.1795
Python,"Save python results to file I have some python code that returns the results of a url, and I am not sure how to get this to output to a txt or csv file.",0.3387,0.1795
Python,ImDecode with Gif Images I'm getting a none value returned when I try to decode an gif image I've gotten from a URL.,0.2583,0.1795
Python,"I'm Trying to sort pandas aggregation I'm trying to aggregate and sort data from my dataset, but I don't know how to do. Can someone help me?",0.3116,0.1795
Python,"Using Tkinter for a subtitle application, Python",0.1438,0.1795
Python,Using pandas groupby and apply for cumulative integration,0.1684,0.1795
Python,Python POST Request x-www-form-urlencoded received error “Object of type Response is not JSON serializable”,0.2476,0.1795
Python,Is there a Python function which sums all values in an array,0.1407,0.1795
Python,How to migrate sqlite to postgresI have a discord bot which is currently using sqlite as its database.,0.233,0.1795
Python,How to convert a text file to xml using python,0.1057,0.1795
Python,Caught in a Python infinite loop I am trying to write a program to play 100 games of Craps and print out the overall results.,0.2777,0.1795
Python,Optimising an iterrows loop with multiple column references in Python,0.1865,0.1795
Python,Export to image not pdf in python PyPDF2 package,0.1206,0.1795
Python,"Calling a @class method in a child class give a 'TypeError: super(type, obj): obj must be an instance or subtype of type",0.2625,0.1795
Python,How do I run expit function on an array on a GPU?,0.1043,0.1795
Python,Pandas df.isna().sum() not showing all column names,0.1218,0.1795
Python,How to create regex where there can be specific char between characters in pattern and I have one “wildcard” char?,0.2553,0.1795
Python,Retrieving multiple pinned messages with Telethon,0.1742,0.1795
Python,python: Show numpy padded image by opencvIn opencv in python I loaded an black and white image.,0.2167,0.1795
Python,Importing Python module stops working after deploying Flask App to Heroku,0.1898,0.1795
Python,X Path select until next tag,0.0684,0.1795
Python,How to find time format in a text?,0.0716,0.1795
Python,"Read txt file by chunks with pandas Pandas gives you the feature of reading CSV and SQL queries by chunks, how could I do that with .txt files?",0.3142,0.1795
Python,Video Classification in Keras frame wise,0.1289,0.1795
Python,Python Django website not showing on Ubuntu like on Windows,0.1514,0.1795
Python,Uninstalled opencv-python but still able to import cv2. How is this possible?,0.1836,0.1795
Python,While loop not working properly in tkinter window,0.1357,0.1795
Python,How to send the object is and get the corresponding page number where that item exists in Django Rest Framework pagination?,0.2768,0.1795
Python,Is there any way to stream live audio for speech recognition in AGI python?,0.1745,0.1795
Python,how to plot 3D linear regression i like to plot 3D linear regression surface,0.179,0.1795
Python,regex module errors out when trying to install other module nltk,0.16,0.1795
Python,"OSError: [Errno 0] JVM DLL not found:I'm trying to use KoNLPy (a Python package for natural language processing (NLP) of the Korean language, you can find it",0.34,0.1795
Python,Column/Row Dataframe Comparison using Python Pandas Schema,0.1725,0.1795
Python,Sendgird Web API python example code not working: 401 unauthorized,0.1737,0.1795
Python,"Pytest mock pandas get_csv with chunksize Does anybody know how to mock a pandas read_csv function with pytest, when it is using the chunksize parameter?",0.337,0.1795
Python,ValueError: Unknown label type: 'unknown' - sklearn,0.1615,0.1795
Python,Two html forms on one page in Flask I have this two form tags which are on the same website.,0.2052,0.1795
Python,Data Augmentation to increase the dataset size,0.1381,0.1795
Python,How to run ABAQUS python script from Visual Studio Code?,0.1385,0.1795
Python,Migrate huge database from sqlite to Redis with Python I have an SQLite database (16G).,0.2009,0.1795
Python,How to access values in a class?,0.0719,0.1795
Python,How to fix “_tkinter.TclError: couldn't open ”Island1.png“: no such file or directory” error?,0.2076,0.1795
Python,Why is my pandas dataframe only showing results for one dataset?,0.1579,0.1795
Python,Python function which writes an output txt file with specific information about original text,0.2277,0.1795
Python,Importing Excel Pivot tables' cache to pandas I have 1000+ excel files containing only a pivot table.,0.2308,0.1795
Python,pandas dataframe how to unmelt column,0.1137,0.1795
Python,Python code to calculate distance between 2 zipcodes?,0.1492,0.1795
Python,Creating a list with input from askopenfile() from tkinter I am having a problem creating a list with askopenfile() with a password file.,0.3014,0.1795
Python,how to save previous frame in an array and compare it with current frame in python,0.1883,0.1795
Python,"Python VLC only works in python shell I wanted to make a music player, and I'm playing the audio files via the vlc module.",0.2703,0.1795
Python,Get all models by name in Bokeh 2.2.3 Is there a way to get all models in curdoc() by name without specifying the name?,0.2633,0.1795
Python,Invalid element errror within intermediate structure in GEKKO,0.1847,0.1795
Python,"pass a string as argument in instance of a class, should have method that take string as an arg and perform according to instance.",0.2879,0.1795
Python,How to efficiently develop a Tkinter GUI?,0.1124,0.1795
Python,join dataframes and create a multi index suppose I have 2 dataframes of the same shape.,0.2002,0.1795
Python,How can I navigate to the next page through Selenium in Python?,0.1482,0.1795
Python,tesseract doesnt recognize individual text segments after whitelisting I have an image I want to extract text from using tesseract and python.,0.3184,0.1795
Python,Sorting a Python list by part of string representing the date,0.1501,0.1795
Python,Find the highest high 5 Dates back How can I store the highest high and the lowest low from the last 5 days (Dates) in a variable?,0.2869,0.1795
Python,"Currency converting issue I am facing now I was trying to print the output under the 2nd for loop (enter the amount Of $20: ...), but I am getting 0. How to fix this issue?",0.3709,0.1795
Python,How to read a fixed-width file where the width of the last column is variable (ragged) using pandas?,0.2234,0.1795
Python,trying to parse data from html with python but don't know how to proceed after getting table row element,0.2349,0.1795
Python,Number of combinations of n terms Is there an algebraic formula to tell me the different combinations of n temrs?,0.2552,0.1795
Python,How to find if two numbers vary a certain amount in python?,0.1357,0.1795
Python,How to make google chrome understand Flask api argument?,0.1482,0.1795
Python,Issue with updating a dictionary in for loop (not unique) I have an issue with populating a dictionary from the database.,0.27,0.1795
Python,Concatenate multi index What's the simplest way to merge 2 dataframes on both region and date?,0.2154,0.1795
Python,404 error when trying to display the sql table content in the HTML webpage using Python flask,0.2142,0.1795
Python,No buttons are appearing when they are supposed to appear - django template language,0.2046,0.1795
Python,How to create a 1-D range tensor when dimension is Unknown?,0.1357,0.1795
Python,Converting the spectral axis of a FITS file using spectral_cube,0.1654,0.1795
Python,How to download web table using Python or R script,0.1197,0.1795
Python,Single Positional Indexer is out of Bounds,0.1201,0.1795
Python,How to replace values in Pandas Dataframe in a loop?,0.1245,0.1795
Python,ODOO XMLRPC calling custom method which create a record on the same model ODOO(V11),0.1929,0.1795
Python,Check if number exists in sublist and return indexes of sublist in python,0.1752,0.1795
Python,How to add HTML Style Email in SMTPlib Python,0.1093,0.1795
Python,How to change default Flask port to 3000?,0.1002,0.1795
Python,How to HTTP Coding.EnCode in python,0.0887,0.1795
Python,How do i use Crisp variables in skfuzzy python library?,0.135,0.1795
Python,Hello I was confused about this code because purely from a technical stand point it should work,0.2193,0.1795
Python,How do I parse the CATEGORIES component of an iCal calendar file in Python,0.1733,0.1795
Python,How to automatically set a foreignkey that cannot be edit for users djangoI would like an advice.,0.2232,0.1795
Python,Django rest-framwork [views]: users can update only modules they created,0.1803,0.1795
Python,Sharing data between modelsI am working on a Flask project.,0.1491,0.1795
Python,numpy get values in col2 given an array of values matching col1,0.1501,0.1795
Python,Parallelly looping over different lengths,0.1613,0.1795
Python,Am using drf-spectacular for my Django rest api documentation am getting below error when i am trying to over SPECTACULAR_SETTINGS in setting.,0.3165,0.1795
Python,Unable to read a word from PDF and Highlight,0.1055,0.1795
Python,"Disable sys.stdout, err, .. to print in terminal?",0.1186,0.1795
Python,Run python as root using cap_sys_admin capability linux,0.1602,0.1795
Python,How can I pass a response to my parse function?,0.1069,0.1795
Python,Interactive Choropleth Map Using Python I found a code for creating the worldmap that uses the shape file,0.2417,0.1795
Python,How to correctly display plotly density_mapbox?,0.1603,0.1795
Python,C# communication with Python - No connection could be made because the target machine actively refused it,0.2453,0.1795
Python,Why my “networkx” plot is inaccurate and does not visualize my input data?,0.1729,0.1795
Python,For some reason my python code is skipping a certain part of code (pygame),0.17,0.1795
Python,How to retrieve an object with generic relation (ContentType) in Django,0.179,0.1795
Python,how to install tensorflow wheel on github for non avx supported CPU,0.1627,0.1795
Python,python - how to map array of integer to another integer,0.1327,0.1795
Python,How to add a condition in template to detect super user is the same as post author,0.1858,0.1795
Python,Python/Discord.py - How do I stop all running code but not stop the program?,0.1706,0.1795
Python,how to detect shapes in multiple camera streams with python?,0.1526,0.1795
Python,Allow multiple GET requests to a Flask server that runs a node.js script,0.1675,0.1795
Python,how to calculate inverse square root of a square matrix,0.1373,0.1795
Python,Clarification of axis used for min/max scaling for data,0.1373,0.1795
Python,Dictionary not appending to list,0.1091,0.1795
Python,Regex - remove everything before and include the current criteria,0.1796,0.1795
Python,Python Multiprocessing with limited resources,0.1844,0.1795
Python,problem in downloading spacy.load('en_core_web_sm') when running in pychram,0.2008,0.1795
Python,How to optimise multi dimension numpy array calculation?,0.1615,0.1795
Python,Keras: CNN - Conv2D incompatible input shape,0.1376,0.1795
Python,CREATING A REACTION TIME TEST GAME IN PYGAME I am trying to create a reaction time test game in python using pygame for gui.,0.2757,0.1795
Python,What makes function composition so powerful?,0.1452,0.1795
Python,Fields “Created” and “Modified” in Document Properties (PDF) were not displayed,0.1972,0.1795
Python,multiprocessing result to list I want to let my results of the multiprocessing to 2 lists how could I do that.,0.2466,0.1795
Python,"How to use Selenium on Edge HTML, when having Web Drivers in other location?",0.1757,0.1795
Python,Random Tkinter window placement not working,0.144,0.1795
Python,Discord.py play local files on multiple server I have recently been writing a Discord bot recently which plays local mp3 files.,0.2843,0.1795
Python,How to select a tag,0.0338,0.1795
Python,How can I make an android application using Pydroid 3?,0.1315,0.1795
Python,Navigate from one bootstrap modal to another within same page with Flask,0.1783,0.1795
Python,Pandas Merging 101 How to perform a (INNER| (LEFT|RIGHT|FULL) OUTER) JOIN with pandas?,0.1936,0.1795
Python,Huggingface Transformer Priming,0.1915,0.1795
Python,"Passing in a string instead of a file_location into a function I am using a library that has a function like the below, where it expects a file location.",0.3358,0.1795
Python,How to reset row's value in Pandas for a dataframe?,0.1149,0.1795
Python,How to understand Shapley value for binary classification problem?,0.1859,0.1795
Python,PyAuto GUI importing and then showing syntax error,0.1398,0.1795
Python,Is there a way to execute a particular function every time the number of my unread emails changes?,0.2229,0.1795
Python,How to compare that all rows match between two dataframes on a subset of columns?,0.1874,0.1795
Python,"Scale data range from [0,1] to [-1,1] in pandas I have a dataframe with multiple float columns.",0.2076,0.1795
Python,ValueError at /cart/ Cannot assign “'admin'”: “CartItem.user” must be a “User” instance I get ValueError when i try and save an object,0.2888,0.1795
Python,How to properly import datetime module into a jupyter notebook?,0.1632,0.1795
Python,"Discord py Music bot gives error AttributeError: 'NoneType' object has no attribute 'play' I cant get my discord music bot to work, here is my code to run it.",0.342,0.1795
Python,Giving list of parameters in Payload I wanted to ask if there is a way to give a list of items for a certain parameter in the Payload.,0.2974,0.1795
Python,IndexError: list index out of range in model.fit(),0.1206,0.1795
Python,Matplotlib: How to plot labelled line graphs of dictionary pairs?,0.1679,0.1795
Python,Using Python Selenium to test OAuth2 redirect to custom URI scheme - console log not present in headless Chrome,0.2542,0.1795
Python,Loop over 2 pandas Dataframe columns,0.1087,0.1795
Python,Adding a depencency to setup.cfg I'm trying to build a Django reusable app.,0.1708,0.1795
Python,TypeError running yolact's train.py,0.1037,0.1795
Python,Getting coefficients of terms in Sympy equation I have the following code.,0.1827,0.1795
Python,Extract href link from html in python,0.0976,0.1795
Python,in odoo 14 how i can search part of string within a field value,0.1417,0.1795
Python,Delete same name but similar address in csv,0.1112,0.1795
Python,Tensorflow Prune Layer Not Supported I am trying to prune a model in tensorflow but coming across an error I don't know how to tackle.,0.2968,0.1795
Python,Does manually collecting garbage affect the automatic periodic collections?,0.2198,0.1795
Python,Performing Dickey-Fuller test in Python,0.1238,0.1795
Python,How to get count of categorical variable in pandas?,0.1294,0.1795
Python,Django: saerializer.save() not passing argument from url parameter with ValueError: Cannot assign “1”: “Comment.blog” must be a “Blog” instance,0.3124,0.1795
Python,PySide2 QMainWindow() fails to render after bundled within PyInstaller,0.1985,0.1795
Python,Cannot import name 'keras_tensor' from 'tensorflow.python.keras.engine' despite proper versioning,0.2492,0.1795
Python,Get order parameters from Python-Binance,0.1289,0.1795
Python,Python script to copy-paste range of cells in Excel files I'm trying to copy a range of columns starting in cell A2 from one Excel file and pasting into another Excel file.,0.3776,0.1795
Python,Not able to print global variables I am not able to print the final statement after the function is called.,0.2409,0.1795
Python,How to convert User object to Discord Member object when having the ID,0.1662,0.1795
Python,Efficient communication between Arduino and Raspberry Pi (Serial),0.1954,0.1795
Python,make bot play youtube videos in voicechat discord.py,0.1357,0.1795
Python,slelnium python : clicking a dynamic object/element which has no id or name,0.1776,0.1795
Python,How to find most optimal number of clusters with K-Means clustering in Python I am new to clustering algorithms.,0.2528,0.1795
Python,ValueError raised for a self structured LSTM model,0.1398,0.1795
Python,Looping list of dictionaries and compare any matched values in other list,0.1815,0.1795
Python,"Getting HTTP500 error in datapusher due to “Error - <class 'sqlalchemy.exc.TimeoutError'>: QueuePool size 5 overflow 10 reached, connection timedout”",0.3306,0.1795
Python,What is wrong with my if statement in this multiplication test generator?,0.1796,0.1795
Python,"Masking of MRI in PythonI have two images, one is a binary dicom/nifti and one is an original dicom/nifti",0.2349,0.1795
Python,Dynamic programming - number of possible passwords I have a question a dynamic programming problem.,0.24,0.1795
Python,Efficient and cleaner way of assigning values,0.1336,0.1795
Python,It is necessary to calculate the sum of the digits on the even positions.,0.1688,0.1795
Python,Element-wise multiplication of different .loc regions of same size in pandas returns NaN's I have a Dataframe,0.2477,0.1795
Python,Insert a new column in pandas with random string values,0.1373,0.1795
Python,Unable To Multiply Two Dataframes in Pandas Based On Common Index,0.1633,0.1795
Python,Why is my asynchronous code not returning Javascript rendered redirected URL in Python?,0.2153,0.1795
Python,Can i use an external program to run custom scripts in google sheets? TLDR; Can a .py script run a Google Apps Script?,0.26,0.1795
Python,How can i print number of times each alphabet occurs in the string?,0.1555,0.1795
Python,Matplotlib remove line on click I'm trying to write something that lets me remove lines by clicking on a matplotlib plot.,0.2706,0.1795
Python,Run a command on cell-return in Jupyter Notebook/Lab I'm trying to make a visualization infrastructure,0.2342,0.1795
Python,How to read .net file downloaded by urllib3?,0.1096,0.1795
Python,"Heroku git master push I'm new to heroku, but I've been following the documentation to the letter.",0.2197,0.1795
Python,Pandas Python Add Rows Based on the below condition,0.1319,0.1795
Python,Selenium run very slowfrom selenium import webdriver,0.165,0.1795
Python,"Removing ' ' and [ ] from list I was tasked to take and remove the ""and"" from in between the ""guardians"" key within a dictionary.",0.2764,0.1795
Python,How to roll n dice I have been looking on stack and spend several hours browsing to try and solve this.,0.2303,0.1795
Python,Tor active link status checkerBelow is the code it's giving an error,0.1602,0.1795
Python,"Sorting values in plt.bar I have been looking around the net for hours now, and have not been able to solve this problem, and hope some of you can help.",0.3344,0.1795
Python,MATPLOTLIB: How can I align my two X-axes?,0.0929,0.1795
Python,How to apply/implement Dynamic Time Warping (DTW) or Fast Dynamic Time Warping (FastDTW) in python between 3 or more signals?,0.2771,0.1795
Python,Selenium parsing https://myip.msWriting a parser for https://myip.ms I can't register.,0.1951,0.1795
Python,Django Views redirect('homepage'),0.1321,0.1795
Python,Unable to extract coordinates from twitter API,0.1381,0.1795
Python,"If the name of the main file in my project is changed from main.py to something else, will it make any difference?",0.2531,0.1795
Python,Generating a numpy array with cumulative slices,0.1426,0.1795
Python,Calling a function in a separate file with parameters defined on the initial one,0.1905,0.1795
Python,"Table in Matplotlib hiding values I'd like to show the values in the table but they are hidden somehow, how do I make them appear again?",0.3003,0.1795
Python,I need to plot grouped data using matplotlib or seaborn I am trying to plot countries departments and their sales.,0.2576,0.1795
Python,Missing Positional Arguments,0.165,0.1795
Python,How can I make a restart command for my discord.py bot?,0.1231,0.1795
Python,passing param to asyncio.run() function via command line,0.1457,0.1795
Python,Regression method with high precision I would like to ask suggestions for my data set.,0.2012,0.1795
Python,G Zip and output file,0.0454,0.1795
Python,Cannot find the file in the system,0.0842,0.1795
Python,pip Installation error for dash in Python 2.7,0.1093,0.1795
Python,serce user on postgres container,0.1091,0.1795
Python,How to make a simple POST function with flask?,0.1105,0.1795
Python,Send post request with multiple data files and strings in python script,0.1752,0.1795
Python,python plugin for freeradius can't seek Crypto library,0.1432,0.1795
Python,How to use a Tensorflow (python) custom layer with only one trainable variable?,0.1879,0.1795
Python,Python Selenium text extract list output from for loop,0.1432,0.1795
Python,NGROK returning error 401 to slack making POST request,0.1432,0.1795
Python,str' object is not callable for os.path.sep(),0.1017,0.1795
Python,Calculate number of items in one list are in another Let's say I have two very large lists (e.g. 10 million rows) with some values or strings.,0.312,0.1795
Python,Can I use one pandas table as a mapping table for another?,0.1325,0.1795
Python,"How can i do inheritance with three levels (father, child, grandchild)",0.1716,0.1795
Python,Cannot uninstall Anaconda via any installer I cannot uninstall Ananconda due to this error,0.2191,0.1795
Python,Write a Pandas Series out of certain csv file columns,0.1303,0.1795
Python,pygments dosen't refresh content of file correctly,0.1398,0.1795
Python,How to make gremlin_python Driver Remote Connection to have timeout and retry limit for each submit?,0.2348,0.1795
Python,Replacing the model in PreSumm with Legal Bert,0.1234,0.1795
Python,Compare two dataframes based on two numeric columns and find rows matching within a numeric threshold of eachother,0.2643,0.1795
Python,ArcPy Append Error: Object: Error in executing tool,0.1382,0.1795
Python,Unable to display contents of uploaded file on html page using flask,0.1658,0.1795
Python,Is the order of publication in a “multiple” call guaranteed?,0.1481,0.1795
Python,"Python-Heroku - aiohttp 3.7.3 has requirement chardet<4.0,>=2.0, but you'll have chardet 4.0.0 which is incompatible",0.2544,0.1795
Python,"ScannerError: mapping values are not allowed here in “config.yaml”? I want to configure a yaml file for all project configuration, but this below file I am not able to read/parse it?",0.3925,0.1795
Python,Issue with Plot Curve Item and Set Log ModeI tried to implement click able multiple plot with logarithmic scale.,0.255,0.1795
Python,Python's pack/unpack in .Net Is there any function equivalent to Python's struct.pack and struck.unpack in C# that allows me to pack and unpack values like this?,0.3521,0.1795
Python,How to get response from SOAP service with Zeep Python,0.1338,0.1795
Python,Implementation of ResNet 101 not possible,0.1339,0.1795
Python,Pipenv not creating Pip file and not creating environment in right location,0.1878,0.1795
Python,How to add an index of a data frame between existing indexes in pandas?,0.163,0.1795
Python,pyspark dataframe doesn't change after some processing,0.1561,0.1795
Python,How do I specify areas of 0 probability in a contour plot produced from a Gaussian process classifier?,0.233,0.1795
Python,"Python, VTK and GIL release I'm trying to parallelise processing of large datasets in VTK using its Python interface.",0.2636,0.1795
Python,Can't generate and use a value of some token within headers on the fly,0.1586,0.1795
Python,Drop Indexes with Nulls in Column in Pandas,0.1112,0.1795
Python,How to get exception in custom handler 500?,0.1083,0.1795
Python,How to reset cool down of a command discord.py,0.1057,0.1795
Python,Automation email with python.,0.1157,0.1795
Python,"Python, load RSA-256 public key into code",0.1002,0.1795
Python,Implementing a CRC algorithm,0.1145,0.1795
Python,Unable to locate element 'username' while logging in Instagram with Selenium hosted on Heroku,0.2245,0.1795
Python,TypeError: 'UnboundField' object is not callable with Flask,0.168,0.1795
Python,Generate a public key with a predefined modulus and exponent (strange values),0.1902,0.1795
Python,AttributeError: 'DummyVecEnv' object has no attribute 'shape',0.1892,0.1795
Python,"Finding probability of mean falling within a range - Python, matplotlib I am new to matplotlib and statistics.",0.2527,0.1795
Python,Using a dataclass to read a text file setting an attribute to be a datetime object,0.1883,0.1795
Python,Can I create random x and y coordinates for a button - Tkinter Python,0.1597,0.1795
Python,Pytorch RuntimeError: The size of tensor a (4) must match the size of tensor b (3) at non-singleton dimension 0,0.2445,0.1795
Python,how can I handle my python errors in node server (HeartBeat),0.1426,0.1795
Python,Build siamese network with two inputs as a string I'm trying to build a siamese network that receives two input strings.,0.2684,0.1795
Python,Is there a way to port this shell code to python?,0.1083,0.1795
Python,Exception when trying to get all buckets in my IBM Cloud Object Storage,0.1692,0.1795
Python,Unable to locate element: //input[@name=“session[username_or_email]”] using python,0.214,0.1795
Python,Sampling from a matrix of discrete probability distributions in Python without a loop,0.2111,0.1795
Python,What does the `in` operator in Python use for comparison?,0.1375,0.1795
Python,"Filter API Get in Python I'm using Python to do some data cleaning/task automation, but am having a hard time reading in data through an API with multiple conditions.",0.3627,0.1795
Python,How to make a working introduction feature in my discord.py bot?,0.1514,0.1795
Python,How to get pandas table on Py Simple GUI?,0.0917,0.1795
Python,How to mock an mutation argument in Django?,0.1083,0.1795
Python,"Get entry of python Combobox and work with that data I built a program around two Comboboxes, where users can enter a number.",0.2776,0.1795
Python,Add a column to a dataframe based on another column dealing with multiple occurrence,0.2019,0.1795
Python,Error on Python Selenium (find_element_by_xpath) I am trying to write a list of code to automate my daily file downloading process.,0.2932,0.1795
Python,How to upload file with python requests?,0.1079,0.1795
Python,Including flask-marshmallow causes failure,0.1671,0.1795
Python,Python - Speeding up imports from CSV files with unknown columns to database,0.1871,0.1795
Python,Automatically playing next song in queue - discord.py music bot,0.1609,0.1795
Python,Assign and use variables with the same condition without getting a warning,0.1846,0.1795
Python,How to fix import sibling packages/modules in Python?,0.1369,0.1795
Python,Table doesn't show on pdf report lab,0.0826,0.1795
Python,All possible combination of pairs + 1 triple group from an odd list?,0.1601,0.1795
Python,django python has_change_permission for handling DATA_UPLOAD_MAX_NUMBER_FIELDS I have a questions related about Django Python,0.3194,0.1795
Python,How to format a 2d array to fit a Soduku board from an input file.,0.146,0.1795
Python,DataFrame filtering,0.157,0.1795
Python,tkinter option menu keyerror on first 2 options,0.1275,0.1795
Python,Disable echoing the selected code in Spyder I python console,0.1549,0.1795
Python,Find intersection of words from two list of strings,0.1319,0.1795
Python,"How to Access google sheets offline with python Actually I'm doing a attendance management system which gets the users Id, in time and uploads it to google sheet.",0.354,0.1795
Python,Subplots with different Scale X Axis I want to create a plot combining a bar chart with a line graph.,0.2266,0.1795
Python,Wait for in discord.py I am making a calculator command and I made this code,0.1723,0.1795
Python,Python web-scraping countdown timer values,0.1389,0.1795
Python,Get parsed entries for Distribution/module metada from PKG-INFO (Python pkg_resources),0.2185,0.1795
Python,R and/or Pandas-Python Function to Create a New Variable Based on Conditions if a Different Variable,0.2292,0.1795
Python,How to upload data file to a Heroku-deployed Dash web app,0.1313,0.1795
Python,Queuing tasks with prioritization rules,0.1497,0.1795
Python,Shell script to remove duplicate lines from a file,0.1281,0.1795
Python,how to wright Adobe I llustrator Script changes special words text style to Bold,0.1905,0.1795
Python,how to install catboost-0.14.2-cp36-none-manylinux1_x86_64.whl wheel file on Mac Terminal?,0.2082,0.1795
Python,Python Pingouin Wech ANOVA: indexer is out-of-bounds,0.1331,0.1795
Python,classification report in machine learning sklearn,0.1742,0.1795
Python,I receive an error decimal.Invalid Operation when converting a currency,0.1831,0.1795
Python,Why is param moveY not apearing?,0.0848,0.1795
Python,I cant run Python file on Ubuntu,0.0752,0.1795
Python,"Change image interleave to BIL I am working with AVIRIS Classic data which has an interleave of BIP, or Band Interleaved by Pixel.",0.2888,0.1795
Python,The problem in craw l the every next page using beautifulsoup and webdriver,0.1812,0.1795
Python,"Attempting to connect classes, where one class has a list the other class",0.1734,0.1795
Python,Is a Function Object a built in class type in Python?,0.1215,0.1795
Python,Convert 16 bit PCM data into numpy array of amplitudes I may not be using the right terminology here.,0.2282,0.1795
Python,"CRITICAL] [Clock ] Warning, too much iteration done before the next frame",0.1794,0.1795
Python,Pasting link from clipboard to next window as a URL I want to copy and paste clipboard link to newly opened browser tab.,0.2674,0.1795
Python,Create new column into dataframe based on values from other columns using apply function onto multiple columns,0.258,0.1795
Python,"Selenium, Scrolling through a dynamic div that change while scrolling",0.1843,0.1795
Python,Python: Generate a new unique filename from a given filename,0.1526,0.1795
Python,How can i make two numbers 9 and 3 as special Number in Python?,0.1401,0.1795
Python,Programming a Discord bot in Python- How do I make an embed have a random color?,0.1801,0.1795
Python,Is there a way to sweep through floats in python using a for loop?,0.1487,0.1795
Python,Problem when importing modules when files are at different folders,0.176,0.1795
Python,"crontab some commands works, others do not",0.1168,0.1795
Python,Times tamp format not being matched in pandas to_datetime format specifier,0.1931,0.1795
Python,Learning Web services using Python - data retained between sessions I am taking a class to learn Rest APIs using Python.,0.2696,0.1795
Python,How to disable TensorFlow GPU?,0.093,0.1795
Python,discord.py - “member” argument always returns a string even when using the converter discord.,0.2196,0.1795
Python,Building wheel for pyradiomics (setup.py) … error,0.1385,0.1795
Python,"How to load a list, add an element to it and then store it again?",0.1417,0.1795
Python,How can I add One class's 2 objects and output as combined?,0.1315,0.1795
Python,Syntax error after restarting script from within itself,0.1602,0.1795
Python,My bot wont run the on_message/on_ready event properly,0.1432,0.1795
Python,"in Python 3, variables of variable type and variables of immutable type",0.1733,0.1795
Python,How to replace string with values from one datafame to another dataframe,0.1783,0.1795
Python,Text don't appear on kivy I'm trying to make an app on kivy but the labels aren't showing up when I use the apk on my phone,0.2778,0.1795
Python,Permission error when I tried to move the files to different location I'm doing a project and I'm having problems moving files into different subfolders.,0.3365,0.1795
Python,Printing from Nested Dictionaries,0.1491,0.1795
Python,OpenCV Stereo Fisheye calibration I work with an Insta 360 Evo.,0.1546,0.1795
Python,Python column groupby and split,0.1033,0.1795
Python,"Code for waiting my previous condition for 2 minutes if not work , then raise an error message using python",0.2416,0.1795
Python,Print numbers in a string in specific format using python,0.1443,0.1795
Python,Plotly Dash - Pattern Matching Callbacks Not Working Properly,0.179,0.1795
Python,variables changing after a function call in python,0.1398,0.1795
Python,Django List View Multiple Pagination in Same Page,0.1357,0.1795
Python,ResNet preprocessing function not implemented?,0.1857,0.1795
Python,How to kill a process using process name in python script,0.1368,0.1795
Python,"Page not found (404) Request Method: GET … the current path, blog/blogpost, didn't match any of these",0.2229,0.1795
Python,Creating a nested dictionary by adding elements from a list,0.1514,0.1795
Python,Django Template Syntax error: Could not pass the remainder,0.1558,0.1795
Python,"Make front end GUI for windows desktop appIm currently coding in python , and made 3 projects in tensorflow and openCV.",0.2672,0.1795
Python,how to display Time according to user location,0.1234,0.1795
Python,Plotting a curve that is fed by a function,0.098,0.1795
Python,"How to generate a range of random numbers in python without repetition I would like to generate random numbers in the range (0...""MAX"").",0.2963,0.1795
Python,[pandas] Is there anyway to calculate cumulative trave l distance faster or simpler,0.2016,0.1795
Python,Formatting Axes of Binned Temporal (Continuous) Bar Graphs,0.1668,0.1795
Python,"for statement from dictionary, python Basically, I am new to programming and I sign up for a python course.",0.2404,0.1795
Python,How can I load a .dat file (that is comma separated) in python?,0.1382,0.1795
Python,Randomize 2 numpy arrays the same way,0.0976,0.1795
Python,Time line of events — setting annotation location I'm trying to adapt the code presented here to better fit what I need.,0.2663,0.1795
Python,Not getting all cookies from Javascript site (python) I am trying to make a program that checks for ski lift reservation openings.,0.2891,0.1795
Python,Website slightly changing its UI when accessing from selenium - Chromedriver,0.2066,0.1795
Python,"Unkown Column error on django admin, how to fix it?",0.1187,0.1795
Python,Sort a list of tuples according to the 2nd value of the tuples,0.1423,0.1795
Python,Split value in pandas dataframe,0.1033,0.1795
Python,"Is there any better algorithms to compare each image, with other images within the folder?",0.2107,0.1795
Python,In python how would you create two columns that iterate into eachother?,0.1733,0.1795
Python,How to remove HTML tags from chatter in Odoo?,0.1068,0.1795
Python,How to infer Schema while pulling data from Salesforce object,0.1584,0.1795
Python,"how to get excel particular cell value for in while loop I am new with python and pandas, I have a text file (data.txt) in which ""content"" is like.",0.3213,0.1795
Python,How to pass files from a certain path to certain function using for loop (python),0.1859,0.1795
Python,"Why does this function print the result, but return none?",0.1398,0.1795
Python,Why list data turned to str in form validator in Django?,0.1314,0.1795
Python,How to change character to ASCII in python without ord(),0.1363,0.1795
Python,Python Selenium clicks links if contain some specific 'words',0.1645,0.1795
Python,Subset df by last valid item - pandas I'm trying to subset a df using a last specific value.,0.2039,0.1795
Python,python crash course chapter 9 problem with class,0.1316,0.1795
Python,"Labelling duplicates in PySpark I am trying to label the duplicates in my PySpark DataFrame based on their group, while having the full length data frame.",0.3382,0.1795
Python,How to change the order of os.walk() output?,0.0979,0.1795
Python,Python socket chat server only listens to one client Hi I am working on a self made chat server using python and sockets.,0.2697,0.1795
Python,Anaconda Gstreamer Gst packge lacking “jpegenc” I have recently been working with gstreamer in python.,0.2423,0.1795
Python,Convert numpy uint8 array to string,0.1037,0.1795
Python,Programming a Discord bot in Python- How do I make it recognize when a message contains only one letter?,0.2343,0.1795
Python,Reingold Tilford layout with a Python Network X graph,0.1394,0.1795
Python,Issue in reading array of file list in python,0.1093,0.1795
Python,python postgre sql - cannot be referenced trying to do a basic insert of some values in a table called source.,0.2458,0.1795
Python,flask app builder user should see only own content Hi i want that the user is only seeing it's own content which was created by themself.,0.3032,0.1795
Python,Adjusting LDA hyperparameters in SciKit learn or Gensim (Python 3)?,0.1727,0.1795
Python,tkinter creating buttons in for loop passing command arguments,0.1734,0.1795
Python,how to apply if else to result of an operation on dataframe pandas,0.1542,0.1795
Python,“There's an error in your program: EOL while scanning single-quoted” python 2.5 need help to solve this code,0.2397,0.1795
Python,How to stop limit of channel.purge decreasing when check returns false?,0.1733,0.1795
Python,"Pandas DataFrame call inside apply the same Dataframe with conditions on cuurent rows , how about performance?",0.2586,0.1795
Python,Input does not check for first loop when 3rd loop is executed?,0.1451,0.1795
Python,requests.exceptions.HTTPError: 401 Client Error: Unauthorized for url I was trying to download a file from my confluence page using atlassian and request module.,0.3533,0.1795
Python,How to use fake headers,0.057,0.1795
Python,How to aggregate distinct items in mongo db to separate array?,0.1513,0.1795
Python,How to use a negative np.array for a scatter plot?,0.1116,0.1795
Python,Problem with Heatmap plotting by folium.plugins,0.1426,0.1795
Python,Chrome default profile opened with python wont get website,0.1583,0.1795
Python,<Response 500> POST REQUEST I want to pass through a button a parameter which is its input value and save it in the data base.,0.278,0.1795
Python,Passing datetime 64[ns] from pandas' data frame as an argument to a function,0.1757,0.1795
Python,The JSON value could not be converted to System.,0.1181,0.1795
Python,"hello,PLease help me with txt.in Python",0.0948,0.1795
Python,python comparing two lists and retaining second list index,0.1583,0.1795
Python,Creating a visual coordinate system for a 5 DOF robotic arm endeffector,0.1752,0.1795
Python,FastAPI: datetime with timezone in request doesn't workfrom fastapi,0.1772,0.1795
Python,Dask.Series .mean().compute() results in “TypeError: _sum() got an unexpected keyword argument 'skipna',0.2385,0.1795
Python,swap dict items python,0.0729,0.1795
Python,Python open both windows when clicked in task bar,0.1244,0.1795
Python,How to create a list of numbers that go up and down in Python?,0.1372,0.1795
Python,"Message with Python-shell on Node js I use ""Python-Shell"" on my node app to execute an Python script with Node js.",0.2521,0.1795
Python,Reading File with prefix that spans multiple lines,0.1398,0.1795
Python,How to get screen coordinate of a element in selenium?,0.1315,0.1795
Python,MLFlow sklearn autologging prints too many info messages in colab,0.1725,0.1795
Python,Image Captured from webcam using JS and saved in folder using Python(Django),0.1824,0.1795
Python,Website going blank after clicking button,0.1339,0.1795
Python,read() image file with Python and send it to Http Response,0.136,0.1795
Python,Insert Blank Rows in Excel File with Python + Format questiion I'm trying to insert a blank row into this excel file.,0.2595,0.1795
Python,Can not figure out how to get the generated email from my function,0.1542,0.1795
Python,Python plot shows wire output,0.0918,0.1795
Python,Django objects.get(): The Query Set value for an exact lookup must be limited to one result using slicing,0.2356,0.1795
Python,How do I fine tune a pre-trained object detection model for a custom dataset?,0.1764,0.1795
Python,Damping harmonic oscillation code with python,0.154,0.1795
Python,Update sprite position using arrow keys in pygame I'm trying to make a sprite move when the arrow keys are pressed (just left and right) but nothing is happening.,0.3535,0.1795
Python,Headcount Sunburst in Plotly with Python,0.1289,0.1795
Python,Is there a way to reconstruct sentences from a transposed TFIDF matrix,0.1721,0.1795
Python,How to count the number of requests to a website from external package?,0.1674,0.1795
Python,BeautifulSoup4 print and modify selected row from set of array,0.1619,0.1795
Python,How to keep playing sound files before the check button clicks in python?,0.1734,0.1795
Python,Pandas shift base on multiple columns combination,0.1515,0.1795
Python,Convert 3D array image into 2D array,0.0931,0.1795
Python,property decorator of python not working I was trying to set some property to a class via decorator but its not working as expected.,0.2932,0.1795
Python,How can i close second form in pyside and qt5?,0.1034,0.1795
Python,Can't fit Fuzzy C Means Algorithm I've tried a clustering using a mobile price dataset using notebook.,0.2306,0.1795
Python,Is there an update on Typing.Optional on python 3.9 or am I doing something wrong?,0.1845,0.1795
Python,How do I use a variable for the text in an MDLabel?,0.1106,0.1795
Python,What do I need to configure to run Python on a browser?,0.1231,0.1795
Python,Stemming dataframe and changing column values,0.154,0.1795
Python,How to write a progress bar to a file in Python in the same line?,0.1433,0.1795
Python,Vue.js component specific delimiters with Django and Vue-loader,0.1654,0.1795
Python,Find a value from a dataframe in another dataframe and print the row (Python),0.1786,0.1795
Python,Multi-class Logistic Regression from scratch I am trying to implement from scratch the multi class logistic regression but my implementation returns bad results.,0.3567,0.1795
Python,bulk_upsert update based on existing valueI need to bulk_upsert some data set.,0.1953,0.1795
Python,merge two id data in python I want to merge two different id conversation data.,0.1819,0.1795
Python,How to prevent multiple threads from picking up same task from queueI want to run multiple threads in parallel.,0.2526,0.1795
Python,Unable to generate combination of numbers in python list using recursion,0.1865,0.1795
Python,ValueError: time data '30 avr. 2020 23:19:12' does not match format '%d %b %Y %H:%M:%S' I want to convert a French date with strptime.,0.2876,0.1795
Python,Different probability when getting the result,0.154,0.1795
Python,How to create a folder on s3 bucket from python script?,0.1281,0.1795
Python,Pandas DataFrame: Adding a new column with the average price sold of an Author,0.1831,0.1795
Python,Node' object has no attribute 'insert' for Binary Tree Implementation,0.1797,0.1795
Python,"get interface multiple ip addreses, with cidr I want to write an ip changer program, something simple, but for me will be useful as I need to change many times my ip addresses.",0.3823,0.1795
Python,Python sas file I am exploring an option to read sas7bdat file using python and then push the file to hive external table which is partition table.,0.324,0.1795
Python,NLTK: how to remove stopwords in Arabic?,0.1046,0.1795
Python,What would be the correct way of writing this for beautiful soup,0.1533,0.1795
Python,Possible cause of frequent KeyErrors?,0.1335,0.1795
Python,Why do I get keep getting this tzinfo error?,0.103,0.1795
Python,How do I access the integers given by nunique in Pandas?,0.1314,0.1795
Python,Indefinite while loop not exited by giving it empty str Can someone please explain to me why this program returns an error about not being able to convert '' to int?,0.3588,0.1795
Python,How to craw l multiple page using formatting in Python,0.1338,0.1795
Python,Python-for-android android billing,0.1207,0.1795
Python,How to Generate Word Cloud with + Symbol I am trying to generate a word cloud where a word has a + symbol in it.,0.2456,0.1795
Python,How can I handle audio messages in py Telegram Bot API?,0.1281,0.1795
Python,open-elevation api for python can we use open-elevation with python?,0.1639,0.1795
Python,Drawing multiple graphs with subplot when y-axis takes two values,0.1633,0.1795
Python,I am making a pong game but the ball is malfunctioning,0.1269,0.1795
Python,"PowerBI Regular Expression Using M or Python I've never used Python inside of PowerBI before, but I have used Python.",0.2617,0.1795
Python,How to obtain the list of successful tests' method names in unittest.Test Result?,0.1901,0.1795
Python,django registration and login on the same page,0.1234,0.1795
Python,Is there an override that allows the __init__ of a class to create another class object instead?,0.2206,0.1795
Python,How to get list of objects from multi-value field with SqlAlchemy using ORM?,0.1774,0.1795
Python,Python RegEx expression to extract numeric characters AND other special characters,0.2196,0.1795
Python,"Why does my twitter bot only tweet one word or letter, and not a full sentence?",0.1774,0.1795
Python,How to make custom legend markers ie. Right-angle triangles in matplotlib I have a figure (below) in python.,0.2417,0.1795
Python,How to get every single character form inspect element on a dynamic website?,0.1824,0.1795
Python,Why am i getting the valueerror?,0.0848,0.1795
Python,"How can I add a column to a table using jinja First of all let me tell you that I'm a beginner at this, I'm on the final project of CS50x.",0.3103,0.1795
Python,How to create a MICR font dataset in Python for Custom model?,0.1419,0.1795
Python,Move data in pymongo I need to move the result of a query from a master collection to a slave collection.,0.2349,0.1795
Python,Print a single byte as hex in Python 3,0.0829,0.1795
Python,How to split data in a double groupby dataframe?,0.1181,0.1795
Python,Loop a function and bind together Pandas dataframe I have a function that connects to an SQL database and fetch data from a table.,0.2889,0.1795
Python,Python Constrained Quantile Regression Using an Exponential Model Function — Is it possible?,0.2354,0.1795
Python,discord bot code using discord.py doesn't work at all I am currently just trying to make a bot for fun that will show up as online on the discord server.,0.3388,0.1795
Python,Build a translator using python. I don't know why translation = translation + “G”,0.1868,0.1795
Python,returning data from Python HTML Parser,0.1188,0.1795
Python,How do I run these simultaneously?,0.0949,0.1795
Python,Merging two df without any key,0.0785,0.1795
Python,The back button(Esc button) is not working properly the back button on 1st load does not work on singin_screen but it works on option_screen(on 1st load) and after that if choose any option from options and go to that option's screen and and then come back to option screen the back does not work,0.6371,0.1795
Python,Pandas Dataframe Assign Indexes to the Lists,0.1291,0.1795
Python,Forward and merge input of Apache Beam Transform to its output,0.1534,0.1795
Python,Scatter palindrome - How to parse through a dictionary to figure out combinations of substrings that form a palindrome I was given this HC problem at an interview.,0.3557,0.1795
Python,"MemoryError: Unable to allocate 21.7 GiB for an array with shape (53940, 53940) and data type float64",0.2267,0.1795
Python,Terminating thread thats waiting in python,0.1389,0.1795
Python,match string to 'pandas._libs.tslibs.timestamps.Timestamp' object,0.1796,0.1795
Python,Timeout when sending SAML Response to access Service Provider,0.1696,0.1795
Python,Making a list with corresponding image,0.1188,0.1795
Python,Python websockets client library - not detecting close from server?,0.1846,0.1795
Python,How do i split out nested json string into 3 columns and relate it to the user_id column in a dataframe?,0.2326,0.1795
Python,How can I make my PyQt5 app oney one instance?,0.1034,0.1795
Python,How to plot bars next to each other?,0.0797,0.1795
Python,Sorting in txt.file python am assigned to sort and display Record of coaches hourly pay rate in ascending order from 0 Dollars to 500 Dollars,0.3125,0.1795
Python,"How to control IMX179 via python? I want to use Python to save the image acquired by IMX179, how to connect to the camera and how to save the image?",0.3255,0.1795
Python,Download m3u8 from URL using Python I started learning web scraping with Python.,0.1944,0.1795
Python,install opencv from source windows,0.1207,0.1795
Python,Django error 'WSGI Request' object has no attribute 'request',0.1595,0.1795
Python,How to login Bar Chart website with Python?,0.1083,0.1795
Python,Python discord bot works normally in IDE but not when I made it an .exe file,0.1709,0.1795
Python,How to disable schema checking in FastAPI?,0.1168,0.1795
Python,Is there a way to distinguish unicast and multicast when receiving UDP datagram from same socket?,0.2268,0.1795
Python,Conditional merge on 2 huge pandas datasets,0.1246,0.1795
Python,How to write Simplex method (in tableau/matrix form) from scratch in python?,0.1789,0.1795
Python,discord.py await “AttributeError: 'list' object has no attribute 'id'” while using add_roles,0.2198,0.1795
Python,Python: Disable Web RTC detection in Selenium Chromedriver,0.1696,0.1795
Python,SQLAlchemy get position when ordered by value?,0.1348,0.1795
Python,How to sort a date column in Pandas with value_counts?,0.1315,0.1795
Python,"Trying to select information from database isn't working I'm trying to code a game, in which the monsters are stored in a database.",0.2897,0.1795
Python,Convert JSON into XLSX of all .json files in directory,0.1315,0.1795
Python,Create random points within a polygon within a class,0.1357,0.1795
Python,Find or select elements from python to scrape with beautifulsoup,0.169,0.1795
Python,Django serialize a field of a model to a dictionary,0.1232,0.1795
Python,Can GEKKO solve the problem that two dynamic optimal control processes are conducting simultaneously?,0.249,0.1795
Python,Changing session in python unittest using Appium and Win App Driver,0.1699,0.1795
Python,Exporting MySQL database using python error,0.144,0.1795
Python,"Matrix multiplication and matrix powers using pandas I have a square matrix of some probabilities, call it Phi, stored as a pandas Dataframe.",0.3123,0.1795
Python,How do I run a function at the start of schedule.run_pending()?,0.1444,0.1795
Python,"Image data of dtype <U54 cannot be converted to float I have an error on my image, but don't know how to solve. Can anyone please help me with that?",0.3257,0.1795
Python,when I run this code in Pycharm i didn't get any outputs simply it shows---— process finished with exit code 0.,0.2438,0.1795
Python,passing a variable and array from html to flask,0.1168,0.1795
Python,Python Coinbase Pro API Class Function Parameters Not Working,0.1696,0.1795
Python,dynamic forecast adjustment on error testing,0.149,0.1795
Python,Unable to use cflag optimization when building a lambda layer,0.1584,0.1795
Python,How do I find CSS Selector of slider on webpage?,0.1104,0.1795
Python,Python: Creating a function that extracts a range of rows from a dataset,0.1704,0.1795
Python,getting module has no attribute error after compiling with f2py,0.1654,0.1795
Python,Scraping data from a site first returns the data but when I run the code again it returns None object,0.2278,0.1795
Python,Pandas/Python how to store store looped values,0.1234,0.1795
Python,Python Best Practice: Better to use nested functions or private function syntax?,0.1997,0.1795
Python,How can I make a string and integer?,0.0797,0.1795
Python,Increment a number value contained within a string using a loop (Python),0.1746,0.1795
Python,How to debug a python file run from shell script in intellij?,0.1419,0.1795
Python,How to write a json file inside of a for loop?How I can store the result of a for loop?,0.1931,0.1795
Python,Tensorflow/Numpy : object __array__ method not producing an array,0.1796,0.1795
Python,Parse spesific information from several .txt file into single file excel/csv,0.189,0.1795
Python,I want to call a python script from Word Press when the user submits Hub Spot Form,0.1858,0.1795
Python,How to save record ModelForm with belong to relationship django,0.1654,0.1795
Python,How to use pdb(Python debugger) in vscode IDE's debugger?,0.1327,0.1795
Python,python-pptx text too long in tableI'm working with python-pptx and I have a table on the slide.,0.2124,0.1795
Python,Youtube API: how to load video within a channel by timestamp,0.1447,0.1795
Python,Nature of the array created by numpy.empty([]),0.1121,0.1795
Python,"Duplicate Values in For Loop when I print ""amount"", I am getting duplicate values. Does this have to do with two for loops back to back on my first three lines?",0.3487,0.1795
Python,Dimensions problem with logits and labels i have a problem with a Keras model.,0.1831,0.1795
Python,Why can't I import the Crypto module in python even with pycryptodome installed?,0.1888,0.1795
Python,"DocuSign API: When populating template's PDF form fields by tag, why do Text tabs get duplicated in the upper-left corner of every document?",0.3081,0.1795
Python,Can't connect to Mysql server via Python (Error 111),0.1222,0.1795
Python,How do I upload a CSV with French accents & emojis to Google Sheets?,0.155,0.1795
Python,Discord.py not sending dm?,0.0698,0.1795
Python,difference in giving parameters to openg,0.1289,0.1795
Python,How to solve error: “Length of values does not match length of index” for google maps API results,0.2179,0.1795
Python,Sending mail with python SMTP to outlook/microsoft gives SMTP AuthenticationError: Authentication unsuccessful,0.2841,0.1795
Python,Calling a python function from an AWS lambda function,0.1394,0.1795
Python,How to remove whitespace from an image in Python?,0.1218,0.1795
Python,"Saving json from aws-glue into postgres, jsonb type column",0.1456,0.1795
Python,how to filter number in python in 'def' I am new to python.,0.128,0.1795
Python,Python variable number of parameters in callback,0.147,0.1795
Python,apply frame from external file in python 3.x?,0.1068,0.1795
Python,Python package to perform logistic regression with continuous target between 0 and 1?,0.2093,0.1795
Python,Error using OpenCV perspective Transform and cropping an image [ Python ]EDIT: updated post.,0.2233,0.1795
Python,"incorrect display of a text file if i want to open a txt file, a lot of letters from the file were printed wrong.",0.2507,0.1795
Python,Transforming Dictionary into pandas DF,0.1439,0.1795
Python,"How to concatenate elements(strings) of a list, between two specific list positions as identified by a regex?",0.248,0.1795
Python,"How do I change file address in both python, and cmd?",0.1194,0.1795
Python,How do i fix my chromedriver if its not compatible with chrome version?,0.1674,0.1795
Python,Plot from matplotlib and pandas is not working with data json file because ValueError,0.2048,0.1795
Python,Why The Empty Rows aren't getting Deleted (Pandas Dataframe)?,0.1516,0.1795
Python,How to properly use RobustScaler for improving LinearRegression model?,0.201,0.1795
Python,How could I create many radio inputs with for loop?,0.121,0.1795
Python,Modular PyTests I am trying to create reusable PyTest functions that pass in a tuple of objects inside a class.,0.2504,0.1795
Python,How to parse strings into variable/function/float/integer assignment/values?,0.1976,0.1795
Python,how to clear the vscode terminal when I run the code again?,0.1357,0.1795
Python,Can ElementTree resume parsing after encountering an end of file before?,0.1844,0.1795
Python,Plotting an auto updating list in Python3 with Matplotlib (FuncAnimation) or other modules,0.2225,0.1795
Python,Django add to cart as a guest without logging in I'm working on a ecom website project and I follow Dennis Ivy's course about cart functionality.,0.32,0.1795
Python,How to automatically count length of total items in Django Array Field?,0.1733,0.1795
Python,See how many orders he has on his profile page.,0.1069,0.1795
Python,read a csv file containing data separated by a delimiter in Python Flask,0.1722,0.1795
Python,"django-tenants example 404 error, run through the tutorial video twice and keep getting the same error",0.2361,0.1795
Python,how to solve model fitting shape error dict Vectorization?,0.1558,0.1795
Python,Tkinter opening multiple files using one code,0.1336,0.1795
Python,How to get multiple most frequent k-mers of a string using Python?,0.1525,0.1795
Python,Duplicating a window in tkinter Is there any way to duplicate a window in tkinter?,0.1902,0.1795
Python,How to install the PyQt5?,0.064,0.1795
Python,ValueError: No variables to optimize.,0.129,0.1795
Python,Prepared statement pymysql who is correct?,0.1351,0.1795
Python,What's the best way of handling the GAN training output?,0.1314,0.1795
Python,"class based views -TypeError: super(type, obj): obj must be an instance or subtype of type",0.2025,0.1795
Python,Python Pandas Counting and Summing columns based on datetime values,0.1795,0.1795
Python,Python complex numbers from C++ strange output,0.1316,0.1795
Python,holoviz/param/panel: updating Str or HTML panes via python callback,0.1678,0.1795
Python,Scipy optimize minimize wrong output,0.1323,0.1795
Python,Subtract two Q Date Time My problem is trying to find the time difference between two different Q Date Time.,0.2433,0.1795
Python,Count the number of null values using pandas framework,0.1432,0.1795
Python,Send E-Mail with output log and success status in Python,0.1335,0.1795
Python,Open only one Tk.Topleve l window I bound the opening of a new window (Tk.Toplevel) on a button.,0.2125,0.1795
Python,Django Form does not load Multiple Choice Field data from ajax POST request,0.1812,0.1795
Python,Unable to connect Django container and Spark Container,0.1561,0.1795
Python,Creating Sub-lists Python3,0.1006,0.1795
Python,HDBSCAN approximate_predict always returning probability of 0 I am using HDBSCAN to generate prediction data for a given cluster model.,0.3075,0.1795
Python,Using tabula.py to read table without header from PDF format,0.1467,0.1795
Python,Python API JSON upload file multipart/form-data with boundary,0.1584,0.1795
Python,Deserialization error. permission matching query does not exist,0.1901,0.1795
Python,How to assign list elements as an index of 2D array in python,0.1393,0.1795
Python,How to settup django login in the header?,0.1002,0.1795
Python,How to make file manipulation safe across different process in parallel that share the same code?,0.2268,0.1795
Python,Where does Flask look to find config files when using flask.config.from_object()?,0.1938,0.1795
Python,Django/Parler: unable to access the translated fields of a model in the update_or_create function,0.2315,0.1795
Python,"Trying to create a 9 x 9 sudoku grid in tkinter, but the padding (padx) for every ninth square is off. What is the problem in my code?",0.2941,0.1795
Python,I'm trying to search a directory and it's sub-directories to check if the filename includes the strings,0.2325,0.1795
Python,Jupyter notebook not printing file? No output is shown?,0.1419,0.1795
Python,Python version trouble I am aware that this question keeps popping up,0.1689,0.1795
Python,How can I replace numbers in an array that fall above an upper bound or below a lower bound in python?,0.228,0.1795
Python,concatenate dataframes vertically I want to concatenate dataframes vertically.,0.2312,0.1795
Python,print nested inner data in django,0.0936,0.1795
Python,Secant method using python How would you write python code to find the root of the non linear equation fnon(x) = 0 using the secant method?,0.3048,0.1795
Python,How to find the index and columns of data in pandas dataframe that meet the condition?,0.1975,0.1795
Python,"How to type like a Human via Action Chains key_down, key_up I am making an online automation program.",0.2292,0.1795
Python,UnicodeDecodeError: 'utf-8' codec can't decode byte 0xa0 in position 187: invalid start byte,0.2132,0.1795
Python,Retrieving data from RDS gives AttributeError: 'sqlalchemy.cimmutabledict.immutabledict' object has no attribute 'setdefault',0.3113,0.1795
Python,Return value from function within a class using multiprocessing,0.1771,0.1795
Python,Amazon AWS Transcribe Streaming I am trying to do a http/2 stream to the AWS Transcribe Streaming service with python (later with php).,0.2979,0.1795
Python,What is the standard weight decay used when not a specific weight decay is declared?,0.1957,0.1795
Python,What does “django.db.utils.ProgrammingError: relation ”silk_request“ does not exist LINE 1: INSERT INTO ”silk_reque mean?,0.277,0.1795
Python,Unable to create regex pattern,0.0976,0.1795
Python,SQL Alchemy - Error UndefinedColumn while it exists,0.154,0.1795
Python,pyqt5 how to fix image size in V Box?,0.0766,0.1795
Python,"Append combobox values from textbox using a button Using Python I have created a frame with empty ComboBox, TextBox and a Button.",0.2878,0.1795
Python,"In Python, which variables can be omitted from the arguments of a function?",0.1776,0.1795
Python,Flir Lepton 3.5 with Breakout Board v2.0 and Raspberry Pi SPI communication,0.1761,0.1795
Python,Is there a way in Python to check for programs playing audio,0.1407,0.1795
Python,tkinter getting variables from sub functions in other files to my gui?,0.1702,0.1795
Python,Is there a way to get the name of the command from the message (Discord.py),0.1668,0.1795
Python,Identify outliers from similarity matrix,0.1555,0.1795
Python,Python Discord get_member() returns a value of None?,0.1394,0.1795
Python,Atom Editor and Discord with Python,0.1037,0.1795
Python,subprocess.call without command writing to the console,0.1561,0.1795
Python,I want to filter out a non-numeric value and calculate it's new value using two other columns in the dataframe (pandas),0.2642,0.1795
Python,How to interrupt Python program on user input?,0.1206,0.1795
Python,Focus does not appear to work consistently,0.1201,0.1795
Python,Check that a row (text) exists on a table in web by selenium (with Python),0.1635,0.1795
Python,Paramiko throws weird library and c errors in python3-debug,0.1514,0.1795
Python,How to split a string at multiple points in python,0.1197,0.1795
Python,How to make multiple discord commands with same name in discord.py? How do I add multiple commands with the same name in Discord.py?,0.2918,0.1795
Python,File not being created/written in,0.0936,0.1795
Python,Encountered error while using PersImage from Scikit-tda I have used LIBS data <> to produce persistant images using the Scikit-tda library.,0.3085,0.1795
Python,How can I connect via peerjs without a browser?,0.1143,0.1795
Python,"OpenPyXL - Change font for entire worksheet, column or row",0.1507,0.1795
Python,Integrating google's refresh access token (offline) with credentials in one function,0.2122,0.1795
Python,instituting a button in tkinter that has multiple commands tied to it i cannot seem to get any of my buttons to create a new tab.,0.2862,0.1795
Python,ImportError: No module named bs4 Atom,0.11,0.1795
Python,"Table not listening to value set for foreign key in other table, IntegrityError: (sqlite3.IntegrityError) NOT NULL constraint failed",0.3002,0.1795
Python,Google Docs API Creating Documents on Python Service is Not Defined,0.1699,0.1795
Python,problem with multiple user dependent on each other in Django,0.1549,0.1795
Python,Converting text box input(html page) into a dictionary in flask(Python),0.1714,0.1795
Python,get all subsets of a set with format method?,0.103,0.1795
Python,Wagtail CMS Draftail Inline Elements and Classes not showing,0.1658,0.1795
Python,Spyder Setup - Additional output console I started learning Python yesterday and just installed Spyder as my IDE.,0.2618,0.1795
Python,AttributeError: module 'squarify' has no attribute 'plot' A piece of code to create a treemap which worked before does not work any longer.,0.3049,0.1795
Python,Kivymd Custom List Dialog. can't insert changeable list in mddialog,0.1678,0.1795
Python,"“pip install models” - ""python setup.py egg_info” failed with error code 1",0.1732,0.1795
Python,Stop a recursive function in Python,0.1037,0.1795
Python,"Remove df rows when given ID not preceded by one set of values, or followed by other set of values",0.2195,0.1795
Python,Web scraping multiple tags that have the same class name Just a disclaimer,0.1782,0.1795
Python,strange result scraping a web with python and beautifulSoup,0.1621,0.1795
Python,Flask multiple variables called by JS,0.1137,0.1795
Python,I have an issue with my if statements; no output or errors,0.1325,0.1795
Python,pandas reading date column in a strange way,0.1112,0.1795
Python,Parametrizing a static webdriver fixture and a generator in Pytest?,0.1772,0.1795
Python,Class variables will not overwritten by funktions I'm trying to read out a database for a login-portal.,0.2331,0.1795
Python,Function for adding parameters in IAM policy I have been working on a boto script for creating an IAM user policy from a function.,0.2889,0.1795
Python,Surprising output of simple Python list program,0.1426,0.1795
Python,sys.path() and PYTHONPATH issues,0.1,0.1795
Python,Error displaying Pyvis HTML inside Jupyter Lab cell I'm using the Pyvis library to generate and display a network inside Jupyter Lab (in a cell) through the HTML format.,0.3675,0.1795
Python,Pandas grouping and express,0.1076,0.1795
Python,How do I get the input from MD Text Field?,0.0893,0.1795
Python,conditional formatting not exporting to excel from pandas,0.1684,0.1795
Python,PyModbus how to server recognize register change,0.147,0.1795
Python,how to set an environment variable value while calling a python script using bash in a single command,0.2317,0.1795
Python,How to make discord.py bot send to the server it's called in?,0.1344,0.1795
Python,unable to write whole data to excel [duplicate],0.1218,0.1795
Python,python-social-auth: Unable to keep logged in newly registered user after setting password,0.2146,0.1795
Python,Python append more than one element,0.1037,0.1795
Python,MongoDB count total number of tweets on weekdays and weekends (Python),0.1757,0.1795
Python,Multiple datatypes within a vertex buffer (openGL),0.1495,0.1795
Python,Check if Series has many bad outcomes one after another,0.1373,0.1795
Python,Resampling and re-projecting weather satellite image from global view to regional extent,0.22,0.1795
Python,Python - Tkinter how to create transparent background responding to click events,0.2088,0.1795
Python,webdriver failing to update web address,0.1238,0.1795
Python,How to import .so files from a packaged kivy android apk?,0.1327,0.1795
Python,Python [WinError 193] %1 is not a valid,0.0863,0.1795
Python,Pygame No module called pygame.base,0.1037,0.1795
Python,How to find the common eigen vectors of two matrices with distincts eigen values,0.1905,0.1795
Python,Why doesn't yield return individual values during each loop constructing this default dict?,0.2204,0.1795
Python,call method on an arbitrary attribute in user-defined class,0.1514,0.1795
Python,How does python context manager reraise an exception back into the decorated generator?,0.2153,0.1795
Python,Is there a way to set up a python socket so that the server only sends when the client asks for an updated value?,0.2517,0.1795
Python,How do I generate more augmented images than training size in Keras?,0.1639,0.1795
Python,Opening Stata 16 .dta in R or Python?,0.081,0.1795
Python,Pytorch : RuntimeError: mat1 dim 1 must match mat2 dim 0 using resnet 50 model.,0.1811,0.1795
Python,how to clear text on a window in pygame,0.0867,0.1795
Python,passing dynamic input to flask-user @roles_required decorator,0.1819,0.1795
Python,how to change a variable to a different value without using many if - statements python,0.2024,0.1795
Python,Find duplicates in a list of strings differing only in upper and lower case writing,0.1944,0.1795
Python,Resetting generator object in Python I have a generator object returned by multiple yield.,0.2175,0.1795
Python,nginx + uwsgi + flask + selenium Selenium driver not openingmy selenium code works fine if I run directly in local.,0.2579,0.1795
Python,AttributeError: Neither 'Instrumented Attribute' object nor 'Comparator' object associated with User.,0.27,0.1795
Python,Django + Html: Is it possible to display the initial value in a <select> before change is made so they can see initial,0.2597,0.1795
Python,"Django: Reverse for 'delete' with arguments '('',)' not found.",0.1547,0.1795
Python,Cant open cells using openpyxl I am trying to work with openpyxl following a Programming with Mosh Python course.,0.2575,0.1795
Python,Python 3 Beautifulsoup to scrape county names from a gov.,0.1421,0.1795
Python,Random items from a txt file into a table I want to know how I can take a number of items eg 15 and output it in a table.,0.2718,0.1795
Python,bokeh error Factor Range must specify a unique list of categorical factors for an axis: duplicate factors found: 'M. Laxmikanth',0.2863,0.1795
Python,Returning True if a value is present in an enum; returning false if not,0.163,0.1795
Python,Need help for Python and SQLite --> TypeError: 'NoneType' object is not subscriptable,0.2059,0.1795
Python,how can i go back in python,0.0527,0.1795
Python,How to combine data arrays by multi longitude and latitude in one dataset in python,0.1944,0.1795
Python,Dynamic plotly visualization (or image) in Flask Python,0.1545,0.1795
Python,Creating a dict of list from pandas row?,0.0961,0.1795
Python,How do I get the current URL from my browser and enter it into terminal prompt (Python)?,0.1973,0.1795
Python,How to make Entries with the same size but different fonts in Tkinter?,0.1644,0.1795
Python,Attribute Error: 'Embedding' object has no attribute 'embeddings' - Tensor Flow & Keras,0.2175,0.1795
Python,How can you specify a different matrix permutation for each element in a batch?,0.186,0.1795
Python,Why doesn't python list remove() work for list of plots?,0.1273,0.1795
Python,TypeError: not all arguments converted during string formatting (Python),0.2035,0.1795
Python,Pandas Groupby Faster Alternative?,0.1504,0.1795
Python,How to pass Bytes buffer from Python to C,0.0942,0.1795
Python,Discord.py text writing and reading text file,0.1194,0.1795
Python,Trouble loading numpy array where they show pickle data error in python,0.1752,0.1795
Python,scraping 50 webpages each containing 10 webpage links i neeed to scrape 50 main webpages each webpage containing 10 article links.,0.293,0.1795
Python,"Python - mechanism of () and [] It looks e for e in [1, 2, 3, 4, 5] is a generator expression and (e for e in [1, 2, 3, 4, 5]) is evaluated as an generator object.",0.3475,0.1795
Python,tkinter 8.6 still doesn't support png files?,0.103,0.1795
Python,Organizing code in tkinter - buttons/labels,0.1364,0.1795
Python,Adding Variable as Plotly Graph Title Error I'm starting to learn Python and I'm currently using the Plotly Library.,0.2605,0.1795
Python,How can I add new dates to existing DATE_TIME column using pandas?,0.1576,0.1795
Python,Button to start python script that contains infinite loop I'm not very experienced at node js.,0.2154,0.1795
Python,How would you create a dictionary with integer keys and values of 0?,0.1585,0.1795
Python,Search multiple files in folder and sub folders python,0.1432,0.1795
Python,Harmonic average over slices of three-dimensional numpy array,0.1696,0.1795
Python,Return boolean from cv2.inRange() if color is present in mask,0.1459,0.1795
Python,How do I debug AttributeError: 'list' object has no attribute 'match',0.1662,0.1795
Python,Why Recursive function return “None”,0.1232,0.1795
Python,"Matching multiple conditions and returning/appending multiple results, between two dataframes in pandas",0.2632,0.1795
Python,Do features have to be float numbers for multiclass-classification by Decision Tree?,0.2063,0.1795
Python,Plotly add_trace vs append_traceIs there any difference between add_trace and append_trace in Plotly? Is the latter a legacy of the former?,0.3129,0.1795
Python,Data augmentation with ImageDataGenerator for videos (4D tensors) in Keras,0.1996,0.1795
Python,How to show gray image in cv2,0.0617,0.1795
Python,Training Keras+Tensorflow model with Google Colaboratory,0.183,0.1795
Python,Python error unhashable type: 'list' with pandas iloc I am still learning Python.,0.1921,0.1795
Python,Is there a way to open a tdms object in Python without reading a file from disk?,0.1793,0.1795
Python,Python - writing an in-place option in my function [how to prevent over writing my input vector],0.2166,0.1795
Python,Replacing entries in a Pandas column of lists and summing these new lists,0.1752,0.1795
Python,Updating multiple pandas columns using one custom function,0.1725,0.1795
Python,"Passing variables between 2 scripts (gui and main) I have two scripts, Main1 and gui.",0.1939,0.1795
Python,AJAX 'success' function does not run when receiving a successful response from server.,0.2088,0.1795
Python,ModuleNotFoundError: cannot find my Python package,0.1754,0.1795
Python,django single app multiple dbs: same tables get created in all dbs,0.1576,0.1795
Python,Django send mail from docker container how to expose port,0.1443,0.1795
Python,Java classes for pyjnius I have created a Java class to use in python with pyjnius but I can't use it as pyjnius can't find it,0.2818,0.1795
Python,Can I detatch a python script from the command line from within the script?,0.1745,0.1795
Python,Calling function from an other class in python,0.1234,0.1795
Python,"Telegram bot callback I want to make callback from my inline button initiate another function, but I met another problem.",0.2731,0.1795
Python,replace/fill columns base on agg of multiple columns,0.1357,0.1795
Python,How to send and receive data (and / or data structures) from a C ++ script to a Python script?,0.2041,0.1795
Python,How to write JSON to file with null values in python?,0.1215,0.1795
Python,ModuleNotFoundError despite installing packages and selecting the right interprester in VSCode,0.2593,0.1795
Python,Kivy Image CollisionIs it possible to check if two images are overlapping or colliding in kivy?,0.2215,0.1795
Python,How can I replace values in a Python NumPy array with the index of those values found in another array?,0.2314,0.1795
Python,Blank page due to “for template tag” in Django,0.108,0.1795
Python,Why is this modulo equation wrong when it shouldn't?,0.1245,0.1795
Python,Python parser not working with proxy what should I do?,0.1315,0.1795
Python,Sorting a Pandas Dataframe by Date and Hour,0.1112,0.1795
Python,"Python syntax for “if a and b or a and c” where a, b and c are words in a sentence",0.1793,0.1795
Python,Data not storing in pandas DataFrame,0.1087,0.1795
Python,How to get pair wise distance for two lists of vectors in python,0.1482,0.1795
Python,Best method of converting Pandas dataframe into list of dictionaries for each column,0.2081,0.1795
Python,How to filter directories using the match-dir flag for pydocstyle?,0.1645,0.1795
Python,Plot the fitness of a genetic algorith. How to access object values inside a function,0.1984,0.1795
Python,Why am I getting a Kernel error in Spyder?,0.0955,0.1795
Python,How to take 'url' variable from this JSON in Python,0.1187,0.1795
Python,The input to the CNN of Conv1D I'm working in the field of machine learning.,0.1709,0.1795
Python,Pandas groupby average after slicing over non-zero values across remaining groups,0.2066,0.1795
Python,Python3 open image with dialog box in Tkinter,0.1194,0.1795
Python,How to make mute command automatically be a high role,0.1303,0.1795
Python,How to transform second row to column and add prefix to column name in pandas?,0.1791,0.1795
Python,numpy indexing doesn't keep shape,0.0936,0.1795
Python,Defining parent class methods' default arguments,0.1653,0.1795
Python,Dynamic programming script for the best way to sum numbers,0.1479,0.1795
Python,Different outputs in Python,0.1076,0.1795
Python,"Python program write tuple filtered by a specific publisher name with process name, pid, path and launch arguments to a txt file",0.2855,0.1795
Python,Keep getting the ID from items in a list which is in a class,0.1331,0.1795
Python,django error in python No such file or directory,0.1206,0.1795
Python,"MNIST Autoencoder: ValueError: total size of new array must be unchanged, input_shape = [748], output_shape = [28, 28]",0.2657,0.1795
Python,How can I delete the row from CSV file using MDCardSwipe,0.1335,0.1795
Python,Comparing multiple sets for any and any number of X in a list/dictionary using set().intersection(),0.2243,0.1795
Python,how to run code in different python versions,0.1153,0.1795
Python,BeautifulSoup find returning Non,0.1422,0.1795
Python,How to fix unsupported operand type(s) for +: 'NoneType' and 'str',0.15,0.1795
Python,How to get the row index of the first cell with currency formatting in the last column of a dataframe using Python Pandas,0.2707,0.1795
Python,"Expose discord bot to API (Flask, FASTAPI) I'm building a discord bot to take commands from multiple systems and programs.",0.2712,0.1795
Python,Kivy and Python How to Play Videos at two Video player at the same video Position to another,0.2092,0.1795
Python,how to convert 168 data points to hourly plot data for weekdays,0.1501,0.1795
Python,thread starts running before calling Thread.start,0.1515,0.1795
Python,How can I scrape the text from this popup window?,0.1139,0.1795
Python,How do you make python file run another python file,0.1232,0.1795
Python,How to replace all elements in a list by a single variable,0.1344,0.1795
Python,Rounding corners of image inside Kivy MD Card I wanted to add elevation effect on an image.,0.2077,0.1795
Python,It showed video system not initialized,0.1188,0.1795
Python,Putting limits on a matplotlib animation with plt.ion(),0.1419,0.1795
Python,how to call method in the main process from a multiprocessing. Process without getting a new PID?,0.2218,0.1795
Python,Why do I get AttributeError: 'NoneType' object has no attribute 'something'?,0.1873,0.1795
Python,Why Is My VM Instance Start Up Script Failing to Create A Python Virtual Environemnt In GCP?,0.2103,0.1795
Python,Pip command - not found but there are similar ones,0.1231,0.1795
Python,Using tf.keras.model.predict inside tf.function,0.1275,0.1795
Python,Converting a python object to pandas dataframe,0.1381,0.1795
Python,Run GDB with LinuxI'm trying to run gdb with linux kernel.,0.1325,0.1795
Python,Python Web scraping with user input?,0.1049,0.1795
Python,Page not found at /I'm new to django and according to tutorial,0.1405,0.1795
Python,"HTTPS Connection Pool(host='site.api.espn.com', port=443): Max retries exceeded with url I received the following error when I was crawling the espn footbal",0.3394,0.1795
Python,"ipy widget observe method called several times for every change, why?",0.1724,0.1795
Python,Python Sqlite3 - Null as non-first element in tuple doesn't work,0.1495,0.1795
Python,How can i multiply each element in a python list with element in another list?,0.1791,0.1795
Python,Implementation of dynamic PLS (Partial Least Squares) in Python,0.1721,0.1795
Python,Search for an ambiguous outlook recipient with python,0.152,0.1795
Python,Putting Prints in order in python I need help with this problem in python.,0.1716,0.1795
Python,JMES Path filter/Multi Select on a large JSON file,0.1197,0.1795
Python,How to set column headers while converting dict to pandas DataFrame (where column names do not match dict keys)?,0.2526,0.1795
Python,Django Admin: Display unique field values and its count in the list_display,0.1859,0.1795
Python,Cloud SQL instance not being stopped using Cloud Scheduler,0.1583,0.1795
Python,How can I play a mp4 movie using Moviepy and Pygame How do you play an mp4 video in Pygame?,0.2028,0.1795
Python,"Converting to plain text in python I have a dataframe column (""albums"")",0.1676,0.1795
Python,Installing JupyterLab using pip I am trying to install Jupyter,0.1619,0.1795
Python,How can I transfer my results from GAMS to Python?,0.1174,0.1795
Python,X path and Css Selector not extracting data using Selenium and Python,0.1689,0.1795
Python,How to serialize three models with many to many relationships in Django Rest Framework,0.2077,0.1795
Python,"Python Question: spread out spacing to string, there is a specific width for the string total",0.2147,0.1795
Python,Jupyter Notebook failed command in Anaconda Prompt for Qiskit,0.1696,0.1795
Python,Text File turn into some Gibberish languagethis is tcpdump originally in pcap,0.194,0.1795
Python,How to sort a list of dictionaries in a dictionary and overwrite it in python,0.1779,0.1795
Python,Plotting ROC Curve with Python I want to add ROC Curve (receiver operating characteristic).,0.2171,0.1795
Python,HTML form not submitting using python flask Would you know why doesn't this HTML form submit?,0.2128,0.1795
Python,How to get the class with highest confidence from a tensor?,0.1414,0.1795
Python,Convert json file to dataframe parse the nested json data,0.1443,0.1795
Python,Selenium returns empty page_source in Unix environment,0.174,0.1795
Python,"VSCode on WSL does not have right-click options features, such as find code reference",0.1984,0.1795
Python,Pandas np.array_split of large dataframe takes more time The VM size are: 64GB RAM 200GB Swap memory.,0.2292,0.1795
Python,Pandas How to find duplicate row in group everyone,0.1281,0.1795
Python,"Find names, diagues, etc using regex and python",0.1218,0.1795
Python,Selenium Timeout Exception with Flask and Python,0.147,0.1795
Python,PYTHON: Extracting data from .xlsx using pandas Excel,0.1463,0.1795
Python,Conda + Pytest ModuleNotFoundError for implemented file,0.1968,0.1795
Python,linear regression loop for residuals scatter plot,0.1515,0.1795
Python,Understanding the assumptions of different SHAP Methods,0.1785,0.1795
Python,Using PYCHARM professonal with WSL2 as python interpreter: does not have access to some packages,0.2288,0.1795
Python,Creating new column in DataFrame with conditional rolling().mean(),0.1783,0.1795
Python,Pass Column Names into SQL statement in dynamic way - Python- SQL Server,0.1727,0.1795
Python,"Chromedriver do not open a new session, it opens a new tab in a existing session",0.1815,0.1795
Python,Why is Python Returning 0.0 for division?,0.1002,0.1795
Python,Using lt method in the superclass even if it is overrided in the sub class,0.1696,0.1795
Python,TweepError: Twitter error response: status code = 401 despite my keys working with other code?,0.2225,0.1795
Python,How can filter for specific category in Django template?,0.1482,0.1795
Python,concatenate list of sentence into one in a dataframe,0.1357,0.1795
Python,What is the correct class structure for a queue of persons,0.1401,0.1795
Python,How to implement an onclick check within python flask on the values of two input variables,0.2096,0.1795
Python,PackagesNotFoundError: The following packages are not available from current channels: pytorch,0.2551,0.1795
Python,Print Pascal's Triangle in Python properly,0.1201,0.1795
Python,py Telegram Bot API message editing,0.1037,0.1795
Python,How to read multiple tables from each tab of an excel sheet in Python?,0.1602,0.1795
Python,Why are colour pixels detected in .png format images but not in those in .jpg format?,0.192,0.1795
Python,Reverse a string based on custom delimeter,0.1201,0.1795
Python,Click on specific Button (Selenium Python),0.1313,0.1795
Python,Find and identify shapes that are connected by a line in an image using opencv,0.1806,0.1795
Python,How to convert matplotlib.pyplot.contour to RGBA list or array?,0.1546,0.1795
Python,How do I interpret my BERT output from Hugging face Transformers for Sequence Classification and tensorflow?,0.2561,0.1795
Python,Efficient way to store a fairly small amount of images in a single file in python?,0.1869,0.1795
Python,"Mxnet, load data from csv file with pandas and feed to NN models",0.1465,0.1795
Python,how to find the average of sales per city?,0.0955,0.1795
Python,How to combine features extracted from two cnn models?,0.1407,0.1795
Python,How to perform grid search for Multiple ML Models,0.1244,0.1795
Python,How can I fix this : ERROR: Command errored out with exit status 1 : when trying to “pip install psycopg2”,0.2332,0.1795
Python,GCP Cloud Functions - Stateful Saving,0.129,0.1795
Python,Problem with installing gym ( Building wheel for Pillow (setup.py) … error),0.1819,0.1795
Python,Python Pandas: Filter rows based on position letter in string,0.1561,0.1795
Python,"Connecting 2D lists into a larger 2D list in Python If I have a function which randomly returns 2D lists of the same size, how would I ""tile"" them together?",0.3408,0.1795
Python,How can I implement the Connection Weight Product model interpretability method in Python?,0.2243,0.1795
Python,"Keras to Core ML conversion fails: 'Input Layer' object is not iterable Keras to CoreML conversion is not working, it says that ""InputLayer"" is not an iterable object.",0.3603,0.1795
Python,How do i access data after model.add(Flatten()) layer?,0.1247,0.1795
Python,Object Initialization With Several Arguments,0.1787,0.1795
Python,Crawled (403) Error while login to glassdoor.com using scrapy in python. Need Solution?,0.204,0.1795
Python,"Issue in the calculator d = dict([(1,'Addition')",0.1117,0.1795
Python,"How to read time by user-inputted hours, minutes, seconds in Python",0.1589,0.1795
Python,oldstr(None) raises exception: cannot convert 'NoneType' object to bytes,0.188,0.1795
Python,tkinter Entry widget calling a function whenever a letter is entered,0.1732,0.1795
Python,solving a backtracking of sudoku game,0.1137,0.1795
Python,How to extract JSON from script with Python?,0.1124,0.1795
Python,Private messaging in Django - how to perform 1-sided delete,0.1468,0.1795
Python,Shortening arduous and repetitive Numpy expressions,0.1842,0.1795
Python,How can I extract specific year range in the table?,0.121,0.1795
Python,Can you use 3 seperate 1D numpy arrays to manipulate a 3D array using vectorization?,0.1957,0.1795
Python,How to predict from loaded BERT tensorflow model I was trying to make a prediction from a loaded tensorflow model.,0.2576,0.1795
Python,Discord.py giveaway command random choice from reactions error,0.1734,0.1795
Python,problem sqlalchemy full text search by ts_rank,0.1381,0.1795
Python,PyCharm. Unexpected argument(s) Possible callees,0.1615,0.1795
Python,How to set up Gunicorn and NGNIX for a Django project in a production environment?,0.1902,0.1795
Python,finding triplets with O(n+k) time complexity,0.1124,0.1795
Python,“exists_or_mkdir” undefined after using Oct2Py on *.m (Matlab) file in Google Colab,0.2015,0.1795
Python,Python gives me the error sqlite3. OperationalError: incomplete inputimport sqlite3,0.2312,0.1795
Python,tensorflow-gpu not install using anacondaI try to install tensorflow-gpu in my anaconda base.,0.2205,0.1795
Python,Executing list of tasks in chain,0.0886,0.1795
Python,python - pass the appropriate variable (parameter) to a function,0.1708,0.1795
Python,Why doesn't Colorama work with Visual Studio?,0.1165,0.1795
Python,need some help for creating a working search function,0.1394,0.1795
Python,Efficiently pack variable sized values into buffer,0.156,0.1795
Python,Python - Read lines from txt that are space and | delimited to add values to list,0.1828,0.1795
Python,Inserting new key value pairs in specific key in a JSON file,0.1407,0.1795
Python,Reading a python binary file with a C# Binary Reader,0.1245,0.1795
Python,Gtk Dialogs appear only once I am writing a GUI app with python and GTK (PyGobject).,0.1893,0.1795
Python,AttributeError: 'list' object has no attribute 'barh' I have a GUI interface using PyQt5.,0.2065,0.1795
Python,How do you change the dock name of an OS X application?,0.1231,0.1795
Python,AttributeError: module 'tensorflow' has no attribute 'string_join',0.2116,0.1795
Python,How to activate and THEN run pip commands (in a virtual env) using NodeJS?,0.1684,0.1795
Python,Python for check debug symbols I am trying to made multiple platform script for checking if binary has a debug symbols.,0.2675,0.1795
Python,Python package: Stylesheet not loaded when launching script,0.1737,0.1795
Python,How to prevent duplicate UUID's on duplicate texts (in list of dicts) in python?,0.1816,0.1795
Python,Put list of links in correspond to img tags in a string in Python,0.1475,0.1795
Python,Not able to give ring to my phone using find my device feature.,0.1435,0.1795
Python,How do I extract specific lines from a string starting from a keyword and ending at a different keyword in python?,0.2559,0.1795
Python,How to send https reuqest using pysocks python every thing working fine only how to send https request using Pysocks?,0.2647,0.1795
Python,Pass parameter through django-allauth url,0.1339,0.1795
Python,How to merge dataframes on one column while aligning the other columns in common,0.1905,0.1795
Python,What should i put into the exeption block and why It can't be bare?,0.1488,0.1795
Python,Pip not installing packages on some computers - Returned non-zero exit status 2,0.1896,0.1795
Python,Why does sklearn and numpy disagree about multiplying component of PCA?,0.1811,0.1795
Python,Capture redirect response status/history in scrapy item,0.1602,0.1795
Python,Keyboard Unresponsive I can't seem to find out why my keyboard work.,0.1585,0.1795
Python,"How can I get a Tkinter widget attribute? I create a Button, and set its callback, but how can I get the attribute of the button like fg?",0.3011,0.1795
Python,How to store BIG DATA as global variables in Dash Python?,0.1347,0.1795
Python,How to prevent PyTest to execute time.sleep() when collecting?,0.1551,0.1795
Python,Python 3 wave module byteorder?,0.0988,0.1795
Python,A condition for checking if a field is 'None' is not working as expected,0.1643,0.1795
Python,Does not using a decorator in pyglet cause problems?,0.1331,0.1795
Python,Efficient masking with bool for outer product of arrays,0.147,0.1795
Python,python3.5 sees but python3.9 does not see sqlite3,0.1162,0.1795
Python,Frequencies from a FFT shift based on size of data set?,0.1281,0.1795
Python,How can you make 3 (or 4) nested binded comboxes uting Tkinter in python?,0.1655,0.1795
Python,"ipdb, return or raise exception to halt a function?",0.1268,0.1795
Python,How can I change the color of a work sheet's tab,0.1031,0.1795
Python,Python moving a text file of numbers into lists,0.1168,0.1795
Python,Efficient way to get rows of two arrays that have matching values in fraction of their colums,0.2142,0.1795
Python,aiogram.utils.exceptions.BadRequest: Currency_invalid,0.2262,0.1795
Python,pyauto gui TypeError: 'int' object is not iterable,0.1312,0.1795
Python,Range doesn't iterate over full range in for loop I'm absolutely stuck.,0.163,0.1795
Python,Python Regex to replace each character in group,0.1275,0.1795
Python,Python service has troubles in Windows Services,0.1426,0.1795
Python,What is the best way to search for foreing keys in a nparray in a cython extension?,0.1871,0.1795
Python,Dynamic default value from a different Pydantic model,0.152,0.1795
Python,how to remove space after colon when writing dict in yaml file,0.147,0.1795
Python,Why does my program show some prints only when executed from command-line?,0.1764,0.1795
Python,Jenkins could not checkout in in an automatically created pull request,0.1798,0.1795
Python,Web scraping with selenium to click links that have same/similar name with an input text ignoring the case I am trying to scrape a website using selenium.,0.3385,0.1795
Python,Display tuple and detailed address different in Geopy,0.152,0.1795
Python,Extract column from tabular data,0.1091,0.1795
Python,Issues with Django form select field that queries the ORM when there is no migrated database?,0.2162,0.1795
Python,Stratified KFold vs KFold in scikit-learn,0.1156,0.1795
Python,how to take the hostname or base url How do I get a running base url?,0.1522,0.1795
Python,Next page with python beautifulsoup,0.1265,0.1795
Python,"Python arguments and kwargs - is it a preference issue, or is there an actual behavior difference?",0.2252,0.1795
Python,How to rasterize 2D points on a 2D canvas with custom values?,0.1419,0.1795
Python,Applying corrections to a subsampled copy of a dataframe back to the original dataframe?,0.2118,0.1795
Python,How can I count occurrences of sublists in a list and display them as dict,0.1696,0.1795
Python,Python (Google Sheets API) - Searching for a certain string and returning the whole row,0.204,0.1795
Python,Django ORM filter SUM different related objects on a loop,0.1443,0.1795
Python,How to add shapes based on strings in Python?,0.1068,0.1795
Python,"Pyglet shaders not working, keep erroring",0.1301,0.1795
Python,How to check if a function returns one type of data or another in python,0.1641,0.1795
Python,Python Pandas dataframe user search function,0.149,0.1795
Python,Why I cant connect to linux computer using netmiko?,0.1294,0.1795
Python,Shut down a socket server - Python I have been trying for so long to create a chat between 2 clients.,0.2244,0.1795
Python,Easygui file encoding and returning to the begin of the code,0.1467,0.1795
Python,Tensorflow.python.framework.errors_impl.InvalidArgumentError: Input to reshape is a tensor with 790272 values I am trying train my images.,0.3135,0.1795
Python,Find string/float with Metacharacter with Regex in String (Python),0.1714,0.1795
Python,How do I customize how Django handles successful password resets?,0.1702,0.1795
Python,Creation of columns based on date column in Python Pandas?,0.1456,0.1795
Python,Filling pandas DataFrame with values from another DataFrame of different shape,0.2063,0.1795
Python,Conditional Loops with arrays,0.1214,0.1795
Python,How to make the list loop working in selenium python?,0.128,0.1795
Python,"python smtplib how to use MAIL FROM to redirect the bounce back email, any sample code?",0.1987,0.1795
Python,computing an EWMA of a DataFrame by time,0.0989,0.1795
Python,Listing trash bin contents showing as empty,0.1246,0.1795
Python,Loading Images Into TensorFlow2.0 From Local Directory: ValueError: Failed to convert a NumPy array to a Tensor (Unsupported object type int),0.313,0.1795
Python,multithreading code with rendevous objects time delay while running the code,0.1997,0.1795
Python,How to get the string value that matches in the 'Description',0.1459,0.1795
Python,Django object filter - highest bid for every item I want to filter an object which contains the highest price for each listing_id.,0.2891,0.1795
Python,how to split a string at special symbol in python?,0.1174,0.1795
Python,Unusual for loop found in library [duplicate],0.1271,0.1795
Python,flask-slack-app-slash-command-Function executes if we click the button too,0.1782,0.1795
Python,TPUEstimator does not update meta-weights I train a neural network using TPUEstimator.,0.2123,0.1795
Python,I'm trying to create a temporary file for a dataset,0.117,0.1795
Python,Is there a python implementation for Hatemi-J cointegration test?,0.1702,0.1795
Python,Replace part of string with '()' I need to replace some country names which has '()' or numbers in the 'Country' column of a dataframe.,0.289,0.1795
Python,How to move just two columns of pandas dataframe to specific positions?,0.1733,0.1795
Python,How to read a .sql file using sqlite3 in python?,0.1081,0.1795
Python,"IPython.display: how to change width, height and resolution of a displayed image",0.1926,0.1795
Python,How to remove dot from dictionary key in python,0.1168,0.1795
Python,Web Scraping on Dinamica JS loaded sites,0.1111,0.1795
Python,Problem retrieving user input from second pop up dialogue for Tkinter,0.1765,0.1795
Python,ERROR: Command errored out with exit status 1: python setup.py egg_info Check the logs for full command output - install GRPC Python 3.6,0.2992,0.1795
Python,"Do not add “,” after last field in CSV",0.0794,0.1795
Python,Discord py message.createdatim wondering how i can format the following,0.1831,0.1795
Python,Googletrans throws a Connect Timeout error (the handshake operation timed out),0.2022,0.1795
Python,2d array function months I have monthly data of 25 total years.,0.1482,0.1795
Python,pyqt widget not expanding to parenttrying to get a custom widget to expand to parent and it's only doing what I want when my widgets are inheriting from QLabel instead of QWidget.,0.3901,0.1795
Python,After merging two sorted linked list None gets appended at end of newly constructed list,0.2082,0.1795
Python,sort lines in file by negative value in string,0.1131,0.1795
Python,Is there a solution that allows you to perform a task every specified number of seconds in a thread without putting it to sleep?,0.2845,0.1795
Python,Getting pretty bad accuracy using CNN Model in KerasI'm pretty much new to Machine learning,0.2122,0.1795
Python,Example Implementation lda2vec pytorch,0.1838,0.1795
Python,Issue in locating web element selenium,0.1188,0.1795
Python,How to get count of two properties in one excel by validating from other excel?,0.1819,0.1795
Python,How to convert a string into nested dictionaries in python (Generator expression)?,0.204,0.1795
Python,How to create a timer function that can be called multiple times before it ends?,0.1846,0.1795
Python,How might I count the occurrence of a specific character that is different in every row,0.2016,0.1795
Python,How can I speed up scipy.integrate.quad?,0.0961,0.1795
Python,supermarket dataclasses,0.2074,0.1795
Python,Confused on how to print numbers only from list and convert them into float,0.1761,0.1795
Python,Python - Matrix with the sum of two variable depending on a third,0.1526,0.1795
Python,javascript error: Cannot read property 'scrollInto View' of undefined,0.1922,0.1795
Python,Split out dictionary formatted column into separate column for key and values assosiated with it,0.2303,0.1795
Python,"How do I create a function to slice 2d arrays in python? The only user input is the array itself, the first element of the slice and the last element of the slice?",0.3579,0.1795
Python,How to transfer columns to rows in comma separated value file in python?,0.1704,0.1795
Python,anaconda folder is taking too much space I have installed anaconda in my D: drive because my SSD(C: drive) is only 128 GB.,0.2685,0.1795
Python,Data storage on disk for complex output I have a fairly complex GUI application designed around some physical simulations.,0.2794,0.1795
Python,When I am using the grid I used half the screen width and screen height but I got these errors tkinter python,0.2444,0.1795
Python,"What is meaning of (x,y//2) in python programming",0.1094,0.1795
Python,How would I read the outputs with angle brackets in python,0.1401,0.1795
Python,Django sometimes does not cascade on delete,0.1246,0.1795
Python,How to use previously saved model to assign topics in PyCaret NLP using assign_model(lda) function?,0.2307,0.1795
Python,Error message on loading old pymatgen data: AttributeError: 'Periodic Site' object has no attribute 'properties',0.2653,0.1795
Python,TensorFlow2: placeholder only takes keyword args,0.1653,0.1795
Python,Calculate euclidean distance between mean value and datapoints,0.1888,0.1795
Python,matplotlib error when using split list entry as argument,0.1508,0.1795
Python,Anaconda Individual Edition 2020.11 will not install Geopandas,0.1734,0.1795
Python,How to identify Strings with the same format in python,0.1338,0.1795
Python,Appending only a subset of a dataframe with another one,0.1373,0.1795
Python,replacing values of dataframe column,0.1323,0.1795
Python,How to insert numbers at the end,0.0752,0.1795
Python,Train model on Colab TPU with distributed strategy,0.1398,0.1795
Python,Python IDLE no longer opens after clicking on its icon I was able to use python IDLE earlier.,0.2104,0.1795
Python,JSON to pandas DataFrame,0.0868,0.1795
Python,formatting timedelta64 when using pandas.to_excel,0.1742,0.1795
Python,Download bulk images in python,0.0976,0.1795
Python,I'm writing a code to take a user input and provide its documentation in python.,0.1815,0.1795
Python,Pad function in Numpy I'm using np.pad to pad 4d array,0.1183,0.1795
Python,"Rollback many transactions between tests in sqlalchemy core back ground: hey y'all, i am setting up testing with my sqlalchemy core project.",0.3101,0.1795
Python,Finding the local minima with a robot in python,0.1168,0.1795
Python,Creating an audio file from a mel spectrogram,0.1194,0.1795
Python,"Combining multiple substitutions with regular expressions in python, django",0.2198,0.1795
Python,exchange lib not work with some subject filters,0.1275,0.1795
Python,Python binary search can not solve I am having troubles while learning binary search.,0.2032,0.1795
Python,Get data from JSON nested arrays and put it into excel,0.1269,0.1795
Python,How to count word frequencies from an input file?,0.1218,0.1795
Python,"Template Does Not Exist at /users/register/ bootstrap5/uni_form.html I am building a registration form for my django project, and for styling it I am using crispy forms.",0.3666,0.1795
Python,Edit via grid component a csv in Flask frontend in excel like,0.1438,0.1795
Python,Check if there is a next item on the list to avoid: list index out of range,0.1664,0.1795
Python,Parse specific item in XML by id I'm a beginner so to improve myself i'm working on those kind of things.,0.234,0.1795
Python,Python popen and pipe: processing outout of the subprocess happens with a delay,0.1914,0.1795
Python,How to build two audience segmentations based on attiude and interests in Python?,0.1973,0.1795
Python,Generate heat-map of cyclical continuous features - 24-hour time,0.1644,0.1795
Python,Delay in a threaded function response,0.1137,0.1795
Python,Getting invalid syntax running python on ubuntu,0.1426,0.1795
Python,Unit Test without Demo Data in odoo Can I actually run a unit test without mark 'load demo data' on my database?,0.2481,0.1795
Python,Can you change the element in the list while reversing in Python?,0.1545,0.1795
Python,Can not configure a Starlette .env file I'm trying to set up the .env file for my project.,0.199,0.1795
Python,"row Span and col Span of cell are always 1, by google document ai processor",0.1708,0.1795
Python,Python 3.7.9: No module named 'discord',0.0863,0.1795
Python,Value count of complex numbers with pandas,0.1201,0.1795
Python,Python Webcolors - No Defined Color Name I want to get the name of the hexadecimal color value using webcolors.,0.2502,0.1795
Python,How to specify specific 'ctrl' key in pyautogui?,0.1231,0.1795
Python,How to reconstruct websocket request (WSS handshake) via web console,0.1785,0.1795
Python,Square a matrix in python,0.0686,0.1795
Python,Plotly: How to use scatter chart to display a multiIndex dataframe?,0.1658,0.1795
Python,Pandas Boolean Indexing Issue Can anyone explain the following behaviour.,0.1983,0.1795
Python,Calculate list result for recursive equations,0.154,0.1795
Python,Python os how to accept verification for SSH key,0.1206,0.1795
Python,How does GNURadio read binary input to a block?,0.1143,0.1795
Python,Get the text of selected checkbutton- tkinter,0.1303,0.1795
Python,"Append dimensional numpy array I have two numpy array matrix A and B of length 32 and shape (32, 32, 3) each.",0.2392,0.1795
Python,flask send_from_directory within a file representation,0.1993,0.1795
Python,How to filter a column in list Python without pandas?,0.128,0.1795
Python,make list of dictionaries overwriting one key entry from a list using iterators,0.1931,0.1795
Python,Read REF type node of a OpenCV generated YML fileI tried to read node in a YML file.,0.1879,0.1795
Python,AWS Lambda: where to store temporary secret data?,0.13,0.1795
Python,Can't import using * with,0.0595,0.1795
Python,Remove Triangulation in plot_trisurf I want to remove the triangles or diagonals in between the wireframe of a trisurf.,0.2721,0.1795
Python,Convert pandas dataframe to parquet format and upload to s3 bucket,0.1666,0.1795
Python,Can I group objects based on their transform values?,0.1331,0.1795
Python,I'm wondering why my player and my balloon which are both sprites is stuttering when I move the player,0.2301,0.1795
Python,Scraping with Python bs4 text extract out of HTML,0.1244,0.1795
Python,replacing keys from a dictionary inside a list python,0.1394,0.1795
Python,KeyError when assign colours to nodes I am getting a KeyError when I try to create a network.,0.2104,0.1795
Python,How to stop/terminate a python script from running with Background Scheduler() of APScheduler,0.2245,0.1795
Python,Selenium Unable to Locate Element of “Compose Email” Button I have been using Python to send Gmails with good progress.,0.2672,0.1795
Python,Convert to hexadecimal with multiple inputs,0.144,0.1795
Python,How to attach a dataframe to another dataframe?,0.1247,0.1795
Python,Let any user authenticate to Tweepy backend,0.1246,0.1795
Python,reading live numbers with python I am new to coding and only 13.,0.1465,0.1795
Python,Which Python idiom has been used to call functions in this example code?,0.1704,0.1795
Python,How to get rid of values that doesnt meet thres hold in pandas Dataframe (then plotting it),0.2063,0.1795
Python,Patching imported functions in a Pytest fixture I am having issues properly patching an imported function in pytest.,0.268,0.1795
Python,ImportError: No module named parse python/node js,0.1329,0.1795
Python,Sql Select statement Optimization,0.1491,0.1795
Python,Python argparse allow combined flags,0.1323,0.1795
Python,Merge Different Dataframe which is already grouped on column,0.1658,0.1795
Python,creating an LAS file from a jpeg or tiff image based on given coordinates,0.1704,0.1795
Python,"Script runs on terminal, but not as cron I have a shell script that calls a python script, on a mac.",0.2211,0.1795
Python,Can I pickle a Zip object?,0.0546,0.1795
Python,Interpolation with np.polyfit() I am working with data I would like to plot and interpolate.,0.2106,0.1795
Python,Using Python to find the length of a cycle in array of tuples,0.1393,0.1795
Python,Python canvas move items with mouse tkinter,0.1246,0.1795
Python,scipy.optimize curve fit giving strange results when using part of a data set,0.1819,0.1795
Python,How do i get a random image from a folder python,0.107,0.1795
Python,Pandas Merging 101 How to perform a (INNER| (LEFT|RIGHT|FULL) OUTER) JOIN with pandas?,0.1936,0.1795
Python,"I'm exceeding Kinesis Get Records limits with Boto3, but I'm not getting an exception",0.1948,0.1795
Python,Access denied while trying to terminate task managerfor process in p.,0.1745,0.1795
Python,Assign variables from row from Pandas improvement,0.1515,0.1795
Python,pandas convert some column values to rows,0.1156,0.1795
Python,Debugging C++ from Python in VS Code,0.0866,0.1795
Python,How to connect head of pretrained resnet with my own dataset on Keras?,0.1644,0.1795
Python,how to return return values based on another columns values in pandas?,0.1702,0.1795
Python,Filter dataframe in python using pandas based on partial string match,0.1765,0.1795
Python,Compare between lists with different lengths?,0.1502,0.1795
Python,Discordpy embed not getting sent.,0.1104,0.1795
Python,How do I remove passwords of some of all the pdf files in a directory with python?,0.1845,0.1795
Python,Adding custom javascript audio recording field to wagtail admin interface,0.2006,0.1795
Python,How to delete multiple files and specific pattern in S3 boto3 Can Python delete specific multiple files in S3?,0.2502,0.1795
Python,Python - Fastesty way to find the sum of a list of coordinates,0.1432,0.1795
Python,Using the Same Dataset on 3 Different Classifiers is Outputting The Same Confusion Matrices/Accuracy Scores,0.2549,0.1795
Python,Tkinter Scrollbar with Grid: Scrolls past frame and scrollbar gray,0.1737,0.1795
Python,"Stacked data using python IB API I am downloading 15Y of data (daily close) for 5 stocks ('A','AAP','AAPL','ABBV','ABC').",0.2562,0.1795
Python,How to fix an error “Unresolved import 'package name' ” in visual studio 2019?,0.1796,0.1795
Python,"Access R,G,B values using python PIL Apologies if this question has been answered elsewhere, I looked at a few suggestions but didn't find a match.",0.3233,0.1795
Python,Is it possible somehow to find complex eigenvalues using SymPy?,0.1632,0.1795
Python,Cleaning text data for Neural Machine translation,0.1515,0.1795
Python,How does the nn.Embedding module relate intuitively to the idea of an embedding in general?,0.2108,0.1795
Python,Algorithm to find the longest cluster.,0.115,0.1795
Python,New line with invisible character not makes a line break?,0.1421,0.1795
Python,Append list to dataframe (pandas),0.1058,0.1795
Python,Pandas read in table without headers,0.1087,0.1795
Python,How can I get Python to read a list from a .txt document for my Discord botword,0.1767,0.1795
Python,How do I create a virtual screen for python?,0.103,0.1795
Python,"Trying to make a graph using matplotlib in Python, novice programmer in need of assistance What's causing these errors?",0.2683,0.1795
Python,"calc Points of sphere I know there are several other questions and articles on the internet, but they wern't quite enough.",0.2719,0.1795
Python,"How to compare list A and B and return yes if any sublist of B is in A Assume there are two lists A=[[1,2,3],[4,5,6],[7,8,9],[10,11,12]] and B=[[1,2,3],[5,6,4],[7,1,9]].",0.3901,0.1795
Python,How do I pass the value of a global variable to all the classes in tkinter?,0.1682,0.1795
Python,python gpg.decrypt outputfile is empty,0.1188,0.1795
Python,Selecting specific rows from a dataframe and restructuring a variable (Python),0.2022,0.1795
Python,Sending an e-mail through Python,0.0886,0.1795
Python,Handling the event in pygame,0.086,0.1795
Python,django-filters: icontains type of lookup expression doesn't work properly,0.1877,0.1795
Python,keep on getting error that .float64 has no callable rint attribute,0.1645,0.1795
Python,Jenkins: how to get current time inside Build and pass it to post build,0.163,0.1795
Python,MCA() returns “array must not contain infs or nans”,0.1218,0.1795
Python,How to get more data than the rate limit of 1000 through API?,0.1375,0.1795
Python,Pandas/Python - Merging files on different columns based on incoming files I have a python program which receive incoming files.,0.2886,0.1795
Python,How can I extract a part(number) of a string which contains special characters,0.1831,0.1795
Python,Converting an entire column of numbers in pandas to word equivalent,0.1699,0.1795
Python,Print items from list which listed in another list,0.1281,0.1795
Python,Appending an array to an array using a function in python,0.1368,0.1795
Python,How to compare two dictionary elements which has list of dicts using python,0.1812,0.1795
Python,How to identify incremental patterns in a string in Python,0.1479,0.1795
Python,How to trigger an event after value change in sqlalchemy I am defining a mapped class using sqlalchemy.,0.2355,0.1795
Python,[Python3]How to plot 55 columns using seaborn/matplotlib thanks in advance.,0.184,0.1795
Python,“zsh: unknown file attribute: 0” passing a Python tuple on the command line,0.1741,0.1795
Python,Tkinter Using loops to create buttons and writing to buttons from a dimensional list,0.2019,0.1795
Python,Dropping rows in a pandas dataframe based on conditionals after slicing,0.1831,0.1795
Python,"Splitting a string to certain length Python I have a string I'd like to split to new strings which will contain only text (no commas, spaces, dots etc.).",0.3327,0.1795
Python,python-docx save in Word 2016 version,0.0976,0.1795
Python,How to group data from a list of namedtuplesIn python,0.1303,0.1795
Python,List all the updated or newly added files after comparing two directories,0.1815,0.1795
Python,Fetch data from size table by getting id from mapping table in django?,0.1644,0.1795
Python,Python multiprocessing is not giving expected results I am new to multiprocessing with python,0.2277,0.1795
Python,how to check if there is an element in the list without getting out of index error in python,0.2075,0.1795
Python,Conditionally filling a column up to a certain date,0.1319,0.1795
Python,Trouble scraping Tableau public dashboard,0.1613,0.1795
Python,pip install sklearn error in python while using pycharm I'm trying to pip install sklearn but it gave me this gigantic error.,0.2786,0.1795
Python,Printing a specific output from a list using for or while loop,0.147,0.1795
Python,Python - write to CSV from multiple JSON files,0.1177,0.1795
Python,What is the fastest way to take status codes of a huge URL list in parallel,0.1696,0.1795
Python,invalid type promotion when doing np.where field is date type,0.1501,0.1795
Python,Python PyAudio installation error in windows i am using python 3.8,0.1595,0.1795
Python,How to extract the distance and transport matrices from Scipy's wasserstein_distance?,0.2172,0.1795
Python,Function to Return Multiple Tables,0.1207,0.1795
Python,python scrapy get list of urls from products page,0.1244,0.1795
Python,Output is a singular value rather than an array or list,0.1302,0.1795
Python,Smooth surface plot in Python I would like to create a smooth plot in Python.,0.1764,0.1795
Python,how can the swap function be invoked for the monadtall layout inside qshell for the qtile window manager(01),0.2453,0.1795
Python,Django Template: Csrf token invalid for multiple post request in the same form,0.1884,0.1795
Python,How manage a API (DeepL) which send data in UTF-8 format?,0.1256,0.1795
Python,Python Wrong Bounding Boxes around letters with OCR/Pytesseract,0.1771,0.1795
Python,How to insert a smaller image in an opencv Videocapture frame?,0.1513,0.1795
Python,Extract text between a string and new line character (/n) using regex,0.1632,0.1795
Python,Returning a slice from a DataFrame along with an int in a tuple,0.1453,0.1795
Python,Rearrange array in python,0.0937,0.1795
Python,Groupby and aggregate using lambda functions I am trying to groupby-aggregate a dataframe  using lambda functions that are being created programatically.,0.3424,0.1795
Python,How to only print lines from a file containing a certain string?,0.1514,0.1795
Python,How do I write a code for matrix using users input without numpy in python?,0.1708,0.1795
Python,Rayleigh distribution Curve_fit on python,0.1613,0.1795
Python,Process multiple txt files and merge results to one dataframe,0.1584,0.1795
Python,Right-aligning text in Python svgwrite,0.1188,0.1795
Python,Google Knowledge Graph Search API,0.1149,0.1795
Python,How to scrape daily stock index closing levels,0.1234,0.1795
Python,Python: Mortgage calculation I'm trying to calculate the first part of a mortgage but I cannot get it to work.,0.2455,0.1795
Python,Append text to textbox in pysimplegui?,0.115,0.1795
Python,What's a faster alternative to PIL.ImageTk.Photo Image?,0.135,0.1795
Python,How to write a cleaner code while adding cookies to the webdriver in python selenium According to the selenium cookie documentation.,0.2977,0.1795
Python,Why do changes on pandas df.copy() affect original df,0.1257,0.1795
Python,"Understanding Feature Hasher, collisions and vector size trade-off",0.1859,0.1795
Python,"When drag and drop a button from button to button, the button is down",0.1573,0.1795
Python,Modeling Encoder-Decoder according to instructions from a paper,0.1771,0.1795
Python,Keras failed to load Saved Model: TypeError 'module' object is not callable,0.1821,0.1795
Python,Python suprocess.run() for Windows,0.1116,0.1795
Python,How to split/slice a list in Python,0.0785,0.1795
Python,How much faster is a low level language than a higher level language?,0.1615,0.1795
Python,How to unnest (explode) a column in a pandas DataFrame?,0.1305,0.1795
Python,Passing a list through <a href = “{% url 'list_item' %}”> in django,0.1476,0.1795
Python,File path error with proper path in openpyxl?,0.1165,0.1795
Python,Create new column for number of times that string appears,0.1443,0.1795
Python,Deleting unwanted characters in the column names in python,0.1583,0.1795
Python,python list constructor for custom type - length called twice,0.1645,0.1795
Python,How to get ''' strings behavior in Jinja?,0.0993,0.1795
Python,How do I leverage background subtraction to track multiple individuals and keep track of their positions separately?,0.2722,0.1795
Python,I'm trying to resize the image using opencv in google colab but it's throwing error,0.1884,0.1795
Python,Pandas Carry Result from Calculation to Next Column I would like to add a dependent calculation to my pandas data frame.,0.2698,0.1795
Python,"Creating a list of lists from a list, where one list is 2 elements of the original",0.1845,0.1795
Python,python: filter pandas data file based on several columns,0.1482,0.1795
Python,Discretize normal distribution to get prob of a random variable,0.1654,0.1795
Python,"Setting tkinter treeview header colour in W10 This works on W7, W10 WSL but not in W10.",0.196,0.1795
Python,How to download a zip file in Python?,0.0838,0.1795
Python,How to make the discord bot react to the user's command message?,0.1465,0.1795
Python,How to pass variables from __init__ to Meta class in Django,0.1434,0.1795
Python,How to read current time in python without a package?,0.128,0.1795
Python,add pandas series values to new dataframe column at end of pandas dataframe,0.1812,0.1795
Python,Getting error message even after setting safe=False I am working in Django.,0.1794,0.1795
Python,error 126: Could not open Dll “python34.dll”Using Delphi 10.3 I have installed the new python,0.2091,0.1795
Python,Python Value Assignment Dependent upon value type,0.1515,0.1795
Python,Can I convert a percentage value to a decimal value from 0.0 to 10.0 in a DataFrame?,0.1867,0.1795
Python,Not understanding how driver unable to locate element,0.152,0.1795
Python,For Loop to determine lowest value of a list in python,0.1269,0.1795
Python,Show ipyleaflet in Jupyter notebook html export How can I include the map widget in a jupyter notebook export when exported as HTML?,0.2942,0.1795
Python,PyCharm type hint for pandas giving spurious warnings for binary operations with floats In PyCharm (community edition),0.276,0.1795
Python,Fortnite Discord Bot JSON I'm working on my fortnite discord bot and I wanted to switch cosmetic API's.,0.2314,0.1795
Python,Replacing quotation marks in Python,0.1265,0.1795
Python,Get all emojis in a string I am trying to create a function such that I pass a full string into it and it finds and returns any emojis present.,0.3171,0.1795
Python,Composing decorator with parameters in python,0.154,0.1795
Python,definition of ‘class std::initializer_list<_Elem>’ does not match ‘#include <initializer_list>’,0.244,0.1795
Python,convert image numpy.ndarray to PIL image format [duplicate],0.157,0.1795
Python,Visualize documents embeddings and clustering,0.1844,0.1795
Python,How to divide 24 hours into 96 quarters?,0.0961,0.1795
Python,Handling javascript ajax requests in Python http server,0.1602,0.1795
Python,I don't know how to write sql query in python,0.0971,0.1795
Python,What are the solutions to have a colab file to be viewed offline if it has charts made with altair library,0.2383,0.1795
Python,How to fix :TypeError: Leave One Out() takes no arguments - Top-N recommendations,0.1886,0.1795
Python,Dropping filtered rows in pandas I need to filter phone numbers and drop filtered phone numbers.,0.2241,0.1795
Python,Error While Showing Matplotlib Figure in Flask I'm taking two inputs from a flask endpoint.,0.2108,0.1795
Python,Why does Python process the default statement of dict.get() when the key is found?,0.1871,0.1795
Python,Matplotlib Display Dollar Signs in Tick Labels (Strings),0.1586,0.1795
Python,scipy sparse linalg cv works wrong,0.0986,0.1795
Python,Python/ SQL : replacing the empty strings of a DataFrame by a “Null” value to insert the data in a database,0.2364,0.1795
Python,How to access Foreign Key field object in order to get correct URL in views.pymodels.py,0.1987,0.1795
Python,Not able to pull song cover art from Spotipy API even though it is visible when I print the output dictionary,0.2453,0.1795
Python,Python - Best way to detect accent HTML escape in a string?,0.1372,0.1795
Python,selenium 'webdriver' not being recognised (python),0.164,0.1795
Python,How to call a network in tf.keras.Sequential()?,0.1092,0.1795
Python,Adding random values in column depending on other columns with pandas,0.1765,0.1795
Python,Rotating proxy pool with delay To avoid having to wait while calling an API I want to use a rotating pool of proxies. Is a proxy pool the correct way to do this?,0.3547,0.1795
Python,Plotting log likelihood as a function of theta1 and theta2,0.1479,0.1795
Python,create dataset from one column csv file where data are separated by spaces,0.1782,0.1795
Python,python configuration for SR830 via RS232,0.1289,0.1795
Python,Creating a 2D grid using a file in pythonI am making a grid that is populated with numbers from a txt file.,0.2388,0.1795
Python,Error occurred while loading a pre-trained model of h5 format,0.1501,0.1795
Python,tkinter combobox gets full focus and figure connection is lost,0.1619,0.1795
Python,Matplotlib polynomial regression — too many lines showing,0.181,0.1795
Python,multilabel text classification size mismatch I am working on a multilabel classification task of text.,0.2453,0.1795
Python,How to use infinity in python I am working with graphs in python.,0.1495,0.1795
Python,Bug in taking difference of two lists,0.0976,0.1795
Python,Convert 2D numpy array to a 1D array of my own dtype,0.1156,0.1795
Python,"Syntax Error while writing a python program in vim I'm slowly trying to convert to writing code in vim, and stumbled upon a problem while writing a python program.",0.3563,0.1795
Python,How to update a webpage from a button click in a python webserver I could not find an answer to this simple python question.,0.2757,0.1795
Python,Using while loop with counter in django template I need to put a counter in while loop in template.,0.2233,0.1795
Python,How can I get around a Unique Constraint error when inserting data into postgre sql with flask?,0.218,0.1795
Python,Newline for Django form field,0.0918,0.1795
Python,Is it correct back propogation for NN I have 3 layer NN.,0.1263,0.1795
Python,"Name not defined, even with global variable?",0.1226,0.1795
Python,TypeError: cannot astype a datetime like from [datetime64[ns]] to [timedelta64[D]],0.1964,0.1795
Python,Having trouble plotting 2-d heatmap interpolation plot. How do you get rid of negative values in interp2d?,0.2417,0.1795
Python,Why this model doesn't fit the result,0.0867,0.1795
Python,What should I do if “sudo /usr/share/bcc/tools/execsnoop” fails after build BCC from source?,0.2062,0.1795
Python,Is there any way to get intellisense for python dicts?,0.1315,0.1795
Python,Errors while installing python packages I 'm not able to install python packages from both pip and easy_install.,0.2567,0.1795
Python,Summing up arrays without doubles,0.1149,0.1795
Python,spaCy - Add extended function to pipeline causes stack overflow I am trying to add a matcher rule-based function to my spaCy pipeline.,0.2967,0.1795
Python,How do I add tick labels to a pandas plot?,0.0893,0.1795
Python,How to specify python package in cmake?,0.1034,0.1795
Python,Python3 - Replace Values in JSON Object,0.1162,0.1795
Python,"Pandas, search for results in another column based on condition I am using pandas library to read data from a .json file.",0.2686,0.1795
Python,Networkx - Subgraph matching with node attributes for only some nodes,0.182,0.1795
Python,Grid Search CV on user define metric for binary classification?,0.1632,0.1795
Python,Get user profile picture in Microsoft Graph,0.1246,0.1795
Python,Unable to convert pandas dataframe column to int variable type using .astype(int) method,0.2101,0.1795
Python,how to merge different key value pairs in python based on value of a key?,0.1653,0.1795
Python,"Carriage return produces odd behavior in Python using the [end = ] parameter carriage_return = ""I will use a carriage\rreturn""",0.283,0.1795
Python,Listing the Document ID from TinyDB,0.1037,0.1795
Python,Migrate tf.nn.static_rnn to Tensorflow 2.0 I am new in deep learning and trying to migrate this code to tensorflow 2.0,0.2635,0.1795
Python,Retrieving table values from HTML with the same tag names using Beautiful Soup in Python,0.2082,0.1795
Python,Learning curve and validation curve sklearn,0.144,0.1795
Python,why Visual studio code can not find pandas when it is already installed,0.1692,0.1795
Python,Databricks spark UDF not working on filtered dataframe,0.1561,0.1795
Python,Add regression line to a shap.dependence_plot Is it possible to add a regression line to the result of shap.dependence_plot of the shap Python package?,0.3328,0.1795
Python,How to get a flat array as a response from GraphQL server I am having difficulties with some GraphQL queries to a web service.,0.2801,0.1795
Python,ModuleNotFoundError: No module named 'fenics' i'm new to python on Mac and i need to solve PDEs.,0.2141,0.1795
Python,Google Analytics unsampled report : How to set a destination location (Google Drive OR GCS)?,0.2167,0.1795
Python,G cloud commands on Windows (using git bash) are logging ERROR: WindowsApps/python3: permission denied All command work fine when I run it on Windows PowerShell.,0.3504,0.1795
Python,How to resolve “cannot get window” error in kivy?,0.1168,0.1795
Python,How to get value from tkinter entry box and use it in Pandas I am trying to develop a tool in filtering large csv file with tkinter and pandas in Python.,0.3378,0.1795
Python,Python stripping characters and combine list objects,0.165,0.1795
Python,Receiving error (ConnectionResetError: [Errno 104] Connection reset by peer) from TCP server while trying to send message,0.2797,0.1795
Python,How to create a column with the most recent data in a Pandas Data Frame I have a data frame for the GDP of various countries.,0.2778,0.1795
Python,"Sequencing wn.onkeypress's I'm making a game for a small project in class, and I need help with sequencing on onkey presses.",0.2748,0.1795
Python,MQTT message from csv file,0.0744,0.1795
Python,Implementing LSTM in Keras. ValueError: layer sequential is incompatible with the layer,0.2216,0.1795
Python,How do i can copy message from a public Telegram Chanel with a bot in a my Telegram Chanel?,0.2038,0.1795
Python,How to Extract title from <a> tag within DIV using Python?,0.1339,0.1795
Python,Python loop not running in SLURM I have a python code that uses a function (let's call it integrator_MPI) that is parallelized according to MPI.,0.3162,0.1795
Python,Extract string using Regex and Python,0.1137,0.1795
Python,Can json schema's format keyword take multiple values?,0.1407,0.1795
Python,Orion Lite(Motilal Oswal) Api On Linux enviroment,0.1329,0.1795
Python,Pyomo: Constraint doesn't change variable values after solving the objective Introduction,0.2298,0.1795
Python,Is It Possible to Use Python Code with Pytorch Launched From Node JS?,0.1615,0.1795
Python,Extract details from a filename in a folder,0.1112,0.1795
Python,How do I correctly encode in mysql df.to_sql?,0.1068,0.1795
Python,Plot network x with assigned coordinates,0.1289,0.1795
Python,Can I use if statement on list of values from SQLite?,0.1215,0.1795
Python,python OpenCV: convert png to 16 Bit RGB A png image for E-pape Display What is the way to convert RGB images to RGBA in python using OpenCV?,0.3115,0.1795
Python,How can I clean product names in python that have misspelled in typing?,0.1674,0.1795
Python,Incomprehension of input data for the LSTM model,0.1316,0.1795
Python,Is there a way to convert an older version of DOCX (below 2007) to a newer version of DOCX (2007 and above) in python?,0.2588,0.1795
Python,Signature Error while updating S3 object metadata through boto3,0.1771,0.1795
Python,Cannot import installed package I was following the Packaging Python projects tutorial and everything was working fine.,0.2799,0.1795
Python,Flipping pairs in compressed list in Python I'm new to Python and I've been banging my head around a problem for a few days now.,0.2844,0.1795
Python,Take list of strings and split it based on commas into 2d list,0.1423,0.1795
Python,How can I get a specific value from function?,0.1068,0.1795
Python,Python-binance in AWS Lambda issue: Unable to import module … No module named 'regex._regex',0.2117,0.1795
Python,replace certain not known words in a string,0.1112,0.1795
Python,"How to create, deploy and trigger a pretrained Tensorflow model by using an API endpoint without using notebook instance?",0.2758,0.1795
Python,Plotly express title styling I am struggeling since several hours to style my pie chart title.,0.2188,0.1795
Python,Pycharm imported Opencv-python lib can not use cv2 module directly,0.1666,0.1795
Python,PyInstaller + subprocess.check_output + Windows Scheduled task this is a topic for somebody who may face similar thing in future.,0.2917,0.1795
Python,Split a pandas dataframe row containing a dictionary into multiple rows I have a pandas dataframe with two columns- group_id and personal_score.,0.3219,0.1795
Python,What does execute_script() in Selenium does,0.1364,0.1795
Python,Python library for hierarchical sets (or set operations on trees),0.1679,0.1795
Python,Can python plot power characters?,0.1104,0.1795
Python,How to rename all files names in folder based on another file name folder?,0.1716,0.1795
Python,I want to show a specific customers balance in a panel,0.1269,0.1795
Python,Creating simple network x graph layout for given datapoints I have datasets of (50x2) size.,0.2119,0.1795
Python,Using recursion to build a dictionary,0.1137,0.1795
Python,Getting only numbers from BeautifulSoup instead of whole div,0.1658,0.1795
Python,"Create columns from values and fill them with data from another column (get_dummies, label/one hot encoding)?",0.2501,0.1795
Python,How to prevent Duplicate Signals in Django,0.1201,0.1795
Python,Classify if point is within specified area using threshold - python I've got a df that contains xy points.,0.238,0.1795
Python,no data found issue while running selenium on DJango,0.1357,0.1795
Python,Scraping a Page Generated by Search/Authentification Overflowites,0.2011,0.1795
Python,How to code drop-down list properly in kivy-language?,0.128,0.1795
Python,Defining __add__ (and other magic methods) dynamically,0.1675,0.1795
Python,is there a way to mount google drive in colab with id and password?,0.1516,0.1795
Python,Setting With Copy Warning issue I have a Setting With Copy Warning in the code.,0.1819,0.1795
Python,pymongo get Times tamp without Object,0.1137,0.1795
Python,Writing text to terminal with some period I'm new to python and programming.,0.1774,0.1795
Python,How to share the different report to different senders list in jenkins,0.1721,0.1795
Python,Dagster: how to reexecute failed steps of a pipeline?,0.1344,0.1795
Python,What does “mro()” do?,0.0375,0.1795
Python,How to instantiate multiple classes in one class: Python OOP,0.1526,0.1795
Python,How to crop an image to a shape for eg. circle using Pillow in Discord.py? How can I crop an image to a shape for eg. circle using Pillow in Discord.py?,0.3359,0.1795
Python,create DLL instead of .lib from python file by cythonizing itI want to generate .dll files from Python files.,0.2453,0.1795
Python,Selenium not detecting an element,0.1149,0.1795
Python,Python case insensitive file name?,0.1162,0.1795
Python,Plotly Dash side by side graphs I am trying to create a Dash dashboard with two plotly graphs side by side and one under them.,0.2798,0.1795
Python,Python - Define class method outside class - Can't start method name with underscore,0.2011,0.1795
Python,Pygame surface collision working except for the bottom of the screen,0.1732,0.1795
Python,Why “KeyError: 0” in the k-means clustering in the code below,0.1381,0.1795
Python,Pygame - Images are not Working on Visual Studio Code,0.1344,0.1795
Python,Atom NameError: name '' is not defined,0.1036,0.1795
Python,How to control the access to a function based on the last access time using threads?,0.1922,0.1795
Python,Django: Show download able custom log file,0.1168,0.1795
Python,How to create a table with django models inside the app?,0.1314,0.1795
Python,Integrate Pygame in PySimple GUI I have a game written with a Pygame loop and it currently draws everything happening in the pygame window.,0.3086,0.1795
Python,How to catch exceptions from multiple threads?,0.1348,0.1795
Python,How to efficiently check if values from a list exist in a list of dict,0.1586,0.1795
Python,Python Pandas groupby: filter and apply according to condition on values,0.1844,0.1795
Python,Pygame window freeze during large calculations in main loop I have a game where you play against an AI.,0.2331,0.1795
Python,Stop pysttx3 in between while speaking using hotkey I am making a Jarvis like automation bot I have written half code.,0.2652,0.1795
Python,"Error as must be real number, not None Type when doing dickey fuller test on rolling window",0.2077,0.1795
Python,Simple way to create an incrementing Python array,0.1357,0.1795
Python,Converting .XLS files to .XLSX on Mac I use several .XLS files that I need to convert to .XLSX periodically but I would like to automate this using Python.,0.3375,0.1795
Python,Use row and col to find a letter in a txt.file,0.0968,0.1795
Python,How to select one list from an output of multiple lists?,0.1314,0.1795
Python,Use bubble numpad to input text to “active” text input field in kivy,0.1567,0.1795
Python,Saving a numpy array in a C structure I am passing numpy arrays to C code using ctypes.,0.1954,0.1795
Python,How to improve curve fit for data with multiphasic exponential equation?,0.1844,0.1795
Python,How to load a saved Tensorflow model and evaluate it,0.1268,0.1795
Python,How can I reconnect to the browser opened by webdriver with selenium?,0.167,0.1795
Python,Instaloader gives KeyError: 'entry_data',0.1806,0.1795
Python,Pandas calculating a new column under condition,0.1426,0.1795
Python,Python - logic behind gift swap I'm looking for guidance here.,0.1472,0.1795
Python,Celery cannot get object from database I use admin.,0.1294,0.1795
Python,vstack rectangles left to right using open-cv I'm trying to vstack rectangles (from left to right) using open cv contour.,0.2686,0.1795
Python,unboundlocalerror while using datetime to create new dataframe I keep getting an error,0.2141,0.1795
Python,Python: truncate txt file before writing,0.1251,0.1795
Python,"Given a string s, find the substring with k elements that contains the maximum number of vowe",0.2128,0.1795
Python,Python Regex: match begin and end of timestamp substring in transcript with backslash and newline I have been searching everywhere but I cannot seem to find an solution.,0.3684,0.1795
Python,How to get a list of nodes 'inorder' with python igraph,0.1261,0.1795
Python,How can I check to see if a user doesn't gave a role?,0.1114,0.1795
Python,AWS Notebook - Importing files within a date range from S3 folders,0.1625,0.1795
Python,Can I call a thread recurrently from within a thread?,0.128,0.1795
Python,How to turn data graph into excel file by using python?,0.1281,0.1795
Python,How to remove certain entries in a data frame based on values within the dataframe,0.1917,0.1795
Python,How to write contents of json to a csv file in python?,0.12,0.1795
Python,CURSE NOT SHOWING WINDOW I installed the package windows-curse but when I run a program from the terminal the window doesnt show.,0.2875,0.1795
Python,Remove dictionary element based on dict.values(),0.1405,0.1795
Python,Matplotlib: Create a colormap that cuts off sharply at specified values,0.1811,0.1795
Python,Webscraping data from an interactive graph from a website,0.1545,0.1795
Python,python argparse - either both optional arguments or else neither one,0.1785,0.1795
Python,Kafka consumer not displaying the message I am trying to understand how a Kafka producer works.,0.2215,0.1795
Python,Why does it says that couldn't open shooting_game\player.png on Pygame?,0.1674,0.1795
Python,Use Set From Element Labels method in assembly,0.1234,0.1795
Python,"Easy to use (?) function to get nearly any parameter into python by ini-files, command line and program name",0.2405,0.1795
Python,How to replace a list in a file?,0.0634,0.1795
Python,Trying to append common values to specific numbers in an array.,0.1546,0.1795
Python,Loss fuction does not reduce in Tensorflow Keras I am very new to neural networks.,0.1902,0.1795
Python,scipy.stats kstest for Poisson distribution / works with (x2) sided but not with (x1) sided?,0.2086,0.1795
Python,pytest.skip within pytest_generate_tests skips all test functions in module instead of specific tests,0.2507,0.1795
Python,pandas calculate total years from lists of years in multiple columns,0.1732,0.1795
Python,Calculating essential matrix using OpenCV - what did I do wrong,0.1609,0.1795
Python,Setting Initial Values In a Dataclass Used in a Mock Before Every Test,0.1662,0.1795
Python,Matplotlib linear regression for scatter plot with log-probability scale,0.1971,0.1795
Python,why is function with a list comprehension statement *faster* than the list comprehension statement?,0.24,0.1795
Python,overwriting cells from one pandas dataframe to another based on row values,0.1846,0.1795
Python,How to pass a file and list_of_strings to search as a command line arguments in python,0.1989,0.1795
Python,huggingface transformer models: KeyError: 'input_ids' message at beginning of BERT model training,0.2492,0.1795
Python,Sequentially solving linear algebra systems in the fastest way,0.1734,0.1795
Python,Selenium Python Can't click button: Element Not Interact able or Stale Element Reference Exception,0.2343,0.1795
Python,Python file write generates synchronous write,0.154,0.1795
Python,SOLVED:async websockets while loop logic New to python,0.1432,0.1795
Python,Perspective warping using QR codes as anchors in the image,0.1479,0.1795
Python,How to define a database trigger in sqlite using sqlalchemy/python?,0.1678,0.1795
Python,Raise ‘PicklingError’error when apply functions in certain class with pyspark,0.2009,0.1795
Python,Errno 13 when installing using Conda Install (module “Nglview”),0.167,0.1795
Python,drf serializer don't find value because of is_html_input() function,0.175,0.1795
Python,"Pandas isin() returning all false I'm using pandas 1.1.3, the latest available with Anaconda.",0.2088,0.1795
Python,Brownian motion on a Matplotlib canvas,0.1188,0.1795
Python,How to use feature union and column transormer on top of spark dataframe I was going through the concept of feature union and column transformer.,0.3207,0.1795
Python,Prevent Matplotlib Legend from smushing h-padding on vertical sub plots?,0.1844,0.1795
Python,Determine plot size with grid Matplotlib,0.1289,0.1795
Python,Extract TP and FP from COCO api / pycoco tools I'm currently trying to use the TP and FP in the evaluation of the pycoco tools.,0.2802,0.1795
Python,Slicing a list to extract the last k and next k elements given an index,0.1613,0.1795
Python,"Why validation loss, validation accuracy stay in the same range of values?",0.1808,0.1795
Python,How to only print a string in Python when the contents update?,0.1451,0.1795
Python,Want to make new version of formatted string from old version in python This a old version formatted string.,0.2453,0.1795
Python,Running tests in nose2 with Coverage I am currently developing a project in Flask and facing some issues trying to get nose2 to run with the Coverage plugin.,0.3446,0.1795
Python,Python SQLAlchemy engine.execute: data argument can't be an iterator I am trying to learn some Python including Pandas.,0.2683,0.1795
Python,AttributeError: 'NoneType' object has no attribute 'copy' error,0.1787,0.1795
Python,Why don't all methods inherit from the class?,0.1068,0.1795
Python,"Boolean Labels Training with Keras causes the error “Please provide data which shares the same first dimension” So, here is what I am trying to do.",0.3217,0.1795
Python,Using windows forms in Python how to change starting position of message box,0.1841,0.1795
Python,How to calculate the window size of a packet in Python using PCAP file?,0.163,0.1795
Python,"Plotly - Rangebreaks with pattern, bounds and values all together not working",0.1968,0.1795
Python,"Creating a Bootstrap Carousel in Django project, Can click on prev I am trying to create a carousel in my django project using boot strap.",0.3047,0.1795
Python,How to write DataFrames to excel in a loop I'm having a hard time figuring out why pandas doesn't write anything after running my code.,0.299,0.1795
Python,How to read serial COM port and separate values?,0.1181,0.1795
Python,Convert string “AM” or “PM” then add to time without date,0.1285,0.1795
Python,Find index where there there are maximum consecutive occurences,0.1771,0.1795
Python,Why colored text is not shown in terminal?,0.1043,0.1795
Python,Remove non numeric values from list python,0.1201,0.1795
Python,Using Python to do basic Google Drive operations without web server authentication,0.2097,0.1795
Python,Plot a function with times tamps insted of numerical values,0.1514,0.1795
Python,Python for loop csv concurrency I am stumbling accross large files 80.000 lines + which I do have to keep in my database.,0.2677,0.1795
Python,Why does this recursive tree function work when I don't recursively call “return” inside the function?,0.2334,0.1795
Python,"Converting PDF to excel by using python, however, the excel file is empty?",0.1729,0.1795
Python,Specify filename in function: df.to_json I simply want to save my dataframe df as JSON-file on my disk.,0.2303,0.1795
Python,Can I add Q Main Window to a stacked widget,0.0951,0.1795
Python,Python - Check if a key exists in a large nested dictionary,0.1393,0.1795
Python,Clustering sentiment analysis of reviews in python,0.156,0.1795
Python,Basic transportation problem to Aggregated Uncapacitated Network Design Problem,0.2375,0.1795
Python,How to connect your installed academic initiative of CPLE x with python?,0.1765,0.1795
Python,How to remove noise in binary image?,0.0899,0.1795
Python,determine common value in pandas column,0.1238,0.1795
Python,Extracting attribute from an object for function inputI,0.1602,0.1795
Python,Python - Getting the intersection multiple two Json-Files,0.1627,0.1795
Python,"Pandas cx_Oracle - Insert failing I have this code to use cx_oracle to insert data to a table, but getting some error.",0.2619,0.1795
Python,Insert alphanumeric code for every row in SQL Python,0.1357,0.1795
Python,BeatuifulSoup parsing logic - check if an image exists before running the code,0.1934,0.1795
Python,vscode: Is it possible to import some files by deault for syntax highlighting purpose,0.2032,0.1795
Python,"Scatterplot plot multiple groups of points with different colors I want to paint different color the key of diccionary, how can i get this?",0.3076,0.1795
Python,Using conditionals when using python subprocess.call(),0.1675,0.1795
Python,Why Does my Python Multiprocessing Process Subclass Return as None When Instantiated?,0.2172,0.1795
Python,How do you get a regular expression to match a case that is within a case?,0.1655,0.1795
Python,Inconsistency in results when using numpy.median on the dataframe vs list I wanna find the median of a dataset using np.median.,0.2831,0.1795
Python,How to make a Number/Letter interval in Python,0.1131,0.1795
Python,Full copy of an instance of a dataclass with complex structure I'd like to create a copy of an existing instance of a dataclass and modify it.,0.3138,0.1795
Python,facebook messenger and dialogflow:: detect each event individually from multiple generic templates button,0.2674,0.1795
Python,Socket.io - socket.io.js not available,0.0956,0.1795
Python,Find an element in a nested dictionary in MongoDB (python),0.1433,0.1795
Python,Convert count and partition query to SqlAlchemy,0.1426,0.1795
Python,Best way to generate a custom field across a Pandas dataframe using other columns which vary?,0.2162,0.1795
Python,How to plot 3D axis-origin figure using python,0.1131,0.1795
Python,How to handle multiple datetime-formats within a dataset?,0.152,0.1795
Python,How to solve the error in installing Tensorflow?,0.1288,0.1795
Python,Numpy array: multiplication array for each row,0.1348,0.1795
Python,Streamlit does not display external url option,0.1381,0.1795
Python,Cannot import packes from within conda virtual environment I am using Python 3.8 on a Ubuntu 20.04 computer.,0.2433,0.1795
Python,Django: How to change field name in nested serializer,0.1369,0.1795
Python,How to subscribe to a .NET event in a python listener using pythonnet?,0.1627,0.1795
Python,Django REST API - Serializer Method Field() causes too many queries I am a bit lost here.,0.1998,0.1795
Python,Displaying a patter The code has to show the following pattern,0.1534,0.1795
Python,How to use distributed training with a custom loss using Tensorflow?,0.1712,0.1795
Python,Writing data to new row when every time it updates,0.1197,0.1795
Python,equivalent to 'os.mkfifo()' in python I have a script that I need to translate from unix to windows.,0.221,0.1795
Python,learning random function in Python,0.1207,0.1795
Python,Calculating rolling beta in Pandas I am trying to calculating a rolling beta between two Series in Pandas.,0.243,0.1795
Python,How to join pandas Series of numbers to make it one number,0.1344,0.1795
Python,Pandas Styling: Conditional Formatting,0.1781,0.1795
Python,Python beginner - Question on for-loop iteration,0.1405,0.1795
Python,how to print out topics and their keywords as a table using LDA Multicore in Python,0.1909,0.1795
Python,Why axes aren't visible here,0.0684,0.1795
Python,package_dir in setup.py not working as expected,0.1275,0.1795
Python,Poisson Disk Sampling on a real dataset,0.1066,0.1795
Python,how do i create a list from csv contents and then search within that list,0.1668,0.1795
Python,Problem with simulating gravity in Python So im trying to simulate gravity between 2 (and hopefully more) planets in python using pygame.,0.305,0.1795
Python,pandas - how to convert a column to a datetime object,0.1257,0.1795
Python,Groupby to count the number of calls on different days by id,0.1407,0.1795
Python,Iterating through the python and pandas loop What is the best way to look into how the loop works thourh iterations?,0.2605,0.1795
Python,Split multiple string and concat certain string python,0.1561,0.1795
Python,Python-Webscrape Linked in Listing,0.1207,0.1795
Python,How do I go about creating test suites (using python) to test functionalities of Amazon AWS SQS (not FIFO) using Elastic MQ?,0.2733,0.1795
Python,Validating Entered Data with custom constraints in Django,0.1684,0.1795
Python,Cannot get date from boot strap WTForm I am using WTForm and boot strap to get the date from a user.,0.2233,0.1795
Python,How to search thru Google Spread Sheet I'm trying to find a value exist in the G Sheet.,0.1941,0.1795
Python,Why does my CleanScreen function not work?,0.1168,0.1795
Python,Deleting a node from Binary Search tree,0.1066,0.1795
Python,How to stop Plotly Scatter from creating non-existing X values,0.1534,0.1795
Python,"how to create coordinate [x,y] with two list (for a scatter plot, matplotlib) Beginner here.",0.2064,0.1795
Python,Opencv.js build failed. Either failed to asynchronously prepare wasm or 'atomics' feature is used by C,0.2334,0.1795
Python,"Creating New dictionary from two dictionaries with Key as First dict's Value, and Value as the second dict's Value",0.2559,0.1795
Python,Comparison of excel files in python,0.1037,0.1795
Python,Percentile of a range of floating points,0.1111,0.1795
Python,I am getting error in open cv,0.0617,0.1795
Python,Is is possible to write 3 bigger dataframes to a single file with all the rows in python?,0.2004,0.1795
Python,Split date range with time by day I have a range of dates over time.,0.1515,0.1795
Python,Kubeflow example: understanding the context,0.1683,0.1795
Python,while assigning the path in python for open,0.1112,0.1795
Python,Regex to remove (whatever_inside) IFF and only IFF if there is no spacing inside the brackets I want to remove something like (Q.5) or  (5.) or (Question5).,0.3344,0.1795
Python,Can summation and product notations be used in a single line of Python code?,0.1774,0.1795
Python,Error 'Image' has no attribute 'open' but it should I am using PIL and TKinter to open an image.,0.2112,0.1795
Python,"Matlab datenum to python, I get error of about 3 hours",0.1248,0.1795
Python,Strange result when removing item from a list while iterating over it,0.1689,0.1795
Python,Removing elements from a dictionary consisting of tuples calculating the last element in the tuple and the value in the dictionary,0.2941,0.1795
Python,Unable to install Tensorflow with different solutions and methods OS: Windows 10 64 bits,0.2118,0.1795
Python,Create strings with user defined variables from user input string Is there a method to get a user input with a variable from the user input?,0.3095,0.1795
Python,How can I work on a django project in my external harddrive,0.1376,0.1795
Python,Scene Text Image Super-Resolution for OCR I am working on an OCR system.,0.1659,0.1795
Python,Inheriting a decorated class in Python raises TypeError: __init__() takes 2 positional arguments but 4 were given,0.2618,0.1795
Python,R - match combinations of nested list values from an index and return value,0.1776,0.1795
Python,Finding output of watch [script.py] command that I already ran,0.1492,0.1795
Python,"Trying to make Alarm Clock with Python, but it is not working don't know where I got stuck.",0.2026,0.1795
Python,How to send a Message with discord.py,0.0867,0.1795
Python,How to use decimal in range ```range()```?,0.0908,0.1795
Python,How to gather config files in a list with Hydra-fb?,0.1149,0.1795
Python,"Find features of other layers that cover a feature (detecting overlays) In the following picture, you see 2 layers.",0.2587,0.1795
Python,File not found error (Bash operator) : Apache airflow running on Docker,0.1749,0.1795
Python,Ipython display does not show new image when the image is updated I need to display two images in Jupyter Notebook side by side.,0.2845,0.1795
Python,Attributary Dictionary Element in Python - Dict.Element - PyTricks I want to print apple's value 1234 but not using Dict['apple'] but using Dict.apple in Python 3.,0.3512,0.1795
Python,Tkinter Not Opening Issue with SQL In this program the tkinter window only opens in the end when exit is given.,0.2489,0.1795
Python,How to make my program to use my software ( instead of system default software) when switch to another user?,0.2417,0.1795
Python,Counting the sum of a series based on the Index name in python,0.1423,0.1795
Python,Scrape tables from wiki. Python with bs4,0.1079,0.1795
Python,Read a csv file from s3 excluding some values How can I read a csv file from s3 without few values.,0.221,0.1795
Python,Stream Extraction. How can I extract from a list of lists a new list of lists containing common elements (line starting and ending coordinates)?,0.3167,0.1795
Python,join google meet meetings automatically I was thinking about a simple python automation script that will open and enter a google meet meeting via the link at a specific time.,0.379,0.1795
Python,Why is nothing printing out?,0.0814,0.1795
Python,how to get the count of each group in a column ignoring the null values,0.1613,0.1795
Python,I implemented an Item Loader in my scrapy project to format that data and it is no longer adding anything to the csv file,0.2701,0.1795
Python,Python Debugging in Vscode - make it similar to PyCharm?,0.1432,0.1795
Python,How can I do a seq2seq task with PyTorch Transformers if I am not trying to be autoregressive?,0.2129,0.1795
Python,How can I check for all exceptions using try & except without pep8 warnings in Python 2.7?,0.2024,0.1795
Python,"How to limit redundancy in displayed information in a dash Table, where only 1 column has unique values?",0.2367,0.1795
Python,Keras model only train 1 variable,0.0936,0.1795
Python,DFS to find all possible path is very slow I wrote DFS-like algorithm to find all possible paths starting from zero level.,0.2719,0.1795
Python,How to extend Django's user model I'm aware that there is a way to extend the user model in Django along with its authentication app.,0.2949,0.1795
Python,Trying to convert a list of arrays into an array,0.1127,0.1795
Python,"random.choice() equivalent in order I know using for loops display the items in a list in order, but it only displays them at once.",0.2878,0.1795
Python,Sensor data pre-processing for real-time human activity recognition,0.1795,0.1795
Python,selenium headless mode is not working when auto fill up a form I have created a script to fill out a form.,0.2365,0.1795
Python,How to make python function start back over if conditions aren't met?,0.1615,0.1795
Python,Python: How to prompt console input when stdin is occupied?,0.1468,0.1795
Python,New column in PythonI'm starting in Python and I have a question.,0.1495,0.1795
Python,crispy form not populating with data from primary key I have a form that I want to send data to from another page.,0.2541,0.1795
Python,Python - AIML wildcards are not picking up user input I'm using Python and an AIML file for a chatbot.,0.2267,0.1795
Python,How to find the parentheses and calculate the percentage of elements in a chemical composition?,0.226,0.1795
Python,Modifying TF Distil Bert For Token Classification to enable appending metadata as a parallel input stream,0.2495,0.1795
Python,Creating and capturing sub-region on web cam using OpenCv Background details,0.1909,0.1795
Python,Tweepy stream: TypeError: 'NoneType' object is not subscriptable,0.1856,0.1795
Python,"How to tokenization in English with Stanzatext = ""XXXXXX，XXXX “XX” ， XXXXX 50 XX 、 XXXXXXXXX、XXXXXXXXXXXXXXXXXXX""",0.262,0.1795
Python,UnicodeDecodeError: 'charmap' codec can't decode byte 0x9d in position 1653: character maps to <undefined> when trying ti pip install cdata,0.3085,0.1795
Python,What is the difference between tensorflow.keras.layers and keras.layers?,0.1844,0.1795
Python,Correction for Multiple Comparison of Means - Tukey HSD in Python,0.1679,0.1795
Python,pandas plot y label feature names doesn't fit,0.1093,0.1795
Python,Compute mean value per pixel using weighted 2d histogram,0.1508,0.1795
Python,Split column values into separate rows based on conditions,0.1583,0.1795
Python,Count sum of of patterns matches in pandas,0.1071,0.1795
Python,Import an image to pygame without using path,0.1153,0.1795
Python,"Extra backslash in response, how to remove?",0.1181,0.1795
Python,Mail Merge from DataFrame into Word Label Template,0.1398,0.1795
Python,Maximum spanning tree using Prim's algorithm How would this algorithm be changed to give a maximum spanning tree?,0.2575,0.1795
Python,Pandas merge non multi-index df and df with multi-index columns,0.1501,0.1795
Python,How to create a new column using a function that requires multiple columns as arguments,0.2055,0.1795
Python,Implementing JavaScript callback on interactive maps and charts (Bokeh),0.2022,0.1795
Python,Python beginner - unresolved reference,0.1724,0.1795
Python,A way to match Lisp characters containing a parenthesis,0.147,0.1795
Python,GPIO event detection is not detecting events I've issue with GPIO event detection.,0.1946,0.1795
Python,Create a new INI-file in python,0.0707,0.1795
Python,How can I put “ value_counts ” into graphic visualizations,0.1611,0.1795
Python,How to change DataFrame column values so that mean is modified accordingly?,0.1859,0.1795
Python,Process multiple csv files on pandas I have got three different .csv files which contain the grades for students in three different assignment.,0.3178,0.1795
Python,Search for common datetime values in different dataframes,0.1684,0.1795
Python,Calling a function depending on number of parametres in Python,0.1619,0.1795
Python,Python Json.load JsonDecodeError Expecting value: line 1 column 1 (char 0),0.1789,0.1795
Python,Smoothing a curve with many peaks with Gaussian I have spectroscopy data with some very sharp peaks as seen in blue curve.,0.2729,0.1795
Python,How to write multiple files as fast as possible in Python?,0.1381,0.1795
Python,How to insert NULL instead on nan into sql server from pandas dataframe?,0.1704,0.1795
Python,pandas read csv is confused when commas within quotes,0.1394,0.1795
Python,Recommending an item3 based on item1 AND item2 together in collaborative filtering,0.2097,0.1795
Python,changing an instance of a class changes entire class,0.1357,0.1795
Python,How to Import Selenium in Google Cloud Platform Virtual Machine?,0.1667,0.1795
Python,How to check if it's a certain time like e.g. 2:00pm,0.1086,0.1795
Python,Python Connection Refused Error: [Errno 111] Connection refused on Docker container,0.2167,0.1795
Python,Raspberry Pi Python run program from path I am currently trying to get a Python program to autostart on my Raspberry Pi.,0.2684,0.1795
Python,Setting up R formulae environments and conversion context managers,0.1885,0.1795
Python,How to get rid off newlines from a text file and replace them with commas?,0.1681,0.1795
Python,"While loop exits unexpectedly In this sample code, I tried to perform binary search for n times",0.218,0.1795
Python,ImportError: No module named watchdog.observers but it's installed,0.1737,0.1795
Python,Is there a Network X algorithm to find the longest path from a source to a target?,0.1845,0.1795
Python,"User Input matrix(n*n+1) in python this code is out put a[i][j] start with a[0,0] but i want it start with a[1,1] How have i do?",0.2902,0.1795
Python,Python Pcolormesh not showing,0.1214,0.1795
Python,Player score adding to much when I press my jump key,0.1203,0.1795
Python,RGB TIF to GeoTIF and Removing the Background Color,0.1319,0.1795
Python,General minimal residual method with right-preconditioner of SSOR,0.1847,0.1795
Python,How to correct ModuleNotFoundError for http.client I am trying to use the urllib library as part of a python program for web scraping.,0.2976,0.1795
Python,Going to Random Link from Search (Selenium),0.1181,0.1795
Python,Using Anaconda in WSL2 from windows?,0.1049,0.1795
Python,How do you manage a database connection in grpc?,0.1181,0.1795
Python,Is there a component in Python like JPanel?,0.1083,0.1795
Python,how do I reassign new values to python dataframe?,0.1218,0.1795
Python,Method strip() is not removing characters from my string,0.1457,0.1795
Python,"matplotlib minus sign in tick labels has bad formatting Matplotlib appears to use the ""correct"" unicode character for a minus sign in tick labels if they are set automatically.",0.3816,0.1795
Python,"error : X.shape[1] = 1 should be equal to 9, the number of features at training time I am trying different ml algorithms on a dataset to predict football player's market price.",0.3802,0.1795
Python,Ordering permutations based probabilities As a simple example: I'm trying to brute force a 4 digit passcode.,0.2467,0.1795
Python,Relative paths break down when importing modules,0.147,0.1795
Python,regex for excluding certain phrase from txt.file,0.1316,0.1795
Python,Error when using c++ function in python: OSError: [WinError 193] %1 is not a valid Win32 application [duplicate],0.2479,0.1795
Python,Pass parameter from command line in python,0.1201,0.1795
Python,My discord bot keeps spamming everytime i send a message,0.1408,0.1795
Python,How to get date from dropdown in Flask and pass it as an argument in a function?,0.1793,0.1795
Python,Passing values to form when initializing in views django?,0.152,0.1795
Python,Scrapy dupefilter filtering redirects even with dont_filter=True,0.197,0.1795
Python,Python PyQt5 threading Q Object: Cannot create children for a parent that is in a different thread I'm using Python 3.7.6 with PyQt5 on my Windows 10 computer.,0.3489,0.1795
Python,How can I get the color that is at a set of coordinates in python turtle?,0.1629,0.1795
Python,Unable to break lline when reading reading data: \r\n | IRC BOT,0.1425,0.1795
Python,Having indentation errors,0.1385,0.1795
Python,Remove the '_id' from the return of MongoDB mongo engine with python Flask,0.1747,0.1795
Python,Tkinter: Irregular spacing for widgets in frames using grid columns,0.1772,0.1795
Python,Why does the embedded list not append 5,0.0948,0.1795
Python,Issue with variable image input resolution on MNIST dataset (while using CNN),0.1902,0.1795
Python,“Least Astonishment” and the Mutable Default Argument,0.163,0.1795
Python,How to search through a set(list) using if statement with regex,0.1482,0.1795
Python,Can't connect to cloud sql instance (sql server) from GCP Dataflow python environment,0.2015,0.1795
Python,How do I subtract items that are in my inventory and print them later in my program?,0.1896,0.1795
Python,Generating k values with numpy.random between 0 and N without replacement,0.1815,0.1795
Python,flask_socketio SSL ERR_CERT_INVALID I'm running a Flask app in a local environment and want it to be secured.,0.2477,0.1795
Python,Unfolding 3D triangulation surface into planar 2D plotAfter a transformation in polar coordination and a triangulation with matplotlib (Triangulation function),0.3635,0.1795
Python,Convert \u2764\ufe0f to UTF-8 using Python,0.1043,0.1795
Python,"Import Error for tensor, keras error code -1073741795",0.1463,0.1795
Python,sum of two Linked Lists python --Problem from CTCI,0.1231,0.1795
Python,Is there a python package that allows teams to share venvs through a git-like interface?,0.2028,0.1795
Python,TypeError: __init__() got multiple values for argument 'strides',0.1828,0.1795
Python,"replace multiple values with PySpark I need to replace the values in column ""Action"" to be specific values.",0.2429,0.1795
Python,Make list via functional programming in Python,0.1381,0.1795
Python,Adding zeros to a float in a list so that all elements have the same number of digits,0.1916,0.1795
Python,Rest API - To list all tickets created on Jira Service Desk from Python,0.1657,0.1795
Python,An Bot To Join Online Class With Python Is Giving Invalid NameError,0.1627,0.1795
Python,Unable to load a trained check point,0.0931,0.1795
Python,Pandas - Dynamic baseline value from the change of values within period of time,0.1896,0.1795
Python,Can't install packages like simple HTTP Server with pip2.7,0.1401,0.1795
Python,How do I successfully put every possible position a computer and human can make in a Node,0.2039,0.1795
Python,How to replace a spaced comma in a string?,0.0955,0.1795
Python,Tkinter: How delete rows in a treeview?,0.1001,0.1795
Python,Can the variables defined in the post_init method of dataclasses be serialized?,0.1984,0.1795
Python,Why is my Django form not “valid”?,0.0744,0.1795
Python,Python code to get the content of randomly generated math calculation,0.1765,0.1795
Python,Dimension error while scaling probabilistic parameter estimation with pymc3,0.2224,0.1795
Python,Append list elements to list of list two elements at a time,0.1376,0.1795
Python,Python: how to print n lines above current cursor position (above current line),0.1879,0.1795
Python,py auto gui type write() only outputs upper case,0.1155,0.1795
Python,editing txt file on python and conditions?,0.1168,0.1795
Python,soup.find does not work in cloud function,0.103,0.1795
Python,Matrix exponentiation without numpy,0.163,0.1795
Python,Access the AMD System Management Unit (SMU) from Linux and using Python,0.1714,0.1795
Python,Reverse decode function of c-struct in Python,0.1194,0.1795
Python,String Check with if Statement in Python I want to check input is an equal to string or not.,0.2063,0.1795
Python,PyQt - Show another Window after correct pass,0.1271,0.1795
Python,Comparing an element from a list and print if not same,0.1269,0.1795
Python,Why different results obtained by running the GMM selection code in the webpage(the link of page I put in the question body),0.2764,0.1795
Python,Python OSError 54 ECONNRESET Germany I have a question to a nasty general problem.,0.1946,0.1795
Python,I keep getting ' only size-1 arrays can be converted to Python scalars' and I don't know why,0.2039,0.1795
Python,how to draw two graphs in pyqtgraph at the same time and put one Yaxis in log and another Y-axis in normal mode?,0.2495,0.1795
Python,How to view all decimal places in Python?,0.1002,0.1795
Python,Different result between urllib and aio http,0.1291,0.1795
Python,What are the differences between Dictionary Merge (|) & Update Operators (|=) Operators?,0.226,0.1795
Python,How to vectorise this for loop in Python?,0.1002,0.1795
Python,Plot sum of values using Pandas Gui Pandas GUI looks great. This is probably a dumb question. Is there a simple way to plot the sum of values across a key?,0.3403,0.1795
Python,I am getting an error saying List Index out of range even though for me it looks like its within the list index I'm very new to python.,0.3001,0.1795
Python,Iterate trough nested dictionary in Python,0.1389,0.1795
Python,Python DataFrame: Change status of a row in df on conditions from another df?,0.1786,0.1795
Python,Python's requests aggregates Set-Cookie response headers I am using a server less python application which acts as a proxy.,0.2768,0.1795
Python,why tf.random.log_uniform_candidate_sampler gives true class?,0.2022,0.1795
Python,return values from dataframe I have python pandas data frame like this with 200k to 400k rows,0.2142,0.1795
Python,How can I check for NaN values? float('nan') results in Nan (not a number). But how do I check for it?,0.2202,0.1795
Python,Can not get all the data from the link while using selenium,0.1376,0.1795
Python,How to convert a python class 'str' to a class 'tuple' without the opening and closing quotation marks,0.2292,0.1795
Python,Using two separate loops for one variable - python,0.1341,0.1795
Python,Retrieving second last unique value with repeated values in column Python,0.1898,0.1795
Python,Which of the following regular expressions can be used to get the domain name?,0.1831,0.1795
Python,comparing one cell from one excel file to a column of cells fron a different excel file using for loop in python,0.2512,0.1795
Python,Validating `Default Azure Credential()` using Python SDK?,0.1712,0.1795
Python,Parsing web log file using regex in python,0.1071,0.1795
Python,How to differentiate between negative and positive sign changes in a series or numpy array,0.2137,0.1795
Python,How do I have user input Python?,0.0719,0.1795
Python,How to get vectors for each document using Google News Word2Vec,0.1567,0.1795
Python,Is it possible to use the randint() function in numpy without the prefix np?,0.1741,0.1795
Python,Group different scatter markers created in a loop under the same legend,0.1752,0.1795
Python,Setting errorbar style fails in Pandas scatter plot I need to create a scatter plot with error bars and configure the the error bar style.,0.3056,0.1795
Python,Why I have to restart kernel in spyder everytime I try to run a script?,0.1598,0.1795
Python,Enable 'User cannot change password' in Active Directory via Python ldap3,0.1856,0.1795
Python,Tensorflow-datasets: Cannot batch tensors of different shapes error even after resize?,0.2185,0.1795
Python,"Minimax algorithm in python using tic tac toe I'm trying to make tic tac toe AI, which plays the game optimally by using minimax algorithm.",0.3065,0.1795
Python,mattplotlib animation in jupyter with large video files I am trying to show a video in a jupyter notebook.,0.2404,0.1795
Python,Signals over rows forecasting I need to forecast signals from some sensors.,0.1859,0.1795
Python,Search for a table in MySQL Database via Python,0.1168,0.1795
Python,"Can we use a CLI tool in linux, if we have not installed the programming language using which that tool built?",0.2455,0.1795
Python,Python: How to optimize a list result by using less lines?,0.136,0.1795
Python,Variable variables in python for specific case,0.1381,0.1795
Python,It is necessary for a windows installer to write to registary (compiled python app installed with NSIS),0.2373,0.1795
Python,How can I count the number of occurrences of multiple intersections in a nested list,0.1972,0.1795
Python,PyPDF2 ImportError: cannot import name 'Chain Map' from partially initialized module 'collections' (most likely due to a circular import),0.3088,0.1795
Python,Recursion: Return number of items in list with an even number of characters I am having trouble wrapping my head around the concept of recursion.,0.3198,0.1795
Python,How can you pass parameters to kivy button's bind functions,0.1434,0.1795
Python,Python Error just on PC startup sqlite3.OperationalError: unable to open database file,0.2123,0.1795
Python,The program terminates without warning [PyQt5] I'm writing Paint-like program on PyQt5.,0.2056,0.1795
Python,Webscraping - check for new entries,0.1174,0.1795
Python,Error while trying to make eval command [discord python],0.1457,0.1795
Python,How to make an API call vi groovy i have this python script t that allows me to to make an api call to a url very easily.,0.2707,0.1795
Python,How to format a JSON object as Pandas Dataframe?,0.1181,0.1795
Python,Python pandas DataFrame: Check if n elements has continous value?,0.1679,0.1795
Python,How do I iterate over a vocabulary list in Python?,0.1174,0.1795
Python,How to export part of a tensorflow model given input and output tensors I have a complex tensorflow model.,0.2404,0.1795
Python,Encoding Csv (cp1252) on Mac not working well,0.1137,0.1795
Python,"Found input variables with inconsistent numbers of samples: [354, 152] when printing the R2 scores",0.2297,0.1795
Python,How convert an int64 to minutes?,0.0848,0.1795
Python,Python matching partial strings in list elements between two lists,0.176,0.1795
Python,Is there a pandas function to filter a DataFrame by multiple value comparison?,0.1884,0.1795
Python,load an object if a key contains a specific value (month) Is there a way to load only an object which contains specific key value from json?,0.3078,0.1795
Python,Is it possible to run tests REST API and Selenium in one batch using the same runner?,0.1922,0.1795
Python,how to run python opencv using node js and pipe opencv output to ffmpeg and pipe ffmpeg output to nodejs,0.2349,0.1795
Python,Python - BeautifulSoup - Iterating through findall by specific elements in list,0.2126,0.1795
Python,Index Error while webscraping news websites,0.144,0.1795
Python,pytest parse argument and compare output files,0.1381,0.1795
Python,How do I get a list of all the roles my discord bot has?,0.12,0.1795
Python,Single line for loop,0.059,0.1795
Python,Will interrupting the script delete the progress in Jupyter Notebook?,0.1843,0.1795
Python,How do I deserialize JSON in C# with New tonsoft,0.1104,0.1795
Python,Inconsistent results between t-SNE on Jupyter and t-SNE on Tensorflow's Embedding Projector,0.2165,0.1795
Python,How to convert array into special items of structured array and revert it back?,0.186,0.1795
Python,what's wrong in my python code? i'm unable to get any output?,0.1327,0.1795
Python,How to get Apache's socket connection to its client,0.1232,0.1795
Python,Extract weight and bias from trained Tensorflow DNN Classifier and use without TF I'm just new to tensorflow and machine learning.,0.2911,0.1795
Python,mypy lambda optional check I noticed that mypy forgets type information when going inside the scope of a lambda.,0.255,0.1795
Python,Using discord.py is there a way to read an embed and store part of the embed as a variable?,0.2028,0.1795
Python,how to scrape google play store using scrapy,0.1153,0.1795
Python,Is there a way to implement selenium waits into a while statement?,0.1576,0.1795
Python,Avoid exporting of empty DataFrame to excel from python - Pandas I am working on an automation task in python.,0.2478,0.1795
Python,Get name of function in inherited method,0.1111,0.1795
Python,How could I run ipynb file on my device like a game icon?,0.1256,0.1795
Python,How to get a list of all on_command_error error events,0.1338,0.1795
Python,Filter employees by project in odoo 12,0.1021,0.1795
Python,How to remove certain elements from an array that start with certain characters?,0.1944,0.1795
Python,How to display an image from OpenCV in a Tkinter interface?,0.1414,0.1795
Python,JSON with Python: No expected validation errors with json schema,0.1667,0.1795
Python,Python Socket - Send and Receive Message on the Client I am developing an application using socket and python.,0.2505,0.1795
Python,Python : get random data from dataframe pandas,0.1316,0.1795
Python,How to grab Live Market data for MNQ on IBKR API?,0.1083,0.1795
Python,How to save cropped image using openCV?,0.1034,0.1795
Python,Is there a way to change the Python Launcher's name in the dock of macOS?,0.1629,0.1795
Python,Python: splitting money value (represented as Decimal with 2 significant places) into X equal parts,0.234,0.1795
Python,python http.server hangs when running cgi code in ubuntu Sorry for the possible duplication of the question.,0.248,0.1795
Python,Explanation of the LUT function in OpenCV?,0.1168,0.1795
Python,How can I extract the nodes of the giant component from edges list?,0.1555,0.1795
Python,how we can use split function with multiple _data = ['test_function'],0.1729,0.1795
Python,"How can read, manipulate, and write a range of (less than 8) bits of a byte array in Python?",0.2015,0.1795
Python,"In pandas, how to operate on the row with the first instance of a string?",0.1638,0.1795
Python,OpenAI Gym: Walk through all possible actions in an action space,0.1579,0.1795
Python,How to insert text string into ttk Entry?,0.1002,0.1795
Python,Python rq loading flask app for every request added to queue,0.1467,0.1795
Python,i have problem with deep learning right input using pandas and list,0.1627,0.1795
Python,Python to add line when a specific line found,0.1093,0.1795
Python,How to map items to pool map results in python,0.1057,0.1795
Python,"Using different functions pythontically I wrote a Twitterbot, mostly for fun.",0.1989,0.1795
Python,Youtube API request actual amount of available queries points Is there any way to request actual amount of available queries points?,0.2977,0.1795
Python,SciPy optimise to maximise function for binned data,0.1439,0.1795
Python,How do you find highest value in the list then increase it with the other values increasing as well expect a value that is set as 0,0.2915,0.1795
Python,"Django - ValueError: Socket has not been accepted, so cannot send over it",0.1739,0.1795
Python,VS Code .py ModuelNotFoundError no moduel named 'pyodbc',0.1558,0.1795
Python,Incorrect output while decoding words Consider words in below code is a list of words mentioned,0.2229,0.1795
Python,"Closest element to a value (Elementwise, numpy array)",0.1435,0.1795
Python,Flask URL route encoding problems,0.1149,0.1795
Python,Layer 'meta-python' depends on version >= 12 of layer 'core'I get a strange error.,0.181,0.1795
Python,Pandas Dataframe Question: Subtract next row and add specific value if NaN,0.1827,0.1795
Python,Flask restful output XML only,0.0918,0.1795
Python,PYTHON 3 - How to web scrape a password protected website?,0.141,0.1795
Python,Ansible can connect to windows machine from localhost but not from docker container,0.2051,0.1795
Python,Distance score between lists using cdist,0.1289,0.1795
Python,Python : Fill a specific column with the same value in a Dataframe and remove the rows useless,0.2141,0.1795
Python,How to read an Element from QForm PyQt5,0.0948,0.1795
Python,Creating JSON object from Python's dictionary,0.1336,0.1795
Python,Python string comparison failing,0.1422,0.1795
Python,Parse urlib request I have the following huge output from the code,0.1595,0.1795
Python,How can I loop through function arguments?,0.1168,0.1795
Python,Removing from pandas dataframe all rows having less than 3 characters,0.1765,0.1795
Python,How to get the redirect link of an anchor tag which is built using JavaScript?,0.1791,0.1795
Python,How to programatically post to Django Rest Framework endpoint?,0.1708,0.1795
Python,"pandas.tyle.apply, subset for multiindex, cannot show correct information",0.1961,0.1795
Python,Do all object variables need to be defined in the constructor?,0.1513,0.1795
Python,Accessing data in the same “location” as a python program via file-like objects,0.1843,0.1795
Python,Extract matching substrings in two listsIf,0.1389,0.1795
Python,"Simple misunderstanding, getting started with neural-tangents",0.2022,0.1795
Python,How to use a python function calling an external DLL with sympy non linear solver?,0.1902,0.1795
Python,How to resolve an SSL certificate error in Python 3.8?,0.1248,0.1795
Python,How to make chromedriver open chrome open as a new user in python programatically,0.1933,0.1795
Python,How to add results from pytesseract alto_xml to the original image I am using pytesseract to create searchable pdfs.,0.2648,0.1795
Python,Match text from beautifulsoup children in Python bs4,0.148,0.1795
Python,Kernel estimation python library - with leave one out optimal bandwidth,0.189,0.1795
Python,Jinja2 - Table row manipulation issue with if statement,0.1545,0.1795
Python,Is there an easier way of doing this array assignment in python/numpy?,0.1644,0.1795
Python,How to check whether a numpy.array exists or not?,0.1139,0.1795
Python,How to add values above vertical bar chart in matplotlib,0.1408,0.1795
Python,"Load TensorFlow model from .pb file Background: I have my TensorFlow model stored in a directory with the folders/files: assets, variables, and saved_model.pb.",0.3462,0.1795
Python,How to find input_shape of Convolutional Neural Network if I am trying to fit the data from pandas dataframe?,0.2477,0.1795
Python,Why some python statements in Sconstruct are not executed?,0.1558,0.1795
Python,Discord.py - unable to get members of a channel,0.1118,0.1795
Python,Chaining three pandas statementsIs it possible to chain the following three statements together into one?,0.2536,0.1795
Python,Mocking method in class that is already mocked,0.1234,0.1795
Python,"CUDNN_STATUS_INTERNAL_ERROR related to memory I am trying to run a model in keras with a large image dataset of 2k items, 3GBs approx.",0.2977,0.1795
Python,Spyder will import but cannot find package,0.1201,0.1795
Python,"aws lambda development - s3 access not working in local debug environment, only on deployed",0.2171,0.1795
Python,Automatic generate data in table when migrate in Django,0.147,0.1795
Python,Ignore unresolved reference in tensorflow.python,0.1691,0.1795
Python,"Python program works fine with cmd, when I make .exe it doens't work",0.1528,0.1795
Python,"No module named 'py2neo.internal.http' I'm trying to install py2neo in Jupyter NB, but I'm getting always this error.",0.2584,0.1795
Python,Pylint error in Visual Studio Code Python,0.1156,0.1795
Python,Calling vba macro from This Workbook using xlwings,0.1398,0.1795
Python,AES Encrypted data from python tcp server to nodejs client,0.1479,0.1795
Python,Tkinter lag at the “update” command I made a timer just to test something out.,0.1761,0.1795
Python,Test cases for two functions with different implementations but return same value,0.2066,0.1795
Python,Is there a way to customize error messages shown by PyInputPlus?,0.1579,0.1795
Python,Java client receives unexpected data from Python server,0.1602,0.1795
Python,Cannot Locate to review text in booking.com by Selenium Python I'm practicing to get reviews from booking.com where all reviews were hidden in the side bar.,0.3427,0.1795
Python,Finding certain element using bs4 beautifulSoup,0.1641,0.1795
Python,Find an element nested in a concat,0.0842,0.1795
Python,How to introduce a while loop in order to calculate monthly interest rate?,0.1764,0.1795
Python,Deleting a row from a csv(Python),0.0764,0.1795
Python,Why can't I put these 2 frames on top of each other,0.1094,0.1795
Python,pillow/PIL doesn't accurately identify the creation time of an image via getexif(),0.1929,0.1795
Python,show overfitting with sklearn & random forest,0.1464,0.1795
Python,Why is there no os.copy() under the standard os module?,0.124,0.1795
Python,Syntax for return after function,0.1091,0.1795
Python,How do I proceed to add and retrieve and compare data from MySQL database?,0.1716,0.1795
Python,Capture Windows 10 shutdown/logoff in pythonw application,0.1684,0.1795
Python,Get current InvocationId or operation_Id Is there a way to have one complete output log with custom_dimensions?,0.2593,0.1795
Python,Update a post in django with unique values in class based views,0.1501,0.1795
Python,Python Scrapy Scrapy Deprecation Warning not generation output I'm trying to do websrapping by reading a website and convert it to json.,0.3031,0.1795
Python,Comparison of each row value of a column with its each row value in a data frame from pandas using python,0.236,0.1795
Python,How do you add items before and after a specific item in a list in Python? How would I add an item in a list before a specific item within the list?,0.3283,0.1795
Python,For loop based on number of labels in target variable I am new to python and learning to work on a for loop for creating an automated bar chart.,0.3184,0.1795
Python,"ValueError: Points must be Nx2 array, got 2x5 I'm trying to make an animation and am looking at the code of another stack overflow question.",0.3077,0.1795
Python,Multiplication of sparse 3D matrix with 2D matrix,0.1357,0.1795
Python,How do I fix pip?,0.0177,0.1795
Python,New timestamp column with shift in pyspark,0.1201,0.1795
Python,How can I apply np.apply_along_axis to combination of two arrays?,0.1612,0.1795
Python,Output values or stdout of another script in text field,0.1373,0.1795
Python,Error - ValueError: The number of weights does not match the population in python 3,0.1942,0.1795
Python,Patsy Error when using stats models for regression I'm using ols in statsmodels to run a regression.,0.2279,0.1795
Python,Can asyncio.DatagramTransport.send to be starved with CPU computation?,0.1878,0.1795
Python,Set list field to None instead of str('nan') in pandas,0.1207,0.1795
Python,K Means Clustering in Python - Using make_blobs I am trying to figure out what n_features is in this make_blobs function.,0.2719,0.1795
Python,XG Boost Error: Unknown metric function mape,0.1258,0.1795
Python,Turning a frequency into a note in Python,0.103,0.1795
Python,Pandas how to calculate 2 columns in a pivot table with each other,0.1542,0.1795
Python,Python PyQt5's thread in an infinite loop makes program freeze,0.1534,0.1795
Python,how to calculate volume of irregular object in python without the any equation?,0.1914,0.1795
Python,how to use the Multi GPU _ BERT I used the following BERT code to analyze with multiple GPUs.,0.2087,0.1795
Python,How to check if message from telegram channel is image Python,0.1501,0.1795
Python,Why can't you modify attribute of a row directly in pandas,0.1344,0.1795
Python,Django sorting queryset with nested querysets in python,0.1602,0.1795
Python,install pip on windows 10 with python 2.7,0.0942,0.1795
Python,"Why is invalid_dict = {[1, 5]: 'a', 5: 23} invalid but valid_dict = {(1, 5): 'a', 5: [23, 6]} valid in python?",0.2173,0.1795
Python,"Trouble printing a Selenium Element list (TypeError: list indices must be integers or slices, not Fire fox Web Element)",0.2685,0.1795
Python,Python linked list O(1) insert/remove I am looking for a linked list and related algorithms implementation for Python.,0.2659,0.1795
Python,How to treat certain words as delimiters in nltk Python?,0.1385,0.1795
Python,How to switch column elements for only one specific row in pandas?,0.1576,0.1795
Python,How to test if Mock function was called (pytest) There is an abstract class for variables.,0.2053,0.1795
Python,How to get In Memory Uploaded File into File Field?,0.121,0.1795
Python,Pycharm: make it display a huge dict properly?,0.1177,0.1795
Python,send a post request to a website with multiple form tags using requests in python,0.1889,0.1795
Python,"flask saying 'module “flaskr.db' has no attribute 'init_app' ” I'm new to flask and i'm learning from the official tutorial, I just set up my sqlite db and templates.",0.3576,0.1795
Python,"can't convert string to datetime object in a json, without pandas?",0.1557,0.1795
Python,How can we deal both with pdb and pytest?,0.0917,0.1795
Python,“_gdbm.error: Database needs recovery” while fetching from API,0.1658,0.1795
Python,Numpy: Randomly select 9/10 elements and save remaining,0.1445,0.1795
Python,Check if columns in df contains specific set and assign value if true I have a problem with dataframe in python.,0.2512,0.1795
Python,Justify keys and values from a dict in PYTHON,0.1093,0.1795
Python,"Azure flask web app with python 3.6 runtime, unable to install tensorflow 2.x due to pip version issue",0.229,0.1795
Python,Merge rows of the same dataframe by columns,0.1112,0.1795
Python,How to access an element that open in new tab via clicking a link button using python selenium?,0.2154,0.1795
Python,Python Regular expression does not match on year month combination,0.176,0.1795
Python,python: how to recursively copy resources of installed package to disk,0.1778,0.1795
Python,numpy: How can I use matrix elements as index?,0.108,0.1795
Python,Robot Framework Webdriver Manager - Not able to get driver path when executed with other keywords,0.23,0.1795
Python,Python: access a variable in a module from another file,0.135,0.1795
Python,Errors with training a model in linear classification,0.152,0.1795
Python,Get one hot vector in Keras embedding layer,0.1112,0.1795
Python,Is there a way to figure out if an NDArray is trainable?,0.1263,0.1795
Python,scrapy import itemloaders ModuleNotFoundError: No module named 'itemloaders',0.2375,0.1795
Python,Python custom holiday is including previous year's holidays for 2022,0.1732,0.1795
Python,how to handle pygame Video Expose event,0.1066,0.1795
Python,"Python kivy : Nested scroll views I have a nested horizontal scroll view inside a vertical scroll view, I followed many links, found nothing, I need a clear scroll view so that if I scroll nested horrizontal scroll view it will scroll without disturbing the parent vertical scroll view, and if I scroll the nested horrizontal scroll view vertically then only the parent vertical scroll view will scroll! any suggestions?",0.8631,0.1795
Python,How can I convert CSV file into XML format using Python,0.1302,0.1795
Python,Error while obtaining start requests with Scrapy,0.147,0.1795
Python,Sklearn Library in Google CoLab Google CoLab contains most of the vanilla ML libraries such as numpy and matplotlib by default.,0.2861,0.1795
Python,How to correctly import module in pyhton,0.1111,0.1795
Python,Drop duplicates if timestamps are closed,0.1289,0.1795
Python,Python Pandas replace values if not in value range I would like to replace all cells of a column if each value IS NOT in a specific value range.,0.3184,0.1795
Python,Python Regex - replacing consecutive punctuation,0.1927,0.1795
Python,Ship won't stop moving left in python crash course alien invasion,0.1564,0.1795
Python,Indenting in Python 3.8 Please fix,0.0842,0.1795
Python,Remove inside brackets of a list,0.0886,0.1795
Python,"placeholder value to be changed, selenium",0.1301,0.1795
Python,"Search an element by a specific word in DOM with contains but case Insensitive, dosen't work using lower-case() XPATH 2.0 Given this element",0.3077,0.1795
Python,"Split sentence by “words”, treating multiple capital words (assumed to be proper nouns) as one",0.2172,0.1795
Python,"Python Map function, can I iterate functions, not input?",0.1432,0.1795
Python,Adding a leaflet map to PyQt5 I am new to Qt and PyQt and I appreciate it if someone can help me with this.,0.2385,0.1795
Python,"Store Shapely STRtree to a file for reuse I have an incredible amount of shapely geometry polygons, saved in a shape file.",0.2719,0.1795
Python,"CodingBat Python warmup-2 array123, one line solution won't work",0.1579,0.1795
Python,Create a dataframe from a xml file with the paths and the value,0.1453,0.1795
Python,Python: tkinter.TclError: can't invoke “label” command: application has been destroyed,0.2128,0.1795
Python,SublimeREPL pass selection and pass line not working on Windows I am trying to get sublime REPL working on a student's machine.,0.2831,0.1795
Python,How to load a Tensorflow model saved with make_image_classifier tool,0.183,0.1795
Python,"Most efficient way to make a list/array of size 500,000 with elements randomly generated from 0-15?",0.2233,0.1795
Python,How to import from custom Python modules on new Lego Mindstorms Robot Inventor,0.1901,0.1795
Python,How to change integer type when creating meshgrid with Numpy?,0.1561,0.1795
Python,Creating masks for duplicate elements in Tensorflow/Keras,0.1684,0.1795
Python,Calling function from Fortran DLL with Char as parameter I'm trying to call a function (bubblesort) from a 3rd party Fortran DLL with Python.,0.3103,0.1795
Python,How to convert a dictionary list to JSON I'm trying to peform an A/B test of two ML models and I require to parse data to the model via json.,0.3153,0.1795
Python,Cross-platform listing all Root CA certificates in python,0.1545,0.1795
Python,Trying to create subplots but keep getting ValueError message,0.1696,0.1795
Python,Python - Anova test in multiple loops In my data frame I have few categorical variables and few continuous variables.,0.2648,0.1795
Python,how to split a dataframe based on the unique channel name for graph plotting,0.179,0.1795
Python,Solve Captcha Using Selenium Python,0.1265,0.1795
Python,How to adapt Tkinter Sqlite to Mysql?,0.0944,0.1795
Python,How to extract data from a txt file with Special Charactors?,0.1447,0.1795
Python,Special Characters to list in python,0.1087,0.1795
Python,The right way to declare choices for django-form,0.1206,0.1795
Python,Trying to create for loop which iterates through each item in a list to find any matches in a separate list and then replace the match,0.2977,0.1795
Python,Python-searching data frame for words in a list with special characters.,0.1765,0.1795
Python,Moving image in python tkinter I am writing a simple program in which I want the (ball image png) to bounce off the walls.,0.2695,0.1795
Python,"Timeout Exception(message, screen, stacktrace) selenium.common.exceptions.TimeoutException: Message:I use this line code to wait until product_id appear",0.3445,0.1795
Python,Py Simple GUI sg.Radio button error: __init__() missing 1 required positional argument: 'group_id',0.2323,0.1795
Python,Error present in Tensorboard: TypeError: unsupported operand type(s) for -: 'str' and 'int' I'm trying to use TensorBoard for creating insights during model training.,0.3567,0.1795
Python,Subclassing sklearn Linear SVC for use as estimator with sklearn Grid Search CV,0.1931,0.1795
Python,Upload files from Javascript to cherrypy I'm trying to upload generic file to my cherrypy web server.,0.2304,0.1795
Python,cannot click element despite switching to i frame,0.1357,0.1795
Python,faster way to do spline interpolation in python,0.1275,0.1795
Python,Is mixing a class and a function based views in Djago an acceptable practice?,0.1802,0.1795
Python,find in list and remove text,0.0684,0.1795
Python,"When using Pandas .to_html(), can I apply a background_gradient colormap using custom fomatters?",0.2352,0.1795
Python,How to load tflite weights in Raspberry Pi,0.1071,0.1795
Python,Can not merge pandas dataframe using loop for many times I have 4218 users id.,0.1791,0.1795
Python,PySpark: Length of object does not match with length of fields - creating new schema,0.197,0.1795
Python,I want to print odd number using Python,0.0948,0.1795
Python,How to insert multiple arguments into the discord bot command python,0.1732,0.1795
Python,Inserting Elements of 1D array to specific location in 2D array,0.1567,0.1795
Python,How to create code that will show prime numbers correctly in Python?,0.1639,0.1795
Python,How to copy folders with same names recursively to another folder in Google Colab,0.1933,0.1795
Python,"Conditional Django form validationFor a Django project, I have a customized User model",0.2123,0.1795
Python,in kivy Popup automatically dismisses once check box becomes active I have a problem in kivy.,0.2162,0.1795
Python,how to fill contours in python,0.0785,0.1795
Python,Why is the output half of what it should be?,0.0963,0.1795
Python,"Subtract from dict (python) until value is reached I am new to using dict, and would like to subtract from the dict until I have reached a set value.",0.3261,0.1795
Python,Scrape javascript hidden link with python and Beautiful soup I try to scrape data from this page,0.2219,0.1795
Python,Connection reset by peer in Python when socket listen backlog is small,0.1721,0.1795
Python,Pandas: Bar plot using sum of rows,0.0809,0.1795
Python,Sum a List of Dataframes by Column Number I have a list of 5 dataframes each with 9 columns and 15000 rows.,0.2388,0.1795
Python,Bitcoin core on osx and bitcoinlib socket error,0.1275,0.1795
Python,Noob python if statement running when false,0.1246,0.1795
Python,Tex Soup unable to replace command inside another command,0.1545,0.1795
Python,How to remove items from a list while iterating?,0.1181,0.1795
Python,Getting a JSON value with Python I'm trying to get the malicious value from a JSON string.,0.2029,0.1795
Python,Webscraping POST requests with a load more button I'm trying to webscrape comments from a website.,0.2257,0.1795
Python,Permission Denied [Errno 13] temp file python,0.1271,0.1795
Python,Replacing Nested If Statements in Python,0.1289,0.1795
Python,How to implement derivatives for back propagation in a user defined neural_net class when using numpy arrays to store the weights and other data?,0.3217,0.1795
Python,How to make a code exclude a word in a list of numbers,0.1183,0.1795
Python,How do I reset or replace a function in a class used with inheritance method after using it?,0.2079,0.1795
Python,how to bring same category columns under a single header in a pandas dataframe?,0.186,0.1795
Python,maximum Frequency in a list,0.0802,0.1795
Python,Why is this statement false in python 3.0?,0.0955,0.1795
Python,How to randomly select fixed number of rows (if greater) per group else select all rows in pandas?,0.2204,0.1795
Python,Inserting items into list at correct index,0.1201,0.1795
Python,Unable to locate element by xpath using Selenium with Python I am creating a Selenium bot in Python.,0.2279,0.1795
Python,Variable not define newbie in PythonI made a menu to play a game in python.,0.1708,0.1795
Python,Matplotlib ion is not working in ubuntu terminal I need a non blocking interactive matplotlib plot.,0.2321,0.1795
Python,Scipy - How to fit this beta distribution using Python Scipy Curve Fit I am fairly new to curve_fit with scipy.,0.2481,0.1795
Python,Why is my canvas image not showing using Tkinter and Pillow?,0.1447,0.1795
Python,How to add a selected item from a Q Combo to Q List Widget when you click an item from Q Combo,0.2102,0.1795
Python,How to merge some rows of a CSV based on conditions?,0.1182,0.1795
Python,python cut between partitioned column results I use below code in Spark-scala to get the partitioned columns.,0.2505,0.1795
Python,“init_dgelsd failed init” When using import numpy as np I am trying to run this simple code,0.2063,0.1795
Python,Exponential curve fitting of pandas data in python,0.1398,0.1795
Python,"I'm returning a defaultdict(list), but randomly choosing between the two, why does it return nothing sometimes?",0.2517,0.1795
Python,How to iterate over a list and append all the results to an array,0.1475,0.1795
Python,Is it possible to groupby-aggregate a column based on another column?,0.167,0.1795
Python,Selenium Python: How to Explicit Wait for the logs to load?,0.1393,0.1795
Python,Arrows on axes matplotlib I have a question: How can I create arrows on axes xyz on 3D graphics?,0.2148,0.1795
Python,Anybody know how to only get pictures and not videos using the instaloader package on python?,0.2162,0.1795
Python,What's the meaning of “a trimmed down value for PATH env var” in the Anaconda release notes?,0.2054,0.1795
Python,Printing singular/plural depending on dictionary value,0.174,0.1795
Python,I have a code that detects if the sentence inputted is a Palindrome or not.,0.1708,0.1795
Python,How do I make a macOS app out of my Python program?,0.1106,0.1795
Python,CPLEX can't find a solution if I use binary vabriables,0.1269,0.1795
Python,Python/gql package - Using Graph QL to update GitHub Repository Branch Protection Rules,0.2135,0.1795
Python,django form query set for image URL,0.0887,0.1795
Python,UnknownError: Failed to rename,0.1227,0.1795
Python,"Apply transformation only on string columns with Pandas, ignoring numeric data",0.2042,0.1795
Python,Converting rows of the same group to one single row with Dask Dataframes,0.1722,0.1795
Python,Factory for Generic types,0.0937,0.1795
Python,Sorting out the Correlation Matrix in range in Excel or in Jupyter,0.1595,0.1795
Python,Recursive solution for checking if 2 trees are identical: Is memoization possible?,0.2059,0.1795
Python,How to get data from a website using python selenium,0.1268,0.1795
Python,"MARS feature importance returns null I have been using the Py-earth model, the url can be found here",0.2258,0.1795
Python,python pandas aggregate transaction data into timeframes by customer,0.196,0.1795
Python,How to fetch list of all change number based on project and branch specified using rest API?,0.2103,0.1795
Python,Trouble to extract compound nouns including hyphens in NLP Background and Goal,0.1972,0.1795
Python,No result in the table after executing INSERT in Python SQLite I used Python and the package SQLite to create table and insert data into the table.,0.324,0.1795
Python,How to efficiently use Pool.starmap when the function requires a large data structure as an argument?,0.2335,0.1795
Python,Updating a JSON file's key value I have a json file,0.1125,0.1795
Python,"Error: “could not be scrolled into view”, wait_until_clickable doesn't work I got a Python script that parses a website on Tor.",0.2802,0.1795
Python,How to print characters before the first hyphen? How do I print only the characters before the first hyphen in serial Number?,0.2787,0.1795
Python,"Given edges, how can find routes that consists of two edges in a vectorised way?",0.1831,0.1795
Python,pathfinding simulation in pygame with slow animation,0.165,0.1795
Python,pandas: remove rows if condition is met I have a dataframe like,0.1482,0.1795
Python,Python/Flask : Is there a way generate a password prompt instead of making a whole user plateform?,0.2231,0.1795
Python,Dask DataFrames vs numpy.memmap performance,0.144,0.1795
Python,Рow to add data from another table pandas,0.103,0.1795
Python,How to iterate through pandas data frame that meet some condition and append those rows to new data frame?,0.2404,0.1795
Python,How to choose between empty values or NULLs in a Django model with a UniqueConstraint based on two fields where one of them is optional?,0.3013,0.1795
Python,"Unable to install PyBluez in windows 10 on python 3.8 When I try to install PyBluez on my PC, it displays to an error as shown below.",0.2945,0.1795
Python,Binary using pyinstaller is not working for python selenium automation on Raspberry pi?,0.2153,0.1795
Python,lambda if with list of numbers in python,0.0989,0.1795
Python,Compiling with Cython using OpenMP on macOS,0.1246,0.1795
Python,Selenium Python getting around “Open <…>.app?,0.1313,0.1795
Python,How to remove unwanted characters in python,0.1246,0.1795
Python,How to visualize a dataset not read using pandas,0.1206,0.1795
Python,Tensorflow saver.restore() not restoring my model check points,0.1683,0.1795
Python,Extract List from Lists and Print each List with a new format - Python 3.6,0.1666,0.1795
Python,"Running a class in CMD I am very new to python so please try keep answers very simple, as I struggle to understand the answers on similar questions.",0.3253,0.1795
Python,Python Pandas: Removing 0 days suffix from time column I have a data frame that contains column time.,0.2292,0.1795
Python,Model predicting robot offsets not learning,0.144,0.1795
Python,How do I filter the words out of this dataframe?,0.1104,0.1795
Python,Predicting results on unknown data in a k fold validation model python,0.1721,0.1795
Python,execute_values from psycopg2.extras is throwing “IndexError: list index out of range” when I try to load data,0.248,0.1795
Python,Unable to add TKInter value to MySQL table I am trying to add records to a Mysql table using python query.,0.2373,0.1795
Python,SQLAlchemy creating a backref on a single table inheritance subclass?,0.1843,0.1795
Python,Convert one ascii art To a photo with python,0.1055,0.1795
Python,Investigating relationships between device communication timings,0.2497,0.1795
Python,STT Unity with Azure Speech SDK for Audio Streams I'm trying to implement the SST from Azure Speech SDK in a Unity mobile app.,0.2798,0.1795
Python,Problem not running GNS3 on Ubuntu 19.10 due to an error,0.1282,0.1795
Python,How to test multiple variables against a value?,0.1247,0.1795
Python,How do I mock a flask decorator @login_required for my unit tests?,0.1557,0.1795
Python,Cassandra No Host Available mistake I've just created two Cassandra clusters through Docker.,0.2232,0.1795
Python,pyqt “Item Ignores Parent Opacity” Flag being ignored I've taken the time to do a Minimal Reproducible Example of my issue.,0.2731,0.1795
Python,Finding indices of first non-zero items in a list,0.1162,0.1795
Python,Tkinter : Justifying two frames side by side,0.1226,0.1795
Python,Renaming a name space's prefix,0.0785,0.1795
Python,What to use instead of * and / in Python to avoid ValueError?,0.1397,0.1795
Python,"Socket programming, print function not working on server code",0.1671,0.1795
Python,"Problems validating String I'm currently doing a kata on codewars, where I have to check if a String is valid.",0.2455,0.1795
Python,Pandas Dataframe check if a value exists using regex,0.1357,0.1795
Python,using itemgetter to get the max of a list of objects,0.1203,0.1795
Python,Better way to record and count different type of error?,0.135,0.1795
Python,Python exe- API call for chromedriver download fails over client VPN I have made an automation application using python and selenium.,0.2989,0.1795
Python,List of correct urls not displayed in browser when in django debug mode,0.1692,0.1795
Python,Query max value How can I query the employment with the highest salary from each department,0.2122,0.1795
Python,Python Django how to interact and link from one app to another?,0.1482,0.1795
Python,Different color for each populations in cmap,0.1291,0.1795
Python,Save file while keeping the same formatting in pandas,0.1394,0.1795
Python,No reverse match django with slug_pattern,0.1339,0.1795
Python,Python regular expression file name match,0.1339,0.1795
Python,How would I get readeable text from webpage using selenium and python,0.1689,0.1795
Python,How to add a list of values to a list of nested dictionaries?,0.1375,0.1795
Python,How to convert number indexes into months and display them onto a plot without changing the structure of a plot in python?,0.2729,0.1795
Python,Python function that creates max number from list of numbers I want to make a function that creates max number from list of numbers.,0.2932,0.1795
Python,Is my code correct for building a Deep Neural Network Code?,0.1414,0.1795
Python,Missing optional dependency 'gcsfs'.,0.1529,0.1795
Python,MS Edge (Chromium) - Cannot use Selenium WebDriver,0.143,0.1795
Python,how to return only the True values?,0.0854,0.1795
Python,Multidimensional LSTMI'm having a problem to make at least one functional machine learning model,0.2303,0.1795
Python,minimization Converging to negative infinity despite constraints,0.2189,0.1795
Python,Using custom trained Yolov3 weights to label new images I've recently trained a custom yolov3 model to recognize animals.,0.2742,0.1795
Python,Timeout on a function call I'm calling a function in Python which I know may stall and force me to restart the script.,0.2626,0.1795
Python,"CMU SPHINX - “lda.c”, line 127: LDA matrix dimension 30 doesn't match feature stream size 39",0.2036,0.1795
Python,The `object.from` attribute,0.0962,0.1795
Python,"Python changing command line argument with a script I'm new to coding so this ""obvious"" action isn't really obvious to me.",0.2699,0.1795
Python,Python async await with timed loop I have a Python program that requests data from several API's then runs some machine learning over the data with intensive performance.,0.371,0.1795
Python,Trying to open chrome on my profile with selenium in python 3.8,0.1453,0.1795
Python,"How can I put this in a loop, tried using a while loop at the beginning but I would get the wrong output",0.2318,0.1795
Python,Python how to get a word in string via specified character?,0.1414,0.1795
Python,How to find the top three features of every principal component using pandas?,0.1854,0.1795
Python,I get different values from the same array when I chose only one item,0.1589,0.1795
Python,How to apply regex over all the rows of a dataset?,0.1116,0.1795
Python,Create dataframe serie from the prediction of a neural network I am using a neural network.,0.2108,0.1795
Python,Python “ModuleNotFoundError: no module named 'numbers'” I was trying to install and use numpy for a project that I am working on and got the error,0.3187,0.1795
Python,"Prove Euler's theorem with Sympy I am trying to use Sympy for this problem, however I'm having some trouble with the code.",0.2704,0.1795
Python,PPO: Intuitive explanation of the Generalized Advantage Estimator,0.1982,0.1795
Python,"jupyter notebook Plotly importing problem While importing the plotly , I am getting an error",0.2216,0.1795
Python,using random to flip coins and it whont work,0.1055,0.1795
Python,How does (DataFrame - Groupby) match rows?,0.12,0.1795
Python,How to save Ycbcr numpy array to an image without changing its array points?,0.1774,0.1795
Python,Drop the chunks that doesn't equal to n parts,0.1021,0.1795
Python,Python - construct set with for loop Saw this code on leetcode and don't get what it does or how it works.,0.2344,0.1795
Python,"Comparing pandas rows that have identical values in columns, and then group by the unique id",0.2135,0.1795
Python,Python Class Variables' scope?,0.117,0.1795
Python,How to assign pandas.Series label/header to variable?,0.1369,0.1795
Python,Pivot Table Horizontal Alignment Python,0.1497,0.1795
Python,Pandas OLS Random Effects model - weird prediction values I am trying to create a RE-model using Pandas.,0.2354,0.1795
Python,if characters in word then do an action only once,0.1162,0.1795
Python,How to show with python current day in label,0.1055,0.1795
Python,"Disowning a python script run via ssh that runs another script Background: I'm developing a discord bot named Excalibur, and I made a bash command to send files to a remote machine (an old Chromebook, dev mode) that's hosting the bot.",0.5009,0.1795
Python,How to make class instances not look like '<__main__.Animal at 0x1f053e6abc8>,0.1883,0.1795
Python,"Generate groups of people I have a dataframe which represents people, and their two wishes to belong to a working group (there are 5 working groups, and they must be separated. For that, they state 2 wishes).",0.4448,0.1795
Python,python selenium geckodriver - executable needs to be in PATH / how to install on armbian buster,0.2215,0.1795
Python,Commiting new changes to Gunicorn + Nginx + Django dockerized application in server,0.2146,0.1795
Python,String split with exceptions I am splitting strings to rows by using comma as a delimiter.,0.2082,0.1795
Python,"Search on Splunk via Python SDK I'm trying to run simple search via Python SDK (Python 3.8.5, splunk-sdk 1.6.14).",0.2491,0.1795
Python,converting currency with $ to numbers in Python pandas,0.1504,0.1795
Python,Is there a fast way to get all neighbor elements in a list?,0.1315,0.1795
Python,"Can Python validate if a string represents a file or folder path, and if so, if that file or folder actually exists on-disk?",0.2738,0.1795
Python,"How to assign variables to tkinter buttons, to pass to a function",0.1545,0.1795
Python,Spyder omitting index on dataframe pandas python,0.147,0.1795
Python,Split on more than one space?,0.0697,0.1795
Python,Is there a way to do rolling percentage in pandas with three columns?,0.1615,0.1795
Python,How does one can determine the runtime of the following algorithm,0.1633,0.1795
Python,Pandas transform dataframe using groupby when count of a string in a column is maximum,0.2027,0.1795
Python,matplotlib imshow(aspect='auto') produces rows of non-uniform height The basic imshow plot,0.2142,0.1795
Python,Trying to override a get_query set in a view class Owner,0.1335,0.1795
Python,Regex: How to capture a sequence of 6-12 digits that may be separated by spaces without capturing any trailing space,0.2605,0.1795
Python,How to treat output arguments like char** array in python?,0.141,0.1795
Python,"ERROR: Failed building wheel for cryptography Hey guys I was installing ""channels""",0.204,0.1795
Python,Correcting TypeError: object of type 'float' has no len(),0.1419,0.1795
Python,cv2 triangulate Points always returns same Z value I am trying to get 3D points using cv2.triangulate Points but it always returns almost same Z value.,0.3324,0.1795
Python,How to find point where an unlinear function equals zero,0.1408,0.1795
Python,How to extract hours from datetime in a pyspark dataframe?,0.1456,0.1795
Python,Pass decorator argument to inner function I am continuing learning python.,0.191,0.1795
Python,Merging with filling up values (missing entries / indexes),0.1611,0.1795
Python,requirements.txt file in heroku I made a telegram bot in python that scraps a website for anime updates.,0.2355,0.1795
Python,How do I arrange several figures in a 3d axis with python?,0.1325,0.1795
Python,Updating value in column,0.0868,0.1795
Python,How can I convert inRange in cv2 to PIL? How can I convert inRange in cv2 to PIL?,0.1791,0.1795
Python,Delete subelement from xml file in python,0.1156,0.1795
Python,How come I can't import nltk even it's already installed successfully?,0.1644,0.1795
Python,Making a stacked bar chart in pandas seaborn,0.1153,0.1795
Python,Python: How to print all numbers except the multiples of 3,0.1381,0.1795
Python,"I have a client code, and a server code in python.",0.1095,0.1795
Python,Tensorflow Object Detection : Calculate distance between bounding Box and Alert areaI am capturing my video using CV2 and defining the Region of interest in the video frame,0.3753,0.1795
Python,Python code completion IntelliSense using Singularity container interpreter,0.2419,0.1795
Python,overlapping y axis label in seaborn heat map how to spread out the cells further without creating any white borders in between?,0.2843,0.1795
Python,How do I add both event and root to callback in python tkinter?,0.1435,0.1795
Python,Using Visual Studio Resource Editor with Python project,0.1602,0.1795
Python,How to get values in a column of dictionary-like string?,0.1314,0.1795
Python,"Loop through csv, write new values to csv Introduction",0.1407,0.1795
Python,Can't use MagicMock while in await expression using mocker.patch.object I have a fixture that mocks a non async function.,0.2706,0.1795
Python,"No Reverse Match at / Reverse for 'course_detail' with arguments '('',)' not found.",0.196,0.1795
Python,Reference my tkinter label object using a function outside of the class,0.1752,0.1795
Python,"“ValueError: shapes (1,4) and (1,4) not aligned: 4 (dim 1) != 1 (dim 0)” but array sizes are the same",0.2105,0.1795
Python,"For repeated rows in Dataframe column of nested lists, group and replace other column with power set",0.2309,0.1795
Python,The While statement stop at four,0.0886,0.1795
Python,How to resolve a HTTP/1.1 POST 405 Method Not allowed error I'm building a webpage and am currently stuck on the login page section of the code.,0.3191,0.1795
Python,Allow PHP to run the Python interpreter like root on Linux,0.1401,0.1795
Python,Why is if statement returning False?,0.1049,0.1795
Python,Why is converting from an integer to digits through str() faster than a pure Python implementation?,0.2293,0.1795
Python,Installation of simple transformers without using conda,0.1785,0.1795
Python,HTTP 406 Not Acceptable client error when using urlopen,0.147,0.1795
Python,How to avoid pandas class overriding?,0.11,0.1795
Python,I always get a “Deprecation Warning” when using Selenium in Python,0.1625,0.1795
Python,Detect when a widget change from visible to invisible or the opposite,0.1689,0.1795
Python,What is a good way to create a simple database to store and load a random number of high-dimensional numpy arrays?,0.2547,0.1795
Python,Python numpy produces wrong eigenvalues and eigenvectors in my computer,0.1936,0.1795
Python,How to include sub-packages in a Python package,0.1168,0.1795
Python,Detecting outliers in a Pandas Series I have a sample series which I am including here for reproducible,0.2367,0.1795
Python,"Is it possible to set button state with dynamic name call using getattr and dictionary keys (Python 2.7, Tkinter)?",0.2541,0.1795
Python,I'm using python-social-auth but my app isn't logging out when the user logs out of Google,0.2016,0.1795
Python,Download Sentinel SL_1_LST images from Copernicus I've done a script for downloading data from Sentinel-3 Copernicus with python.,0.2932,0.1795
Python,when running an alembic revision I get an import error I have the below folder structure.,0.2055,0.1795
Python,Groupby based on a multiple logical conditions applied to a different columns DataFrame,0.217,0.1795
Python,Coefficient matrix in Sage Math I am relatively new to Sagemath (and so with Python).,0.1954,0.1795
Python,"Bring a tensor in a (None,a,b) form in tensorflows functional API",0.1477,0.1795
Python,"Django - Using get_readonly_fields but getting 'NoneType' object is not iterable' when adding new recordhere's the thing, if the X field (non required) has a value then none of the others fields can be edited (when editing).",0.4721,0.1795
Python,Python formatter Black throws flake8 error multiline SQL string,0.1771,0.1795
Python,Python - does deep copy() creates another copy of Class/Static variables in memory?,0.1963,0.1795
Python,Connecting to Google Sheets using pygsheets I am using pygsheets to connect to Google Sheets and authorizing the link.,0.2697,0.1795
Python,How to measure prepared statements memory size in Python?,0.152,0.1795
Python,instaPy login issue I am trying to login to instagram over this python code but everytime it just open browser but it doesnt fill login inputs.,0.3158,0.1795
Python,psycopg2 executemany continue insert and get only exception record id I am using psycopg2 to insert multiple rows at once on my Postgres table.,0.3173,0.1795
Python,locate All On Screen finds the same image more than once,0.1335,0.1795
Python,Why does matplotlib plot linearly in this case?,0.1247,0.1795
Python,Hyperparameter tuning with Grid Search with various parameters I'm conducting hyperparameter tuning of a neural network.,0.2825,0.1795
Python,Handling batch normalization layers during fine-tuning (trainable vs training) I have created a CNN in Keras as shown below.,0.2791,0.1795
Python,how to make a list that has different time attached to each object?,0.1555,0.1795
Python,How can I change the colour of a button when clicked at runtime?,0.1465,0.1795
Python,Random password access to webpages on Chrome,0.1291,0.1795
Python,I'm trying to work in localhost(windows 10) but the s.accept() not responding,0.1733,0.1795
Python,How to extract all type of date formats from text,0.1162,0.1795
Python,insert and join in Access database using pyodbc I have a MS access DB and want to work with it from Python.,0.2388,0.1795
Python,How to return a list with the last item of the list repeated?,0.1375,0.1795
Python,Evaluating list with operators,0.1284,0.1795
Python,How to add categorical variable to dataframe?,0.1303,0.1795
Python,Renaming and moving channel to a different category with a command,0.1666,0.1795
Python,Why does my while loop not enter the if statement inside it?,0.1388,0.1795
Python,"How can I find the next day that will be a certain weekday (the next time it will be Monday, for instance)?",0.2357,0.1795
Python,"Collect tweets in a specific time period in Tweepy, until and since doesn't work",0.1846,0.1795
Python,How to extract only the text inside a given class or tag using BeautifulSoup?,0.1802,0.1795
Python,Get last message/s from Telegram channel with Python,0.1357,0.1795
Python,Obtain certain text from Python String after every colon,0.1508,0.1795
Python,My Python code is not printing the result after completion in my def statement. What is the issue?,0.2217,0.1795
Python,Issues with Rest API authentication using oAuth2 using Python,0.1696,0.1795
Python,How can i import cv2 on python 3.8 I am tryin to do a project that requires cv2 module.,0.1933,0.1795
Python,Stacking two 3D numpy arrays along the median of the z-axis and keep the size of the smaller array,0.2206,0.1795
Python,Pygmentized json data conversion to html in Python Is it possible to convert a pygmentized json to an html code in Python?,0.2729,0.1795
Python,Detecting integer overflow in numpy ndarray I want to detect overflow in integer operations of numpy ndarray.,0.2541,0.1795
Python,Faster optimization for for-loops I am doing this exercise,0.1479,0.1795
Python,"I can't import openpyxl in visual studio code I used the command pip3 install openpyxl, but I'm still getting the error, unresolved import 'openpyxl'.",0.3272,0.1795
Python,How do I properly import modules from custom packages into an AWS Lambda function?,0.1946,0.1795
Python,How to delete all the items in the dynamodb with boto3,0.1269,0.1795
Python,How can I plot ROC curves for a multi-class problem I am trying to reproduce ROC curves for a multi-class prediction (Iris dataset - 3 classes) problem.,0.3311,0.1795
Python,How to speedup the delay of the pressed signal of Q Push Button compared to Key Press event in Qt/ PyQt?,0.2315,0.1795
Python,Nested environments in pipenv and pycharm,0.1339,0.1795
Python,How to stop a generator once target is matched?,0.1143,0.1795
Python,Multi-level treemap in Plotly I am trying to build a treemap in my dash application.,0.1922,0.1795
Python,A `Concatenate` layer requires inputs with matching shapes except for the concat axis Keras I am new to deep learning and coding.,0.2868,0.1795
Python,Errors in training VAE with Tensorflow and switching to PyTorch,0.1654,0.1795
Python,cannot add my data to mysql using tkinter i'm adding data into mysql using tkinter,0.1883,0.1795
Python,How do I save a message to database in consumers.py I followed the channels documentation to create a chat app.,0.2489,0.1795
Python,How do I print a variable which is multiline string in the body of email in python,0.1858,0.1795
Python,Python Threading Index Error (out of range) I am trying to run multiple threads with tweepy but it gives me every (Index Error list is out of range) How do I fix this?,0.3642,0.1795
